posting_id,source,title,role,company,location,posted_date,contract_time,contract_type,salary_min_pln,salary_max_pln,salary_is_predicted,work_mode,url,salary_avg_pln
adzuna_5879136999,adzuna,Data Analyst @ DCG,Data Analyst,DCG,Polska,2026-09-11,full_time,,,,False,onsite/unspecified,https://www.adzuna.pl/land/ad/5879136999?se=ejSsl2--8RGj4ahyJ5qRKw&utm_medium=api&utm_source=d69e57de&v=1573B699C579FE4B77918E974430E5237C4DF583,
adzuna_5890063533,adzuna,Data Analyst @ Scalo,Data Analyst,Scalo,"Warszawa, mazowieckie",2026-09-19,full_time,,,,False,onsite/unspecified,https://www.adzuna.pl/land/ad/5890063533?se=ejSsl2--8RGj4ahyJ5qRKw&utm_medium=api&utm_source=d69e57de&v=8ABB87B763F5931DFADDF15F6D66416031E7D0D8,
adzuna_5837574861,adzuna,Data Analyst @ Scalo,Data Analyst,Scalo,"Warszawa, mazowieckie",2026-08-12,full_time,,,,False,onsite/unspecified,https://www.adzuna.pl/land/ad/5837574861?se=ejSsl2--8RGj4ahyJ5qRKw&utm_medium=api&utm_source=d69e57de&v=549100BE24F08874791711C0C30ADC660489E10A,
adzuna_5845835260,adzuna,Data Analyst (CRM) @ OBI,Data Analyst,OBI,"Katowice, śląskie",2026-08-18,full_time,,,,False,onsite/unspecified,https://www.adzuna.pl/land/ad/5845835260?se=ejSsl2--8RGj4ahyJ5qRKw&utm_medium=api&utm_source=d69e57de&v=84639A3280FCC0035D2B03EEBADA7F16DFAA4DA9,
adzuna_5903298425,adzuna,Regulatory Data Analyst @ DCG,Data Analyst,DCG,"Gdańsk, Trójmiasto",2026-09-30,full_time,,,,False,onsite/unspecified,https://www.adzuna.pl/land/ad/5903298425?se=ejSsl2--8RGj4ahyJ5qRKw&utm_medium=api&utm_source=d69e57de&v=32CEF202799C4D82EAB2F03FD8C52E33F157EABC,
adzuna_5894628495,adzuna,Regulatory Data Analyst @ DCG,Data Analyst,DCG,Polska,2026-09-23,full_time,,,,False,onsite/unspecified,https://www.adzuna.pl/land/ad/5894628495?se=ejSsl2--8RGj4ahyJ5qRKw&utm_medium=api&utm_source=d69e57de&v=F5B2E501E2E92FDC03C0EA96EF5EFBA00C37D5B0,
adzuna_5719936223,adzuna,Data Analyst @ Verita HR,Data Analyst,Verita HR,"Kraków, małopolskie",2026-05-06,full_time,,25000.0,29000.0,False,onsite/unspecified,https://www.adzuna.pl/land/ad/5719936223?se=ejSsl2--8RGj4ahyJ5qRKw&utm_medium=api&utm_source=d69e57de&v=6242BD26FF14053D319BC8169499C3E7D47FBF67,27000.0
adzuna_5766198211,adzuna,BI/Data Analyst @ Innowise,BI Developer,Innowise,Polska,2026-06-17,full_time,,,,False,onsite/unspecified,https://www.adzuna.pl/land/ad/5766198211?se=ejSsl2--8RGj4ahyJ5qRKw&utm_medium=api&utm_source=d69e57de&v=E879815EB88959A8F0053695182518302ABE2A57,
adzuna_5834199195,adzuna,HR Data Analyst @ Antal,Data Analyst,Antal,"Wrocław, dolnośląskie",2026-08-09,full_time,,,,False,onsite/unspecified,https://www.adzuna.pl/land/ad/5834199195?se=ejSsl2--8RGj4ahyJ5qRKw&utm_medium=api&utm_source=d69e57de&v=1F3DE7FF591548A6F9937EEF88EACC496900651C,
adzuna_5829232870,adzuna,Data Analyst - Process Mining,Data Analyst,BNP Paribas SA oddział w Polsce,"Warszawa, mazowieckie",2026-08-05,,,,,False,onsite/unspecified,https://www.adzuna.pl/land/ad/5829232870?se=ejSsl2--8RGj4ahyJ5qRKw&utm_medium=api&utm_source=d69e57de&v=3B23A47F7CBF334745FB7345B54DBD81E0F0E10B,
adzuna_5845835227,adzuna,Data Analyst (Digital Commerce) @ OBI,Data Analyst,OBI,"Katowice, śląskie",2026-08-18,full_time,,,,False,onsite/unspecified,https://www.adzuna.pl/land/ad/5845835227?se=ejSsl2--8RGj4ahyJ5qRKw&utm_medium=api&utm_source=d69e57de&v=4FB2DA9FC7C2D9832AB960DE82CFFD3DB857A413,
adzuna_5850362813,adzuna,Business Data Analyst (ServiceNow) @ Capgemini,Data Analyst,Capgemini,Polska,2026-08-21,full_time,,,,False,onsite/unspecified,https://www.adzuna.pl/land/ad/5850362813?se=ejSsl2--8RGj4ahyJ5qRKw&utm_medium=api&utm_source=d69e57de&v=0F265FBCB79A5F22960C652007C9F5081BA002F3,
adzuna_5902291931,adzuna,Data Analyst - IT Contracting @ Michael Page,Data Analyst,Michael Page,Polska,2026-09-29,full_time,,,,False,onsite/unspecified,https://www.adzuna.pl/land/ad/5902291931?se=ejSsl2--8RGj4ahyJ5qRKw&utm_medium=api&utm_source=d69e57de&v=8A5DF2F50DA4A72F9C7E0E3EB91ABBA392CD33A0,
adzuna_5899052880,adzuna,Data Analyst @ Xebia sp. z o.o.,Data Analyst,Xebia sp. z o.o.,Polska,2026-09-26,full_time,,,,False,onsite/unspecified,https://www.adzuna.pl/land/ad/5899052880?se=ejSsl2--8RGj4ahyJ5qRKw&utm_medium=api&utm_source=d69e57de&v=177958AF9181C2162279A41D64653847352B46FB,
adzuna_5759280503,adzuna,Data Analyst @ Mindbox Sp. z o.o.,Data Analyst,Mindbox Sp. z o.o.,"Kraków, małopolskie",2026-06-11,full_time,,,,False,onsite/unspecified,https://www.adzuna.pl/land/ad/5759280503?se=ejSsl2--8RGj4ahyJ5qRKw&utm_medium=api&utm_source=d69e57de&v=6A6BD24F79256E91D26A9DD2896555521E7D042F,
adzuna_5570657527,adzuna,Technical Business Data Analyst @ Verita HR,Data Analyst,Verita HR,"Kraków, małopolskie",2026-01-07,full_time,,24000.0,28500.0,False,onsite/unspecified,https://www.adzuna.pl/land/ad/5570657527?se=ejSsl2--8RGj4ahyJ5qRKw&utm_medium=api&utm_source=d69e57de&v=EB22D12667F118482D382E0586F294D96001D501,26250.0
adzuna_5871267994,adzuna,Data Analyst (Python / SQL / Azure Databricks) @ Antal,Data Engineer,Antal,"Kraków, małopolskie",2026-09-05,full_time,,,,False,onsite/unspecified,https://www.adzuna.pl/land/ad/5871267994?se=ejSsl2--8RGj4ahyJ5qRKw&utm_medium=api&utm_source=d69e57de&v=1BCB7E3D8EB37E6C82EB066A8522F53F6EF73B30,
adzuna_5871267960,adzuna,Data Analyst - Cryptography @ Mindbox Sp. z o.o.,Data Analyst,Mindbox Sp. z o.o.,"Kraków, małopolskie",2026-09-05,full_time,,,,False,onsite/unspecified,https://www.adzuna.pl/land/ad/5871267960?se=ejSsl2--8RGj4ahyJ5qRKw&utm_medium=api&utm_source=d69e57de&v=2E778487849B3B7F5314E6A1ADFFF2B61AF2ECA3,
adzuna_5843808561,adzuna,Control Data Analyst @ Mindbox Sp. z o.o.,Data Analyst,Mindbox Sp. z o.o.,"Kraków, małopolskie",2026-08-16,full_time,,,,False,onsite/unspecified,https://www.adzuna.pl/land/ad/5843808561?se=ejSsl2--8RGj4ahyJ5qRKw&utm_medium=api&utm_source=d69e57de&v=DE44E06F6058167FC66613F0425A0EE4B6F8597A,
adzuna_5906882669,adzuna,"Business Data Analyst @ AVENGA (Agencja Pracy, nr KRAZ: 8448)",Data Analyst,AVENGA,Polska,2026-10-02,full_time,,,,False,onsite/unspecified,https://www.adzuna.pl/land/ad/5906882669?se=ejSsl2--8RGj4ahyJ5qRKw&utm_medium=api&utm_source=d69e57de&v=E84997A1A508B72F1293A8FB56E35CD8334D50F3,
adzuna_5893454709,adzuna,Data Analyst with Dataiku / Talend / Alteryx @ Link Group,Data Analyst,Link Group,"Kraków, małopolskie",2026-09-22,full_time,,,,False,onsite/unspecified,https://www.adzuna.pl/land/ad/5893454709?se=ejSsl2--8RGj4ahyJ5qRKw&utm_medium=api&utm_source=d69e57de&v=0FCA73496F320152BA774D13AF59797C5F44A509,
adzuna_5790474271,adzuna,"Data Analyst (Process Mining, Celonis, KYP.ai) @ Capgemini",Data Scientist,Capgemini,Polska,2026-07-07,full_time,,,,False,onsite/unspecified,https://www.adzuna.pl/land/ad/5790474271?se=ejSsl2--8RGj4ahyJ5qRKw&utm_medium=api&utm_source=d69e57de&v=CBC2635A76DF41A36DED0B24E3CD264FAC8F97C6,
adzuna_5890063537,adzuna,Data Quality Analyst @ Scalo,Data Analyst,Scalo,"Warszawa, mazowieckie",2026-09-19,full_time,,,,False,onsite/unspecified,https://www.adzuna.pl/land/ad/5890063537?se=ejSsl2--8RGj4ahyJ5qRKw&utm_medium=api&utm_source=d69e57de&v=493EDEA23898591B3F947B64CC6296A13FCEC2A5,
adzuna_5737669844,adzuna,HR Data & Reporting Analyst,Data Analyst,Capgemini,"Kraków, małopolskie",2026-05-22,,,,,False,onsite/unspecified,https://www.adzuna.pl/land/ad/5737669844?se=ejSsl2--8RGj4ahyJ5qRKw&utm_medium=api&utm_source=d69e57de&v=98C9A9B9FBC15FF7928ECDC8E67E78DFEEA9490F,
adzuna_5775553950,adzuna,Privacy Data Analyst with Swedish @ TP Poland Sp. z o.o.,Data Analyst,TP Poland Sp. z o.o.,"Kraków, małopolskie",2026-06-25,full_time,,7000.0,8000.0,False,onsite/unspecified,https://www.adzuna.pl/land/ad/5775553950?se=ejSsl2--8RGj4ahyJ5qRKw&utm_medium=api&utm_source=d69e57de&v=7C96B5468A8919AC4A93DC9174F4E641678EA8F8,7500.0
adzuna_5875077586,adzuna,Data Scientist/Analyst @ Ework Group,Data Scientist,Ework Group,"Warszawa, mazowieckie",2026-09-08,full_time,,,,False,onsite/unspecified,https://www.adzuna.pl/land/ad/5875077586?se=ejSsl2--8RGj4ahyJ5qRKw&utm_medium=api&utm_source=d69e57de&v=DB1ED0FFC40CD4658E3AF0D76EC14E09CA3FD82E,
adzuna_5886996392,adzuna,Senior Data Solution Analyst (Banking) @ DCG,Data Analyst,DCG,Polska,2026-09-17,full_time,,,,False,onsite/unspecified,https://www.adzuna.pl/land/ad/5886996392?se=ejSsl2--8RGj4ahyJ5qRKw&utm_medium=api&utm_source=d69e57de&v=3AAEE49FB456C00B2258C9DFFDEBE34BDBE2F82B,
adzuna_5869810298,adzuna,System Analyst/Data Analyst (GCP Migration) - Customer Value and Digital Engagement Department @ T-Mobile Polska,Data Analyst,T-Mobile Polska,"Warszawa, mazowieckie",2026-09-04,full_time,,,,False,onsite/unspecified,https://www.adzuna.pl/land/ad/5869810298?se=ejSsl2--8RGj4ahyJ5qRKw&utm_medium=api&utm_source=d69e57de&v=A54C9C537FE2910EC91F30A4BED6A5D3911BF86F,
adzuna_5768190959,adzuna,Data Analyst,Data Analyst,Helprise,Polska,2026-06-18,,,,,False,onsite/unspecified,https://www.adzuna.pl/details/5768190959?utm_medium=api&utm_source=d69e57de,
adzuna_5848651322,adzuna,Data Analyst,Data Analyst,MMDSmart Ltd,Polska,2026-08-19,full_time,,,,False,onsite/unspecified,https://www.adzuna.pl/details/5848651322?utm_medium=api&utm_source=d69e57de,
adzuna_5902945655,adzuna,Data Analyst,Data Analyst,payabl.,Polska,2026-09-29,,,,,False,onsite/unspecified,https://www.adzuna.pl/details/5902945655?utm_medium=api&utm_source=d69e57de,
adzuna_5729387460,adzuna,Data Analyst,Data Analyst,Huzzle,Polska,2026-05-14,full_time,,,,False,remote,https://www.adzuna.pl/details/5729387460?utm_medium=api&utm_source=d69e57de,
adzuna_5903298315,adzuna,Data & BI Analyst (Databricks & Power BI) @ hubQuest,Data Engineer,hubQuest,Polska,2026-09-30,full_time,,,,False,onsite/unspecified,https://www.adzuna.pl/land/ad/5903298315?se=ejSsl2--8RGj4ahyJ5qRKw&utm_medium=api&utm_source=d69e57de&v=048F4F98CE9826442BDB01A763928B81A84AE66B,
adzuna_5858189113,adzuna,Data Analyst,Data Analyst,emagine Polska,"Warszawa, mazowieckie",2026-08-27,,,28560.0,35280.0,False,hybrid,https://www.adzuna.pl/details/5858189113?utm_medium=api&utm_source=d69e57de,31920.0
adzuna_5872181227,adzuna,Data Analyst,Data Analyst,Jit,Polska,2026-09-05,part_time,,,,False,hybrid,https://www.adzuna.pl/details/5872181227?utm_medium=api&utm_source=d69e57de,
adzuna_5876875083,adzuna,Data Analyst,Data Analyst,OPTIVEUM SPÓŁKA Z OGRANICZONĄ ODPOWIEDZIALNOŚCIĄ,"Gdańsk, Trójmiasto",2026-09-09,,,,,False,onsite/unspecified,https://www.adzuna.pl/details/5876875083?utm_medium=api&utm_source=d69e57de,
adzuna_5876875081,adzuna,Data Analyst,Data Analyst,OPTIVEUM SPÓŁKA Z OGRANICZONĄ ODPOWIEDZIALNOŚCIĄ,"Łódź, łódzkie",2026-09-09,,,,,False,onsite/unspecified,https://www.adzuna.pl/details/5876875081?utm_medium=api&utm_source=d69e57de,
adzuna_5857504770,adzuna,Data Analyst,Data Analyst,Unknown,"Kraków, małopolskie",2026-08-27,,,,,False,onsite/unspecified,https://www.adzuna.pl/details/5857504770?utm_medium=api&utm_source=d69e57de,
adzuna_5812254682,adzuna,Data Analyst,Data Analyst,DCG,"Gdańsk, Trójmiasto",2026-07-23,,,16800.0,18480.0,False,onsite/unspecified,https://www.adzuna.pl/details/5812254682?utm_medium=api&utm_source=d69e57de,17640.0
adzuna_5887246607,adzuna,Data Analyst,Data Analyst,Comarch,"Kraków, małopolskie",2026-09-17,,,,,False,onsite/unspecified,https://www.adzuna.pl/details/5887246607?utm_medium=api&utm_source=d69e57de,
adzuna_5899906787,adzuna,Data Analyst,Data Analyst,Poland and Eastern Europe,Polska,2026-09-26,,,,,False,onsite/unspecified,https://www.adzuna.pl/details/5899906787?utm_medium=api&utm_source=d69e57de,
adzuna_5902316082,adzuna,Data Analyst,Data Analyst,Reality Games,"Zielonki, małopolskie",2026-09-29,full_time,,,,False,onsite/unspecified,https://www.adzuna.pl/details/5902316082?utm_medium=api&utm_source=d69e57de,
adzuna_5903636954,adzuna,Data Analyst,Data Analyst,DPDgroup IT Solutions sp. z o.o.,"Warszawa, mazowieckie",2026-09-30,,,,,False,onsite/unspecified,https://www.adzuna.pl/details/5903636954?utm_medium=api&utm_source=d69e57de,
adzuna_5853436940,adzuna,Data Analyst,Data Analyst,Scalo Sp. z o.o.,"Warszawa, mazowieckie",2026-08-23,,,,,False,onsite/unspecified,https://www.adzuna.pl/details/5853436940?utm_medium=api&utm_source=d69e57de,
adzuna_5894945684,adzuna,Data Analyst,Data Analyst,Scalo Sp. z o.o.,"Warszawa, mazowieckie",2026-09-23,,,,,False,onsite/unspecified,https://www.adzuna.pl/details/5894945684?utm_medium=api&utm_source=d69e57de,
adzuna_5880761872,adzuna,Data Analyst,Data Analyst,Scalo Sp. z o.o.,"Warszawa, mazowieckie",2026-09-12,,,,,False,onsite/unspecified,https://www.adzuna.pl/details/5880761872?utm_medium=api&utm_source=d69e57de,
adzuna_5873242296,adzuna,Data Analyst,Data Analyst,Lyten,Polska,2026-09-06,full_time,,,,False,onsite/unspecified,https://www.adzuna.pl/details/5873242296?utm_medium=api&utm_source=d69e57de,
adzuna_5848716384,adzuna,Data Analyst,Data Analyst,Andersen Lab,Polska,2026-08-19,full_time,,10000.0,16800.0,False,onsite/unspecified,https://www.adzuna.pl/details/5848716384?utm_medium=api&utm_source=d69e57de,13400.0
adzuna_5853748444,adzuna,Data Analyst,Data Analyst,Planet Payment,Polska,2026-08-23,full_time,,,,False,onsite/unspecified,https://www.adzuna.pl/details/5853748444?utm_medium=api&utm_source=d69e57de,
adzuna_5878751565,adzuna,Data Analyst,Data Analyst,Jit,Polska,2026-09-10,part_time,,,,False,hybrid,https://www.adzuna.pl/details/5878751565?utm_medium=api&utm_source=d69e57de,
adzuna_5904132631,adzuna,Data Analyst,Data Analyst,Tripledot Studios,"Warszawa, mazowieckie",2026-09-30,,,,,False,onsite/unspecified,https://www.adzuna.pl/details/5904132631?utm_medium=api&utm_source=d69e57de,
adzuna_5824229478,adzuna,Data Analyst,Data Analyst,Precisely,Polska,2026-08-01,,,,,False,onsite/unspecified,https://www.adzuna.pl/details/5824229478?utm_medium=api&utm_source=d69e57de,
adzuna_5889647627,adzuna,Data Analyst,Data Analyst,International Rescue Committee,Polska,2026-09-18,part_time,,,,False,onsite/unspecified,https://www.adzuna.pl/details/5889647627?utm_medium=api&utm_source=d69e57de,
adzuna_5897138486,adzuna,Data Analyst,Data Analyst,GSK,Polska,2026-09-24,full_time,,,,False,onsite/unspecified,https://www.adzuna.pl/details/5897138486?utm_medium=api&utm_source=d69e57de,
adzuna_4928993268,adzuna,Data Analyst,Data Analyst,ALGOMINE Group Sp. z o.o.,Polska,2024-11-06,,,,,False,onsite/unspecified,https://www.adzuna.pl/details/4928993268?utm_medium=api&utm_source=d69e57de,
adzuna_5833691236,adzuna,Data analyst,Data Analyst,Erste Bank Polska,"Warszawa, mazowieckie",2026-08-08,full_time,,,,False,hybrid,https://www.adzuna.pl/details/5833691236?utm_medium=api&utm_source=d69e57de,
adzuna_5897125280,adzuna,Data Analyst,Data Analyst,London Stock Exchange Group,Polska,2026-09-24,full_time,,73100.0,,False,onsite/unspecified,https://www.adzuna.pl/details/5897125280?utm_medium=api&utm_source=d69e57de,73100.0
adzuna_5877583124,adzuna,Data Analyst,Data Analyst,DCG,"Warszawa, mazowieckie",2026-09-09,full_time,,21000.0,22700.0,False,onsite/unspecified,https://www.adzuna.pl/details/5877583124?utm_medium=api&utm_source=d69e57de,21850.0
adzuna_5827705608,adzuna,Data Analyst,Data Analyst,B2Bnetwork,"Warszawa, mazowieckie",2026-08-04,,,16800.0,21840.0,False,onsite/unspecified,https://www.adzuna.pl/details/5827705608?utm_medium=api&utm_source=d69e57de,19320.0
adzuna_5812969997,adzuna,Data Analyst - Data Excellence,Data Analyst,Ledgebrook,Polska,2026-07-24,full_time,,12500.0,15850.0,False,onsite/unspecified,https://www.adzuna.pl/details/5812969997?utm_medium=api&utm_source=d69e57de,14175.0
adzuna_5904773281,adzuna,Senior Data Analyst,Data Analyst,Autodoc,Polska,2026-10-01,,,,,False,onsite/unspecified,https://www.adzuna.pl/details/5904773281?utm_medium=api&utm_source=d69e57de,
adzuna_5897674974,adzuna,Marketing Data Analyst,Data Analyst,Medvidi,"Warszawa, mazowieckie",2026-09-25,full_time,,,,False,onsite/unspecified,https://www.adzuna.pl/details/5897674974?utm_medium=api&utm_source=d69e57de,
adzuna_5842027707,adzuna,Mid Data Analyst,Data Analyst,Capco,"Kraków, małopolskie",2026-08-14,,,,,False,onsite/unspecified,https://www.adzuna.pl/details/5842027707?utm_medium=api&utm_source=d69e57de,
adzuna_5840490029,adzuna,Control Data Analyst,Data Analyst,Mindboxgroup,Polska,2026-08-13,,,,,False,onsite/unspecified,https://www.adzuna.pl/details/5840490029?utm_medium=api&utm_source=d69e57de,
adzuna_5873243036,adzuna,Data Analyst - Cryptography,Data Analyst,Mindboxgroup,Polska,2026-09-06,,,,,False,onsite/unspecified,https://www.adzuna.pl/details/5873243036?utm_medium=api&utm_source=d69e57de,
adzuna_5886519873,adzuna,Expert Data Analyst,Data Analyst,Capco,"Kraków, małopolskie",2026-09-16,,,,,False,onsite/unspecified,https://www.adzuna.pl/details/5886519873?utm_medium=api&utm_source=d69e57de,
adzuna_5848093616,adzuna,Lead Data Analyst,Data Analyst,Capco Poland,"Kraków, małopolskie",2026-08-19,,,,,False,onsite/unspecified,https://www.adzuna.pl/details/5848093616?utm_medium=api&utm_source=d69e57de,
adzuna_5870829059,adzuna,Master Data Analyst,Data Analyst,Huntsman Corporation,"Kraków, małopolskie",2026-09-04,full_time,,,,False,onsite/unspecified,https://www.adzuna.pl/details/5870829059?utm_medium=api&utm_source=d69e57de,
adzuna_5815332392,adzuna,Reference Data Analyst,Data Analyst,Link Group,"Warszawa, mazowieckie",2026-07-25,,,20000.0,30000.0,False,onsite/unspecified,https://www.adzuna.pl/details/5815332392?utm_medium=api&utm_source=d69e57de,25000.0
adzuna_5819970536,adzuna,Data Analyst - Poland,Data Analyst,Tickmill,"Warszawa, mazowieckie",2026-07-29,full_time,,,,False,onsite/unspecified,https://www.adzuna.pl/details/5819970536?utm_medium=api&utm_source=d69e57de,
adzuna_5694913533,adzuna,AI Data Analyst,Data Scientist,Verks Recruitment,"Kraków, małopolskie",2026-04-09,full_time,,22000.0,31000.0,False,hybrid,https://www.adzuna.pl/details/5694913533?utm_medium=api&utm_source=d69e57de,26500.0
adzuna_5868517693,adzuna,Data Analyst Expert,Data Analyst,OPTIVEUM SPÓŁKA Z OGRANICZONĄ ODPOWIEDZIALNOŚCIĄ,"Gdańsk, Trójmiasto",2026-09-03,,,,,False,onsite/unspecified,https://www.adzuna.pl/details/5868517693?utm_medium=api&utm_source=d69e57de,
adzuna_5872873565,adzuna,Data Analyst - Cryptography,Data Analyst,Mindbox Sp. z o.o.,"Kraków, małopolskie",2026-09-06,,,,,False,onsite/unspecified,https://www.adzuna.pl/details/5872873565?utm_medium=api&utm_source=d69e57de,
adzuna_5871031040,adzuna,Product Data Analyst,Data Analyst,Welyo,"Warszawa, mazowieckie",2026-09-04,full_time,,14000.0,16000.0,False,onsite/unspecified,https://www.adzuna.pl/details/5871031040?utm_medium=api&utm_source=d69e57de,15000.0
adzuna_5869319376,adzuna,Snowflake Data Analyst,Data Analyst,Jit,Polska,2026-09-03,part_time,,,,False,hybrid,https://www.adzuna.pl/details/5869319376?utm_medium=api&utm_source=d69e57de,
adzuna_5870231523,adzuna,Senior Data Analyst,Data Analyst,ITDS Polska Sp. z o.o.,"Łódź, łódzkie",2026-09-04,,,,,False,onsite/unspecified,https://www.adzuna.pl/details/5870231523?utm_medium=api&utm_source=d69e57de,
adzuna_5822312739,adzuna,Data Analyst CRM,Data Analyst,Reply Polska Sp. z o.o.,"Katowice, śląskie",2026-07-31,,,13000.0,22000.0,False,onsite/unspecified,https://www.adzuna.pl/details/5822312739?utm_medium=api&utm_source=d69e57de,17500.0
adzuna_5899904661,adzuna,Marketing Data Analyst,Data Analyst,Medvidi,"Warszawa, mazowieckie",2026-09-26,full_time,,,,False,onsite/unspecified,https://www.adzuna.pl/details/5899904661?utm_medium=api&utm_source=d69e57de,
adzuna_5886519715,adzuna,Data Analyst (banking),Data Analyst,Primaris,Polska,2026-09-16,,,,,False,remote,https://www.adzuna.pl/details/5886519715?utm_medium=api&utm_source=d69e57de,
adzuna_5855572777,adzuna,Data Analyst- Tableau,BI Developer,Fetcherr,"Wrocław, dolnośląskie",2026-08-25,full_time,,,,False,onsite/unspecified,https://www.adzuna.pl/details/5855572777?utm_medium=api&utm_source=d69e57de,
adzuna_5871673904,adzuna,Data Analyst (W/M),Data Analyst,MTU Aero Engines Polska Sp. z o.o.,"Rzeszów, podkarpackie",2026-09-05,,,,,False,onsite/unspecified,https://www.adzuna.pl/details/5871673904?utm_medium=api&utm_source=d69e57de,
adzuna_5849803742,adzuna,Business Data Analyst,Data Analyst,Just Eat,"Wrocław, dolnośląskie",2026-08-20,full_time,,,,False,onsite/unspecified,https://www.adzuna.pl/details/5849803742?utm_medium=api&utm_source=d69e57de,
adzuna_4802288090,adzuna,Senior Data Analyst,Data Analyst,G2A,"Kraków, małopolskie",2024-07-31,,,,,False,onsite/unspecified,https://www.adzuna.pl/details/4802288090?utm_medium=api&utm_source=d69e57de,
adzuna_4818469662,adzuna,Senior Data Analyst,Data Analyst,The Dot Collective,Polska,2024-08-09,,,,,False,onsite/unspecified,https://www.adzuna.pl/details/4818469662?utm_medium=api&utm_source=d69e57de,
adzuna_4802288953,adzuna,Senior Data Analyst,Data Analyst,G2A,"Kraków, małopolskie",2024-07-31,,,,,False,onsite/unspecified,https://www.adzuna.pl/details/4802288953?utm_medium=api&utm_source=d69e57de,
adzuna_5847010806,adzuna,Expert - Data Analyst,Data Analyst,ING,Polska,2026-08-18,full_time,,,,False,hybrid,https://www.adzuna.pl/details/5847010806?utm_medium=api&utm_source=d69e57de,
adzuna_5842027594,adzuna,Finance Data Analyst,Data Analyst,Squarepoint Capital,Polska,2026-08-14,,,,,False,onsite/unspecified,https://www.adzuna.pl/details/5842027594?utm_medium=api&utm_source=d69e57de,
adzuna_5889647228,adzuna,Senior Data Analyst,Data Analyst,Tango,"Raszyn, mazowieckie",2026-09-18,full_time,,,,False,onsite/unspecified,https://www.adzuna.pl/details/5889647228?utm_medium=api&utm_source=d69e57de,
adzuna_5895447103,adzuna,Data Analyst - Marketing,Data Analyst,Motorola Solutions,Polska,2026-09-23,full_time,,,,False,onsite/unspecified,https://www.adzuna.pl/details/5895447103?utm_medium=api&utm_source=d69e57de,
adzuna_5814583545,adzuna,Client Data Analyst,Data Analyst,Unknown,"Gdańsk, Trójmiasto",2026-07-25,,,,,False,onsite/unspecified,https://www.adzuna.pl/details/5814583545?utm_medium=api&utm_source=d69e57de,
adzuna_5895448975,adzuna,Data Analyst Banking,Data Analyst,Margo,"Warszawa, mazowieckie",2026-09-23,full_time,,,,False,onsite/unspecified,https://www.adzuna.pl/details/5895448975?utm_medium=api&utm_source=d69e57de,
adzuna_5877583134,adzuna,Senior Data Analyst,Data Analyst,Lumicode,Polska,2026-09-09,full_time,,16800.0,20200.0,False,hybrid,https://www.adzuna.pl/details/5877583134?utm_medium=api&utm_source=d69e57de,18500.0
adzuna_5861617312,adzuna,HR Data Analyst,Data Analyst,Unknown,Polska,2026-08-30,,,,,False,onsite/unspecified,https://www.adzuna.pl/details/5861617312?utm_medium=api&utm_source=d69e57de,
adzuna_5858189654,adzuna,Business Data Analyst,Data Analyst,DCG,"Warszawa, mazowieckie",2026-08-27,,,22680.0,24360.0,False,hybrid,https://www.adzuna.pl/details/5858189654?utm_medium=api&utm_source=d69e57de,23520.0
adzuna_5848095566,adzuna,Business Data Analyst,Data Analyst,Orange Polska,"Warszawa, mazowieckie",2026-08-19,,,,,False,onsite/unspecified,https://www.adzuna.pl/details/5848095566?utm_medium=api&utm_source=d69e57de,
adzuna_5830371492,adzuna,Regulatory Data Analyst,Data Analyst,DCG,"Łódź, łódzkie",2026-08-06,,,16800.0,18480.0,False,onsite/unspecified,https://www.adzuna.pl/details/5830371492?utm_medium=api&utm_source=d69e57de,17640.0
adzuna_5821046487,adzuna,Finance Data Analyst,Data Analyst,Kingfisher,"Kraków, małopolskie",2026-07-30,,,,,False,onsite/unspecified,https://www.adzuna.pl/details/5821046487?utm_medium=api&utm_source=d69e57de,
adzuna_5885467631,adzuna,Business Analyst (Data/ Reporting) @ DCG,Data Analyst,DCG,Polska,2026-09-16,full_time,,,,False,onsite/unspecified,https://www.adzuna.pl/land/ad/5885467631?se=RFTamG--8RGWpIcaDn7MMA&utm_medium=api&utm_source=d69e57de&v=7E08C24672C0CA9C759A20A7271419B90E729FB7,
adzuna_5828594922,adzuna,Business Analyst (Data Governance) @ Scalo,Data Analyst,Scalo,Polska,2026-08-05,full_time,,,,False,onsite/unspecified,https://www.adzuna.pl/land/ad/5828594922?se=RFTamG--8RGWpIcaDn7MMA&utm_medium=api&utm_source=d69e57de&v=276B0E69BAD19215BA157E8D3290671690C117E3,
adzuna_5843808605,adzuna,Business Analyst (Data Governance) @ Scalo,Data Analyst,Scalo,"Warszawa, mazowieckie",2026-08-16,full_time,,,,False,onsite/unspecified,https://www.adzuna.pl/land/ad/5843808605?se=RFTamG--8RGWpIcaDn7MMA&utm_medium=api&utm_source=d69e57de&v=2C12CF09EC36657EF4DF50C24DD2ACDDC6C6C188,
adzuna_5886996413,adzuna,IT Analyst (Data) @ Ework Group,Data Analyst,Ework Group,Polska,2026-09-17,full_time,,,,False,onsite/unspecified,https://www.adzuna.pl/land/ad/5886996413?se=CkKemW--8RG0RdnJYGRL3A&utm_medium=api&utm_source=d69e57de&v=46ABB1239DB46344DCAE8012F7CC50EEE985AF54,
adzuna_5876874962,adzuna,Data Analyst - Data Lineage Consultant,Data Analyst,OPTIVEUM SPÓŁKA Z OGRANICZONĄ ODPOWIEDZIALNOŚCIĄ,"Warszawa, mazowieckie",2026-09-09,,,,,False,onsite/unspecified,https://www.adzuna.pl/details/5876874962?utm_medium=api&utm_source=d69e57de,
adzuna_5672452256,adzuna,BI Data Analyst & Data Manager,BI Developer,Fintalent,Polska,2026-03-19,,,,,False,onsite/unspecified,https://www.adzuna.pl/details/5672452256?utm_medium=api&utm_source=d69e57de,
adzuna_5814542312,adzuna,Data Analyst (Talent pool),Data Analyst,Lago,Polska,2026-07-25,full_time,,,,False,remote,https://www.adzuna.pl/details/5814542312?utm_medium=api&utm_source=d69e57de,
adzuna_5828810388,adzuna,Salesforce Data Analyst II,Data Analyst,Aquiva and Hapi,"Warszawa, mazowieckie",2026-08-05,,,,,False,onsite/unspecified,https://www.adzuna.pl/details/5828810388?utm_medium=api&utm_source=d69e57de,
adzuna_5900057035,adzuna,Data Analyst - IT Contracting,Data Analyst,Unknown,"Warszawa, mazowieckie",2026-09-27,,,,,False,onsite/unspecified,https://www.adzuna.pl/details/5900057035?utm_medium=api&utm_source=d69e57de,
adzuna_5818296793,adzuna,Senior AML Data Analyst,Data Analyst,B2Bnetwork,"Warszawa, mazowieckie",2026-07-28,,,15120.0,20160.0,False,hybrid,https://www.adzuna.pl/details/5818296793?utm_medium=api&utm_source=d69e57de,17640.0
adzuna_5887339906,adzuna,Senior IT / Data Analyst,Data Analyst,OPTIVEUM SPÓŁKA Z OGRANICZONĄ ODPOWIEDZIALNOŚCIĄ,"Łódź, łódzkie",2026-09-17,,,,,False,onsite/unspecified,https://www.adzuna.pl/details/5887339906?utm_medium=api&utm_source=d69e57de,
adzuna_5887339905,adzuna,Senior IT / Data Analyst,Data Analyst,OPTIVEUM SPÓŁKA Z OGRANICZONĄ ODPOWIEDZIALNOŚCIĄ,"Gdynia, Trójmiasto",2026-09-17,,,,,False,onsite/unspecified,https://www.adzuna.pl/details/5887339905?utm_medium=api&utm_source=d69e57de,
adzuna_5887339908,adzuna,Senior IT / Data Analyst,Data Analyst,OPTIVEUM SPÓŁKA Z OGRANICZONĄ ODPOWIEDZIALNOŚCIĄ,"Warszawa, mazowieckie",2026-09-17,,,,,False,onsite/unspecified,https://www.adzuna.pl/details/5887339908?utm_medium=api&utm_source=d69e57de,
adzuna_5887339909,adzuna,Senior IT / Data Analyst,Data Analyst,OPTIVEUM SPÓŁKA Z OGRANICZONĄ ODPOWIEDZIALNOŚCIĄ,"Gdańsk, Trójmiasto",2026-09-17,,,,,False,onsite/unspecified,https://www.adzuna.pl/details/5887339909?utm_medium=api&utm_source=d69e57de,
adzuna_5850947163,adzuna,Data Analyst CRM B2B,Data Analyst,OBI Smart Technologies Poland,"Katowice, śląskie",2026-08-21,,,22680.0,27720.0,False,onsite/unspecified,https://www.adzuna.pl/details/5850947163?utm_medium=api&utm_source=d69e57de,25200.0
adzuna_5803983542,adzuna,Data Analyst F/M,Data Analyst,Lyreco,"Gdańsk, Trójmiasto",2026-07-17,full_time,,,,False,onsite/unspecified,https://www.adzuna.pl/details/5803983542?utm_medium=api&utm_source=d69e57de,
adzuna_5616191204,adzuna,Data Analyst - Level IV,Data Analyst,Confiz,"Zielonki, małopolskie",2026-02-05,full_time,,,,False,onsite/unspecified,https://www.adzuna.pl/details/5616191204?utm_medium=api&utm_source=d69e57de,
adzuna_5794824287,adzuna,T&E Data Analyst,Data Analyst,Rockwell Automation,Polska,2026-07-10,full_time,,,,False,onsite/unspecified,https://www.adzuna.pl/details/5794824287?utm_medium=api&utm_source=d69e57de,
adzuna_5880763069,adzuna,Senior Business Data Analyst,Data Analyst,ITDS Polska Sp. z o.o.,"Kraków, małopolskie",2026-09-12,,,,,False,onsite/unspecified,https://www.adzuna.pl/details/5880763069?utm_medium=api&utm_source=d69e57de,
adzuna_5857134837,adzuna,Senior Specialist - Data Analyst,Data Analyst,ING,Polska,2026-08-26,full_time,,,,False,hybrid,https://www.adzuna.pl/details/5857134837?utm_medium=api&utm_source=d69e57de,
adzuna_5834804104,adzuna,Data Analyst (Finance) | Senior,Data Analyst,Nord Security,"Warszawa, mazowieckie",2026-08-09,full_time,,15600.0,25000.0,False,onsite/unspecified,https://www.adzuna.pl/details/5834804104?utm_medium=api&utm_source=d69e57de,20300.0
adzuna_5891502026,adzuna,Operational Risk Data Analyst,Data Analyst,Compagnie Francaise D'assurance Pour le Commerce Exterieur SA  Oddział w Polsce,"Warszawa, mazowieckie",2026-09-20,,,,,False,onsite/unspecified,https://www.adzuna.pl/details/5891502026?utm_medium=api&utm_source=d69e57de,
adzuna_5823875403,adzuna,Lead Principal Data Analyst,Data Analyst,Nexio Management Sp. z o. o.,"Warszawa, mazowieckie",2026-08-01,,,38640.0,43680.0,False,onsite/unspecified,https://www.adzuna.pl/details/5823875403?utm_medium=api&utm_source=d69e57de,41160.0
adzuna_5829292563,adzuna,Senior Data Analyst - Fraud,Data Analyst,Moniepoint,Polska,2026-08-05,,,,,False,onsite/unspecified,https://www.adzuna.pl/details/5829292563?utm_medium=api&utm_source=d69e57de,
adzuna_5711206046,adzuna,Sales Force Data Analyst,Data Analyst,Logitech,Polska,2026-04-26,full_time,,,,False,onsite/unspecified,https://www.adzuna.pl/details/5711206046?utm_medium=api&utm_source=d69e57de,
adzuna_5822312742,adzuna,Data Analyst Digital Commerce,Data Analyst,Reply Polska Sp. z o.o.,"Katowice, śląskie",2026-07-31,,,9000.0,13000.0,False,onsite/unspecified,https://www.adzuna.pl/details/5822312742?utm_medium=api&utm_source=d69e57de,11000.0
adzuna_5848095644,adzuna,Business Data Analyst ServiceNow,Data Analyst,Capgemini,"Wrocław, dolnośląskie",2026-08-19,,,,,False,onsite/unspecified,https://www.adzuna.pl/details/5848095644?utm_medium=api&utm_source=d69e57de,
adzuna_5882800513,adzuna,Data Analyst (R-19796),Data Analyst,Dun & Bradstreet,"Warszawa, mazowieckie",2026-09-13,full_time,,,,False,onsite/unspecified,https://www.adzuna.pl/details/5882800513?utm_medium=api&utm_source=d69e57de,
adzuna_5829291496,adzuna,Senior Business Data Analyst,Data Analyst,Join IndieBI,"Zgierz, łódzkie",2026-08-05,full_time,,17500.0,22000.0,False,remote,https://www.adzuna.pl/details/5829291496?utm_medium=api&utm_source=d69e57de,19750.0
adzuna_5862333484,adzuna,Data Analyst ( Commercial Operations),Data Analyst,Baxter,Polska,2026-08-30,full_time,,,,False,onsite/unspecified,https://www.adzuna.pl/details/5862333484?utm_medium=api&utm_source=d69e57de,
adzuna_5889647472,adzuna,Investment Data Analyst Intern,Data Analyst,Aviva Employment Services,Polska,2026-09-18,,,,,False,onsite/unspecified,https://www.adzuna.pl/details/5889647472?utm_medium=api&utm_source=d69e57de,
adzuna_5871029374,adzuna,Client Data Analyst (Emea),Data Analyst,Upvanta,"Warszawa, mazowieckie",2026-09-04,full_time,,7300.0,7300.0,False,onsite/unspecified,https://www.adzuna.pl/details/5871029374?utm_medium=api&utm_source=d69e57de,7300.0
adzuna_5871030375,adzuna,Data Analyst / Revenue Manager,Data Analyst,Aloha Camp,Polska,2026-09-04,full_time,,8000.0,13000.0,False,onsite/unspecified,https://www.adzuna.pl/details/5871030375?utm_medium=api&utm_source=d69e57de,10500.0
adzuna_5876244201,adzuna,Data Analyst with Swedish,Data Analyst,Unknown,"Kraków, małopolskie",2026-09-09,,,,,False,onsite/unspecified,https://www.adzuna.pl/details/5876244201?utm_medium=api&utm_source=d69e57de,
adzuna_5827705611,adzuna,IT Analyst Data Analyst,Data Analyst,B2Bnetwork,"Warszawa, mazowieckie",2026-08-04,,,13440.0,18480.0,False,onsite/unspecified,https://www.adzuna.pl/details/5827705611?utm_medium=api&utm_source=d69e57de,15960.0
adzuna_5716263911,adzuna,Portfolio Data Analyst - Portfolio Data Feeds,Data Analyst,Addepar,Polska,2026-05-01,full_time,,,,False,onsite/unspecified,https://www.adzuna.pl/details/5716263911?utm_medium=api&utm_source=d69e57de,
adzuna_5828810389,adzuna,Aquiva - Salesforce Data Analyst II,Data Analyst,Aquiva and Hapi,"Warszawa, mazowieckie",2026-08-05,,,,,False,onsite/unspecified,https://www.adzuna.pl/details/5828810389?utm_medium=api&utm_source=d69e57de,
adzuna_5811522993,adzuna,Senior Data Analyst/BI Developer,BI Developer,Seeking Alpha,Polska,2026-07-23,,,,,False,remote,https://www.adzuna.pl/details/5811522993?utm_medium=api&utm_source=d69e57de,
adzuna_5752477386,adzuna,Data Analyst & AI Citizen Developer,Data Scientist,Euroclear,"Kraków, małopolskie",2026-06-05,,,,,False,onsite/unspecified,https://www.adzuna.pl/details/5752477386?utm_medium=api&utm_source=d69e57de,
adzuna_5822312709,adzuna,Data Analyst Digital Commerce B2B,Data Analyst,Reply Polska Sp. z o.o.,"Katowice, śląskie",2026-07-31,,,16800.0,23520.0,False,onsite/unspecified,https://www.adzuna.pl/details/5822312709?utm_medium=api&utm_source=d69e57de,20160.0
adzuna_5900798469,adzuna,Junior Data Analyst - temporary assignment,Data Analyst,The VELUX Group,Polska,2026-09-27,full_time,,,,False,onsite/unspecified,https://www.adzuna.pl/details/5900798469?utm_medium=api&utm_source=d69e57de,
adzuna_5829010846,adzuna,Data Analyst Process Mining BI,BI Developer,Capgemini,"Wrocław, dolnośląskie",2026-08-05,,,,,False,onsite/unspecified,https://www.adzuna.pl/details/5829010846?utm_medium=api&utm_source=d69e57de,
adzuna_5786293669,adzuna,Data Analyst Process Mining BI,BI Developer,Capgemini,"Katowice, śląskie",2026-07-03,,,,,False,onsite/unspecified,https://www.adzuna.pl/details/5786293669?utm_medium=api&utm_source=d69e57de,
adzuna_5904129857,adzuna,Data Analyst | Mid-Senior | Saily,Data Analyst,Nord Security,Polska,2026-09-30,full_time,,17600.0,25100.0,False,onsite/unspecified,https://www.adzuna.pl/details/5904129857?utm_medium=api&utm_source=d69e57de,21350.0
adzuna_5110810970,adzuna,Business Intelligence Analyst/Data Analyst,BI Developer,TALENTHOUSE HR Advisory,"Kraków, małopolskie",2025-03-25,,,,,False,onsite/unspecified,https://www.adzuna.pl/details/5110810970?utm_medium=api&utm_source=d69e57de,
adzuna_5853748659,adzuna,"Marketing Science Analyst, Data Analyst",Data Analyst,Analytic Partners,"Poznań, wielkopolskie",2026-08-23,,,,,False,onsite/unspecified,https://www.adzuna.pl/details/5853748659?utm_medium=api&utm_source=d69e57de,
adzuna_5899902654,adzuna,Privacy Data Analyst - Fluent English,Data Analyst,TP Polska z o. o.,"Kraków, małopolskie",2026-09-26,full_time,,5000.0,6000.0,False,onsite/unspecified,https://www.adzuna.pl/details/5899902654?utm_medium=api&utm_source=d69e57de,5500.0
adzuna_5897140527,adzuna,Privacy Data Analyst with Swedish,Data Analyst,TP Polska z o. o.,"Kraków, małopolskie",2026-09-24,full_time,,7000.0,8000.0,False,onsite/unspecified,https://www.adzuna.pl/details/5897140527?utm_medium=api&utm_source=d69e57de,7500.0
adzuna_5897128297,adzuna,Privacy Data Analyst with Spanish,Data Analyst,TP Polska z o. o.,"Kraków, małopolskie",2026-09-24,full_time,,5500.0,6500.0,False,onsite/unspecified,https://www.adzuna.pl/details/5897128297?utm_medium=api&utm_source=d69e57de,6000.0
adzuna_5869566421,adzuna,Privacy Data Analyst with Swedish,Data Analyst,TP Polska,Polska,2026-09-03,full_time,,7000.0,8000.0,False,onsite/unspecified,https://www.adzuna.pl/details/5869566421?utm_medium=api&utm_source=d69e57de,7500.0
adzuna_5906151968,adzuna,Privacy Data Analyst - Fluent Polish,Data Analyst,TP Polska z o. o.,"Kraków, małopolskie",2026-10-01,full_time,,5200.0,5800.0,False,onsite/unspecified,https://www.adzuna.pl/details/5906151968?utm_medium=api&utm_source=d69e57de,5500.0
adzuna_5790938169,adzuna,Senior Data Analyst Risk Management,Data Analyst,Allegro,"Warszawa, mazowieckie",2026-07-07,,,,,False,onsite/unspecified,https://www.adzuna.pl/details/5790938169?utm_medium=api&utm_source=d69e57de,
adzuna_5837055609,adzuna,Data Analyst / BI Analyst (Part-Time),BI Developer,Bnberry,Polska,2026-08-11,,,,,False,remote,https://www.adzuna.pl/details/5837055609?utm_medium=api&utm_source=d69e57de,
adzuna_5906333498,adzuna,Junior Data Analyst (Finance Analytics team),Data Analyst,Emerging Travel Group,Polska,2026-10-01,,,,,False,onsite/unspecified,https://www.adzuna.pl/details/5906333498?utm_medium=api&utm_source=d69e57de,
adzuna_5895661824,adzuna,(Senior) Data Analyst (m/f/n),Data Analyst,InPost,Polska,2026-09-23,,,,,False,onsite/unspecified,https://www.adzuna.pl/details/5895661824?utm_medium=api&utm_source=d69e57de,
adzuna_5879137032,adzuna,Business Analyst - Data Strategy & Banking @ Belvedere Recruitment,Data Analyst,Belvedere Recruitment,"Kraków, małopolskie",2026-09-11,full_time,,,,False,onsite/unspecified,https://www.adzuna.pl/land/ad/5879137032?se=WHdbmm--8RGWpIcaDn7MMA&utm_medium=api&utm_source=d69e57de&v=6B6F1B2EAEFAF50BC4FFB73DCB2D88411DFBB0D0,
adzuna_5899445996,adzuna,Senior Data Analyst (Python / SQL / dbt),Data Analyst,ITEAMLY SPÓŁKA Z OGRANICZONĄ ODPOWIEDZIALNOŚCIĄ,"Kraków, małopolskie",2026-09-26,,,,,False,onsite/unspecified,https://www.adzuna.pl/details/5899445996?utm_medium=api&utm_source=d69e57de,
adzuna_5879974412,adzuna,Wholesale Banking Model Data Analyst Expert,Data Analyst,ING,Polska,2026-09-11,full_time,,13000.0,22000.0,False,onsite/unspecified,https://www.adzuna.pl/details/5879974412?utm_medium=api&utm_source=d69e57de,17500.0
adzuna_5895449533,adzuna,Data Analyst with Dataiku / Talend / Alteryx,Data Analyst,Link Group,"Warszawa, mazowieckie",2026-09-23,,,,,False,onsite/unspecified,https://www.adzuna.pl/details/5895449533?utm_medium=api&utm_source=d69e57de,
adzuna_5763885828,adzuna,Product Data Analyst | EU based/Remote,Data Analyst,Hostinger,Polska,2026-06-15,full_time,,,,False,remote,https://www.adzuna.pl/details/5763885828?utm_medium=api&utm_source=d69e57de,
adzuna_5887339786,adzuna,Data Analyst Expert / Senior (CX&AI),Data Scientist,Allegro,"Poznań, wielkopolskie",2026-09-17,,,,,False,onsite/unspecified,https://www.adzuna.pl/details/5887339786?utm_medium=api&utm_source=d69e57de,
adzuna_5836939905,adzuna,Senior Data Analyst – Digital Customer Experience,Data Analyst,Smith & Nephew,Polska,2026-08-11,full_time,,,,False,onsite/unspecified,https://www.adzuna.pl/details/5836939905?utm_medium=api&utm_source=d69e57de,
adzuna_5751207807,adzuna,Senior Data Analyst | Based in Europe,Data Analyst,Hostinger,Polska,2026-06-04,full_time,,5000.0,7000.0,False,onsite/unspecified,https://www.adzuna.pl/details/5751207807?utm_medium=api&utm_source=d69e57de,6000.0
adzuna_5886996463,adzuna,BI Developer (K/ M) K/M @ ASTEK Polska,BI Developer,ASTEK Polska,"Poznań, wielkopolskie",2026-09-17,full_time,,,,False,onsite/unspecified,https://www.adzuna.pl/land/ad/5886996463?se=WHdbmm--8RGWpIcaDn7MMA&utm_medium=api&utm_source=d69e57de&v=87FE7A0F727944F246A47741B34186926023B63B,
adzuna_5862333297,adzuna,"(Associate) Specialist, Data Analyst & Analytics Engineering",Analytics Engineer,QIAGEN Wroclawz.o.o.,"Wrocław, dolnośląskie",2026-08-30,full_time,,,,False,onsite/unspecified,https://www.adzuna.pl/details/5862333297?utm_medium=api&utm_source=d69e57de,
adzuna_5880762964,adzuna,Mid-Level Data Analyst – Cybersecurity & Azure Data Lake,Data Analyst,ITDS Polska Sp. z o.o.,"Kraków, małopolskie",2026-09-12,,,,,False,onsite/unspecified,https://www.adzuna.pl/details/5880762964?utm_medium=api&utm_source=d69e57de,
adzuna_5885445249,adzuna,Data Governance Analyst,Data Analyst,RED Global,Polska,2026-09-16,full_time,,,,False,remote,https://www.adzuna.pl/details/5885445249?utm_medium=api&utm_source=d69e57de,
adzuna_5878749454,adzuna,Data Analyst for Individual Rights Workflow Tool,Data Analyst,B2B Network,Polska,2026-09-10,,,,,False,onsite/unspecified,https://www.adzuna.pl/details/5878749454?utm_medium=api&utm_source=d69e57de,
adzuna_5880762122,adzuna,Data Analyst for Individual Rights Workflow Tool,Data Analyst,B2B.NET S.A.,"Łódź, łódzkie",2026-09-12,,,,,False,onsite/unspecified,https://www.adzuna.pl/details/5880762122?utm_medium=api&utm_source=d69e57de,
adzuna_5880762120,adzuna,Data Analyst for Individual Rights Workflow Tool,Data Analyst,B2B.NET S.A.,"Warszawa, mazowieckie",2026-09-12,,,,,False,onsite/unspecified,https://www.adzuna.pl/details/5880762120?utm_medium=api&utm_source=d69e57de,
adzuna_5880762124,adzuna,Data Analyst for Individual Rights Workflow Tool,Data Analyst,B2B.NET S.A.,"Gdynia, Trójmiasto",2026-09-12,,,,,False,onsite/unspecified,https://www.adzuna.pl/details/5880762124?utm_medium=api&utm_source=d69e57de,
adzuna_5880762123,adzuna,Data Analyst for Individual Rights Workflow Tool,Data Analyst,B2B.NET S.A.,"Gdańsk, Trójmiasto",2026-09-12,,,,,False,onsite/unspecified,https://www.adzuna.pl/details/5880762123?utm_medium=api&utm_source=d69e57de,
adzuna_5890334082,adzuna,Starszy Analityk / Senior Data Analyst (k/m),Data Analyst,Piotruś Pan Sp. z o.o.,"Przemyśl, podkarpackie",2026-09-19,,,,,False,onsite/unspecified,https://www.adzuna.pl/details/5890334082?utm_medium=api&utm_source=d69e57de,
adzuna_5888927985,adzuna,Data Scientist / Data Analyst (m/k/n),Data Scientist,UPVANTA SPÓŁKA Z OGRANICZONĄ ODPOWIEDZIALNOŚCIĄ,"Wrocław, dolnośląskie",2026-09-18,,,,,False,onsite/unspecified,https://www.adzuna.pl/details/5888927985?utm_medium=api&utm_source=d69e57de,
adzuna_5900796485,adzuna,"Alpha Account Services Data Analyst, hybrid, Officer",Data Analyst,State Street,"Kraków, małopolskie",2026-09-27,full_time,,,,False,hybrid,https://www.adzuna.pl/details/5900796485?utm_medium=api&utm_source=d69e57de,
adzuna_5889647681,adzuna,Data Analyst (Fraud Rule Writer Senior Specialist),Data Analyst,ING,Polska,2026-09-18,full_time,,9600.0,14000.0,False,onsite/unspecified,https://www.adzuna.pl/details/5889647681?utm_medium=api&utm_source=d69e57de,11800.0
adzuna_5904127337,adzuna,Data Analyst | Group Finance & Operations | Mid-Senior,Data Analyst,Nord Security,"Warszawa, mazowieckie",2026-09-30,full_time,,15600.0,30000.0,False,onsite/unspecified,https://www.adzuna.pl/details/5904127337?utm_medium=api&utm_source=d69e57de,22800.0
adzuna_5898610022,adzuna,EMEA Commercial Excellence Data Analyst: Finance Integration,Data Analyst,Becton Dickinson Medical Devices,Polska,2026-09-25,full_time,,,,False,onsite/unspecified,https://www.adzuna.pl/details/5898610022?utm_medium=api&utm_source=d69e57de,
adzuna_5899334116,adzuna,EMEA Commercial Excellence Data Analyst: Finance Integration,Data Analyst,BD,"Wrocław, dolnośląskie",2026-09-26,,,,,False,onsite/unspecified,https://www.adzuna.pl/details/5899334116?utm_medium=api&utm_source=d69e57de,
adzuna_5838144382,adzuna,Senior Business Analyst Data Analyst | Branża Bankowa,Data Analyst,Edge One Solutions Sp. z o.o,"Warszawa, mazowieckie",2026-08-12,,,,,False,onsite/unspecified,https://www.adzuna.pl/details/5838144382?utm_medium=api&utm_source=d69e57de,
adzuna_5900449415,adzuna,"Data Operations Analyst, Reference Data",Data Analyst,Link Group Sp. z o.o.,"Warszawa, mazowieckie",2026-09-27,,,,,False,onsite/unspecified,https://www.adzuna.pl/details/5900449415?utm_medium=api&utm_source=d69e57de,
adzuna_5899446457,adzuna,Data Product Analyst,Data Analyst,Connectis,"Warszawa, mazowieckie",2026-09-26,,,,,False,onsite/unspecified,https://www.adzuna.pl/details/5899446457?utm_medium=api&utm_source=d69e57de,
adzuna_5796896399,adzuna,Data Business Analyst,Data Analyst,DCG,"Gdynia, Trójmiasto",2026-07-11,,,21840.0,22680.0,False,onsite/unspecified,https://www.adzuna.pl/details/5796896399?utm_medium=api&utm_source=d69e57de,22260.0
adzuna_5891502111,adzuna,Data Quality Analyst,Data Analyst,Scalo Sp. z o.o.,"Warszawa, mazowieckie",2026-09-20,,,,,False,onsite/unspecified,https://www.adzuna.pl/details/5891502111?utm_medium=api&utm_source=d69e57de,
adzuna_5859863149,adzuna,Data Privacy Analyst,Data Analyst,POL Cyprium Poland Z.O.O.,Polska,2026-08-28,full_time,,,,False,onsite/unspecified,https://www.adzuna.pl/details/5859863149?utm_medium=api&utm_source=d69e57de,
adzuna_5718233919,adzuna,Data Projects Analyst,Data Analyst,Addepar,Polska,2026-05-03,,,,,False,onsite/unspecified,https://www.adzuna.pl/details/5718233919?utm_medium=api&utm_source=d69e57de,
adzuna_5789497027,adzuna,Senior Data Quality Management Analyst (Tech Business Analyst) @ Antal,Data Analyst,Antal,"Kraków, małopolskie",2026-07-06,full_time,,,,False,onsite/unspecified,https://www.adzuna.pl/land/ad/5789497027?se=WHdbmm--8RGWpIcaDn7MMA&utm_medium=api&utm_source=d69e57de&v=54C1897F43BA01C429E63D684A8CD60346F72C3B,
adzuna_5879431850,adzuna,Data Analyst - Control Management & Risk (f/m/x),Data Analyst,Sii Sp. z o.o.,"Gdańsk, Trójmiasto",2026-09-11,,,,,False,onsite/unspecified,https://www.adzuna.pl/details/5879431850?utm_medium=api&utm_source=d69e57de,
adzuna_5880102931,adzuna,Data Analyst - Control Management & Risk (f/m/x),Data Analyst,Sii Sp. z o.o.,"Bydgoszcz, kujawsko-pomorskie",2026-09-11,,,,,False,onsite/unspecified,https://www.adzuna.pl/details/5880102931?utm_medium=api&utm_source=d69e57de,
adzuna_5879431846,adzuna,Data Analyst - Control Management & Risk (f/m/x),Data Analyst,Sii Sp. z o.o.,"Lublin, lubelskie",2026-09-11,,,,,False,onsite/unspecified,https://www.adzuna.pl/details/5879431846?utm_medium=api&utm_source=d69e57de,
adzuna_5880102932,adzuna,Data Analyst - Control Management & Risk (f/m/x),Data Analyst,Sii Sp. z o.o.,"Kraków, małopolskie",2026-09-11,,,,,False,onsite/unspecified,https://www.adzuna.pl/details/5880102932?utm_medium=api&utm_source=d69e57de,
adzuna_5882883469,adzuna,Data Analyst - Control Management & Risk (f/m/x),Data Analyst,Sii Sp. z o.o.,"Katowice, śląskie",2026-09-13,,,,,False,onsite/unspecified,https://www.adzuna.pl/details/5882883469?utm_medium=api&utm_source=d69e57de,
adzuna_5883869830,adzuna,Data Analyst - Control Management & Risk (f/m/x),Data Analyst,Sii Sp. z o.o.,"Toruń, kujawsko-pomorskie",2026-09-14,,,,,False,onsite/unspecified,https://www.adzuna.pl/details/5883869830?utm_medium=api&utm_source=d69e57de,
adzuna_5880102935,adzuna,Data Analyst - Control Management & Risk (f/m/x),Data Analyst,Sii Sp. z o.o.,"Poznań, wielkopolskie",2026-09-11,,,,,False,onsite/unspecified,https://www.adzuna.pl/details/5880102935?utm_medium=api&utm_source=d69e57de,
adzuna_5880102937,adzuna,Data Analyst - Control Management & Risk (f/m/x),Data Analyst,Sii Sp. z o.o.,"Szczecin, zachodniopomorskie",2026-09-11,,,,,False,onsite/unspecified,https://www.adzuna.pl/details/5880102937?utm_medium=api&utm_source=d69e57de,
adzuna_5879431847,adzuna,Data Analyst - Control Management & Risk (f/m/x),Data Analyst,Sii Sp. z o.o.,"Łódź, łódzkie",2026-09-11,,,,,False,onsite/unspecified,https://www.adzuna.pl/details/5879431847?utm_medium=api&utm_source=d69e57de,
adzuna_5880102936,adzuna,Data Analyst - Control Management & Risk (f/m/x),Data Analyst,Sii Sp. z o.o.,"Piła, wielkopolskie",2026-09-11,,,,,False,onsite/unspecified,https://www.adzuna.pl/details/5880102936?utm_medium=api&utm_source=d69e57de,
adzuna_5880102933,adzuna,Data Analyst - Control Management & Risk (f/m/x),Data Analyst,Sii Sp. z o.o.,"Rzeszów, podkarpackie",2026-09-11,,,,,False,onsite/unspecified,https://www.adzuna.pl/details/5880102933?utm_medium=api&utm_source=d69e57de,
adzuna_5880102934,adzuna,Data Analyst - Control Management & Risk (f/m/x),Data Analyst,Sii Sp. z o.o.,"Białystok, podlaskie",2026-09-11,,,,,False,onsite/unspecified,https://www.adzuna.pl/details/5880102934?utm_medium=api&utm_source=d69e57de,
adzuna_5880102930,adzuna,Data Analyst - Control Management & Risk (f/m/x),Data Analyst,Sii Sp. z o.o.,"Wrocław, dolnośląskie",2026-09-11,,,,,False,onsite/unspecified,https://www.adzuna.pl/details/5880102930?utm_medium=api&utm_source=d69e57de,
adzuna_5898611102,adzuna,WBD EMEA Commercial Excellence Data Analyst: Commercial Integration,Data Analyst,Becton Dickinson Medical Devices,Polska,2026-09-25,full_time,,,,False,onsite/unspecified,https://www.adzuna.pl/details/5898611102?utm_medium=api&utm_source=d69e57de,
adzuna_5899334109,adzuna,WBD EMEA Commercial Excellence Data Analyst: Commercial Integration,Data Analyst,BD,"Wrocław, dolnośląskie",2026-09-26,,,,,False,onsite/unspecified,https://www.adzuna.pl/details/5899334109?utm_medium=api&utm_source=d69e57de,
adzuna_5855310620,adzuna,Business Data Analyst - Finance or Banking Work from Office,Data Analyst,emagine Polska,Polska,2026-08-25,,,,,False,onsite/unspecified,https://www.adzuna.pl/details/5855310620?utm_medium=api&utm_source=d69e57de,
adzuna_5791659500,adzuna,Senior Data Quality Management Analyst – BA @ Mindbox Sp. z o.o.,Data Analyst,Mindbox Sp. z o.o.,"Kraków, małopolskie",2026-07-08,full_time,,,,False,onsite/unspecified,https://www.adzuna.pl/land/ad/5791659500?se=6uEmm2--8RGWpIcaDn7MMA&utm_medium=api&utm_source=d69e57de&v=752079934C236BDA06C62568E60271DB998CDA03,
adzuna_5833389975,adzuna,Data Analyst – Anti-Financial Crime Banking f m x,Data Analyst,B2Bnetwork,"Warszawa, mazowieckie",2026-08-08,,,20160.0,22680.0,False,onsite/unspecified,https://www.adzuna.pl/details/5833389975?utm_medium=api&utm_source=d69e57de,21420.0
adzuna_5818296173,adzuna,Mid Senior Data Analyst with Python f m d,Data Analyst,Ten Square Games,"Wrocław, dolnośląskie",2026-07-28,,,,,False,hybrid,https://www.adzuna.pl/details/5818296173?utm_medium=api&utm_source=d69e57de,
adzuna_5868518076,adzuna,Global Data Services Analyst,Data Analyst,Hays Poland,"Poznań, wielkopolskie",2026-09-03,,,,,False,onsite/unspecified,https://www.adzuna.pl/details/5868518076?utm_medium=api&utm_source=d69e57de,
adzuna_5810817838,adzuna,DORA Data & Regulatory Analyst,Data Analyst,B2Bnetwork,"Gdańsk, Trójmiasto",2026-07-22,,,11760.0,15120.0,False,hybrid,https://www.adzuna.pl/details/5810817838?utm_medium=api&utm_source=d69e57de,13440.0
adzuna_5852678403,adzuna,Privacy & Data Governance Analyst,Data Analyst,QVC,"Kraków, małopolskie",2026-08-22,full_time,,,,False,onsite/unspecified,https://www.adzuna.pl/details/5852678403?utm_medium=api&utm_source=d69e57de,
adzuna_5797649322,adzuna,Reference Data Services Analyst,Data Analyst,Citigroup,"Olsztyn, warmińsko-mazurskie",2026-07-12,,,,,False,onsite/unspecified,https://www.adzuna.pl/details/5797649322?utm_medium=api&utm_source=d69e57de,
adzuna_5859421940,adzuna,Reference Data Services Analyst,Data Analyst,Citigroup,"Olsztyn, warmińsko-mazurskie",2026-08-28,,,,,False,onsite/unspecified,https://www.adzuna.pl/details/5859421940?utm_medium=api&utm_source=d69e57de,
adzuna_5891414986,adzuna,Reference Data Services Analyst,Data Analyst,Citigroup,"Warszawa, mazowieckie",2026-09-20,,,,,False,onsite/unspecified,https://www.adzuna.pl/details/5891414986?utm_medium=api&utm_source=d69e57de,
adzuna_5907495264,adzuna,Reference Data Services Analyst,Data Analyst,Citigroup,"Olsztyn, warmińsko-mazurskie",2026-10-02,,,,,False,onsite/unspecified,https://www.adzuna.pl/details/5907495264?utm_medium=api&utm_source=d69e57de,
adzuna_5899334145,adzuna,Reference Data Services Analyst,Data Analyst,Citigroup,"Olsztyn, warmińsko-mazurskie",2026-09-26,,,,,False,onsite/unspecified,https://www.adzuna.pl/details/5899334145?utm_medium=api&utm_source=d69e57de,
adzuna_5881188821,adzuna,Senior Data & ETL Analyst,Data Engineer,CreatorIQ,"Warszawa, mazowieckie",2026-09-12,full_time,,,,False,onsite/unspecified,https://www.adzuna.pl/details/5881188821?utm_medium=api&utm_source=d69e57de,
adzuna_5716264379,adzuna,Portfolio Data Operations Analyst,Data Analyst,Addepar,Polska,2026-05-01,full_time,,,,False,onsite/unspecified,https://www.adzuna.pl/details/5716264379?utm_medium=api&utm_source=d69e57de,
adzuna_5815897825,adzuna,Senior Data & AI Analyst,Data Scientist,F5 Networks,"Warszawa, mazowieckie",2026-07-26,full_time,,,,False,onsite/unspecified,https://www.adzuna.pl/details/5815897825?utm_medium=api&utm_source=d69e57de,
adzuna_5794128535,adzuna,Manufacturing Data & Systems Analyst,Data Analyst,Link Group,"Warszawa, mazowieckie",2026-07-09,,,21840.0,26880.0,False,onsite/unspecified,https://www.adzuna.pl/details/5794128535?utm_medium=api&utm_source=d69e57de,24360.0
adzuna_5884167601,adzuna,Business Analyst (Data/ Reporting) @ Diverse CG Sp. z o.o. Sp.k.,Data Analyst,Diverse CG Sp. z o.o. Sp.k.,Polska,2026-09-15,full_time,,,,False,onsite/unspecified,https://www.adzuna.pl/land/ad/5884167601?se=6uEmm2--8RGWpIcaDn7MMA&utm_medium=api&utm_source=d69e57de&v=68326D525C7A301D04F473F4BBB97AE0EE0439B7,
adzuna_5907314961,adzuna,Data Operations Analyst - RD Stream,Data Analyst,NielsenIQ,Polska,2026-10-02,,,,,False,onsite/unspecified,https://www.adzuna.pl/details/5907314961?utm_medium=api&utm_source=d69e57de,
adzuna_5900449575,adzuna,Senior Data Quality Analyst – Cloud Data Platform Expertise,Data Engineer,ITDS Polska Sp. z o.o.,"Kraków, małopolskie",2026-09-27,,,,,False,onsite/unspecified,https://www.adzuna.pl/details/5900449575?utm_medium=api&utm_source=d69e57de,
adzuna_5881189368,adzuna,Data Business Analyst – GCP / Hadoop,Data Analyst,Capco,"Kraków, małopolskie",2026-09-12,,,,,False,onsite/unspecified,https://www.adzuna.pl/details/5881189368?utm_medium=api&utm_source=d69e57de,
adzuna_5906151234,adzuna,Campaign and Data Science Analyst,Data Scientist,Accenture,Polska,2026-10-01,full_time,,,,False,onsite/unspecified,https://www.adzuna.pl/details/5906151234?utm_medium=api&utm_source=d69e57de,
adzuna_5886649721,adzuna,Senior Data Solution Analyst (Banking),Data Analyst,DCG,"Warszawa, mazowieckie",2026-09-16,full_time,,23500.0,24400.0,False,onsite/unspecified,https://www.adzuna.pl/details/5886649721?utm_medium=api&utm_source=d69e57de,23950.0
adzuna_5871673783,adzuna,System Analyst / Data Analyst (GCP Migration) - Customer Value and Digital Engagement Department,Data Analyst,T-Mobile,"Warszawa, mazowieckie",2026-09-05,,,,,False,onsite/unspecified,https://www.adzuna.pl/details/5871673783?utm_medium=api&utm_source=d69e57de,
adzuna_5728614825,adzuna,Data and Financial Engineering Analyst @ Mindbox Sp. z o.o.,Data Analyst,Mindbox Sp. z o.o.,"Kraków, małopolskie",2026-05-14,full_time,,,,False,onsite/unspecified,https://www.adzuna.pl/land/ad/5728614825?se=6uEmm2--8RGWpIcaDn7MMA&utm_medium=api&utm_source=d69e57de&v=439E30690AE818717027EBC6FB1814DB43580083,
adzuna_5843808551,adzuna,Business Analyst - Finance & Regulatory Data @ Belvedere Recruitment,Data Analyst,Belvedere Recruitment,"Kraków, małopolskie",2026-08-16,full_time,,,,False,onsite/unspecified,https://www.adzuna.pl/land/ad/5843808551?se=6uEmm2--8RGWpIcaDn7MMA&utm_medium=api&utm_source=d69e57de&v=D25A98AA27051B1A4ECA16DCBB19EDA5A73C89E8,
adzuna_5867271213,adzuna,Data Management Analyst (m/f/d),Data Analyst,PPG,Polska,2026-09-02,full_time,,,,False,onsite/unspecified,https://www.adzuna.pl/details/5867271213?utm_medium=api&utm_source=d69e57de,
adzuna_5856528740,adzuna,Data Platform Engineer / Analyst,Data Engineer,YOUR ITEAMS sp. z o.o.,"Warszawa, mazowieckie",2026-08-26,,,,,False,onsite/unspecified,https://www.adzuna.pl/details/5856528740?utm_medium=api&utm_source=d69e57de,
adzuna_5482259763,adzuna,Data Governance & Quality Analyst,Data Analyst,TSMG,"Kraków, małopolskie",2025-11-05,full_time,,,,False,onsite/unspecified,https://www.adzuna.pl/details/5482259763?utm_medium=api&utm_source=d69e57de,
adzuna_5866751002,adzuna,Data Monitoring & Escalation Analyst,Data Analyst,Volkswagen Financial Services,"Warszawa, mazowieckie",2026-09-02,,,,,False,onsite/unspecified,https://www.adzuna.pl/details/5866751002?utm_medium=api&utm_source=d69e57de,
adzuna_5862334156,adzuna,Data Product & Governance Analyst,Data Analyst,U.S. Bank,"Warszawa, mazowieckie",2026-08-30,full_time,,,,False,onsite/unspecified,https://www.adzuna.pl/details/5862334156?utm_medium=api&utm_source=d69e57de,
adzuna_5860796607,adzuna,Data Product & Governance Analyst,Data Analyst,U.S. Bank,"Warszawa, mazowieckie",2026-08-29,,,,,False,onsite/unspecified,https://www.adzuna.pl/details/5860796607?utm_medium=api&utm_source=d69e57de,
adzuna_5840228634,adzuna,Data Platform Developer-Analyst,Data Engineer,Upvanta sp. z o.o.,"Wrocław, dolnośląskie",2026-08-13,,,23100.0,27300.0,False,onsite/unspecified,https://www.adzuna.pl/details/5840228634?utm_medium=api&utm_source=d69e57de,25200.0
adzuna_5898401504,adzuna,Principal Data Business Analyst - Customer 360 & Graph Intelligence,Data Analyst,Datamatics Technologies,Polska,2026-09-25,,,,,False,hybrid,https://www.adzuna.pl/details/5898401504?utm_medium=api&utm_source=d69e57de,
adzuna_5898061123,adzuna,IT&Data Product Analyst (Core HR Platform Lead),Data Analyst,Grupa Spółek Danone Polska,"Warszawa, mazowieckie",2026-09-25,,,,,False,onsite/unspecified,https://www.adzuna.pl/details/5898061123?utm_medium=api&utm_source=d69e57de,
adzuna_5861327875,adzuna,"Senior Associate, Real World Data (RWD) Analyst (EMEA)",Data Analyst,Fortrea,Polska,2026-08-29,full_time,,,,False,onsite/unspecified,https://www.adzuna.pl/details/5861327875?utm_medium=api&utm_source=d69e57de,
adzuna_5867274864,adzuna,Data Management Analyst with French (m/f/d),Data Analyst,PPG,Polska,2026-09-02,full_time,,,,False,onsite/unspecified,https://www.adzuna.pl/details/5867274864?utm_medium=api&utm_source=d69e57de,
adzuna_5879137064,adzuna,Technical Business Analyst @ EBIS,Data Analyst,EBIS,"Kraków, małopolskie",2026-09-11,full_time,,12000.0,18000.0,False,onsite/unspecified,https://www.adzuna.pl/land/ad/5879137064?se=6uEmm2--8RGWpIcaDn7MMA&utm_medium=api&utm_source=d69e57de&v=47AE6174A9961FADC8EAEC7A60611DD0D19E148A,15000.0
adzuna_5792384326,adzuna,Business Analyst – Data Handling & Harmonization,Data Analyst,B2Bnetwork,"Warszawa, mazowieckie",2026-07-08,,,16800.0,21000.0,False,hybrid,https://www.adzuna.pl/details/5792384326?utm_medium=api&utm_source=d69e57de,18900.0
adzuna_5837175633,adzuna,Senior IT Analyst (Data & Analytics),Data Analyst,Jit Team,Polska,2026-08-11,full_time,,15200.0,22100.0,False,onsite/unspecified,https://www.adzuna.pl/details/5837175633?utm_medium=api&utm_source=d69e57de,18650.0
adzuna_5658044249,adzuna,Lead Data Governance & Quality Analyst,Data Analyst,Thomson Reuters,Polska,2026-03-07,full_time,,,,False,hybrid,https://www.adzuna.pl/details/5658044249?utm_medium=api&utm_source=d69e57de,
adzuna_5843286144,adzuna,Master Data Management Technical Analyst,Data Analyst,Arrow,Polska,2026-08-15,full_time,,,,False,onsite/unspecified,https://www.adzuna.pl/details/5843286144?utm_medium=api&utm_source=d69e57de,
adzuna_5885831604,adzuna,Senior Business Analyst – Data & Transformation,Data Analyst,Antal SSC/BPO,"Kraków, małopolskie",2026-09-16,,,,,False,onsite/unspecified,https://www.adzuna.pl/details/5885831604?utm_medium=api&utm_source=d69e57de,
adzuna_5843985294,adzuna,Master Data Management Technical Analyst,Data Analyst,Arrow Electronics,"Gdańsk, Trójmiasto",2026-08-16,,,,,False,onsite/unspecified,https://www.adzuna.pl/details/5843985294?utm_medium=api&utm_source=d69e57de,
adzuna_5879970686,adzuna,Business Analyst - Data Strategy & Banking,Data Analyst,Belvedere,"Kraków, małopolskie",2026-09-11,,,,,False,hybrid,https://www.adzuna.pl/details/5879970686?utm_medium=api&utm_source=d69e57de,
adzuna_5836939630,adzuna,Senior Data Quality and Governance Analyst / Data Governance Business Partner,Data Analyst,JLL,Polska,2026-08-11,full_time,,,,False,onsite/unspecified,https://www.adzuna.pl/details/5836939630?utm_medium=api&utm_source=d69e57de,
adzuna_5882800116,adzuna,Senior IT Analyst (Data Domain),Data Analyst,Jit,Polska,2026-09-13,part_time,,,,False,hybrid,https://www.adzuna.pl/details/5882800116?utm_medium=api&utm_source=d69e57de,
adzuna_5829428014,adzuna,Business Analyst (Data Governance) (Remote),Data Analyst,Scalo,Polska,2026-08-05,full_time,,16800.0,21000.0,False,remote,https://www.adzuna.pl/details/5829428014?utm_medium=api&utm_source=d69e57de,18900.0
adzuna_5879137019,adzuna,Senior Product Analyst - Allegro Pay (Machine Learning and Analytics) @ Grupa Allegro Sp. z o. o.,Data Scientist,Grupa Allegro Sp. z o. o.,"Warszawa, mazowieckie",2026-09-11,full_time,,,,False,onsite/unspecified,https://www.adzuna.pl/land/ad/5879137019?se=6uEmm2--8RGWpIcaDn7MMA&utm_medium=api&utm_source=d69e57de&v=E8818295B35C0AD2490DB3C0868F1CD300A3A62F,
adzuna_5888533825,adzuna,Product Lead (Trading) @ Railsware,Other,Railsware,Polska,2026-09-18,full_time,,,,False,onsite/unspecified,https://www.adzuna.pl/land/ad/5888533825?se=6uEmm2--8RGWpIcaDn7MMA&utm_medium=api&utm_source=d69e57de&v=F449B2332233936665CD9A0B4A27AD9A168B2929,
adzuna_5885832926,adzuna,Senior Data Quality Management Analyst – BA,Data Analyst,Mindbox Sp. z o.o.,"Kraków, małopolskie",2026-09-16,,,,,False,onsite/unspecified,https://www.adzuna.pl/details/5885832926?utm_medium=api&utm_source=d69e57de,
adzuna_5902987507,adzuna,Data and Reporting Analyst - Investment Risk,Data Analyst,FRANKLIN TEMPLETON,"Poznań, wielkopolskie",2026-09-29,full_time,,,,False,onsite/unspecified,https://www.adzuna.pl/details/5902987507?utm_medium=api&utm_source=d69e57de,
adzuna_5891501783,adzuna,Controlling Master Data Central Governance Analyst,Data Analyst,Atotech Poland Sp. z o.o.,"Poznań, wielkopolskie",2026-09-20,,,,,False,onsite/unspecified,https://www.adzuna.pl/details/5891501783?utm_medium=api&utm_source=d69e57de,
adzuna_5891501941,adzuna,Business Analyst (Data Migration & Knowledge Management),Data Analyst,OPTIVEUM SPÓŁKA Z OGRANICZONĄ ODPOWIEDZIALNOŚCIĄ,"Warszawa, mazowieckie",2026-09-20,,,,,False,onsite/unspecified,https://www.adzuna.pl/details/5891501941?utm_medium=api&utm_source=d69e57de,
adzuna_5723514315,adzuna,Controlling Master Data Central Governance Analyst,Data Analyst,MKS Instruments,Polska,2026-05-08,full_time,,,,False,onsite/unspecified,https://www.adzuna.pl/details/5723514315?utm_medium=api&utm_source=d69e57de,
adzuna_5882800694,adzuna,Expert IT Analyst - data engineering area,Data Engineer,B2B Network,Polska,2026-09-13,,,,,False,onsite/unspecified,https://www.adzuna.pl/details/5882800694?utm_medium=api&utm_source=d69e57de,
adzuna_5838146355,adzuna,Data Quality Business Analyst | Branża Bankowa,Data Analyst,Edge One Solutions Sp. z o.o,"Warszawa, mazowieckie",2026-08-12,,,,,False,onsite/unspecified,https://www.adzuna.pl/details/5838146355?utm_medium=api&utm_source=d69e57de,
adzuna_5819711197,adzuna,AI & Data Technical Business Analyst AWS,Data Scientist,emagine Polska,"Warszawa, mazowieckie",2026-07-29,,,21000.0,22680.0,False,hybrid,https://www.adzuna.pl/details/5819711197?utm_medium=api&utm_source=d69e57de,21840.0
adzuna_5906150586,adzuna,Life Science Data Consultant / Analyst (She/He/They) - ICH Europe,Data Analyst,Accenture,Polska,2026-10-01,full_time,,,,False,onsite/unspecified,https://www.adzuna.pl/details/5906150586?utm_medium=api&utm_source=d69e57de,
adzuna_5885467709,adzuna,Business Analyst with German - IT Contracting @ Michael Page,Data Analyst,Michael Page,Polska,2026-09-16,full_time,,,,False,onsite/unspecified,https://www.adzuna.pl/land/ad/5885467709?se=lH7am2--8RGWpIcaDn7MMA&utm_medium=api&utm_source=d69e57de&v=07C153F1C930F6B74F7DEC012233B270DF02F41E,
adzuna_5902970844,adzuna,"Data Quality Business Analyst (Finance), Senior Associate",Data Analyst,State Street,"Kraków, małopolskie",2026-09-29,full_time,,87000.0,87000.0,False,onsite/unspecified,https://www.adzuna.pl/details/5902970844?utm_medium=api&utm_source=d69e57de,87000.0
adzuna_5899445186,adzuna,IT Analyst – Data Engineering (f/m/x),Data Engineer,B2B.NET S.A.,"Łódź, łódzkie",2026-09-26,,,,,False,onsite/unspecified,https://www.adzuna.pl/details/5899445186?utm_medium=api&utm_source=d69e57de,
adzuna_5899445093,adzuna,IT Analyst – Data Engineering (f/m/x),Data Engineer,B2B.NET S.A.,"Gdańsk, Trójmiasto",2026-09-26,,,,,False,onsite/unspecified,https://www.adzuna.pl/details/5899445093?utm_medium=api&utm_source=d69e57de,
adzuna_5899445149,adzuna,IT Analyst – Data Engineering (f/m/x),Data Engineer,B2B.NET S.A.,"Gdynia, Trójmiasto",2026-09-26,,,,,False,onsite/unspecified,https://www.adzuna.pl/details/5899445149?utm_medium=api&utm_source=d69e57de,
adzuna_5899445210,adzuna,IT Analyst – Data Engineering (f/m/x),Data Engineer,B2B.NET S.A.,"Warszawa, mazowieckie",2026-09-26,,,,,False,onsite/unspecified,https://www.adzuna.pl/details/5899445210?utm_medium=api&utm_source=d69e57de,
adzuna_5879434044,adzuna,Senior Data Quality Business Analyst | Branża Bankowa,Data Analyst,Edge One Solutions Sp. z o.o.,"Warszawa, mazowieckie",2026-09-11,,,,,False,hybrid,https://www.adzuna.pl/details/5879434044?utm_medium=api&utm_source=d69e57de,
adzuna_5879434013,adzuna,IT Product Analyst – Data Analysis & Product Development,Data Analyst,ITDS Polska Sp. z o.o.,"Warszawa, mazowieckie",2026-09-11,,,,,False,onsite/unspecified,https://www.adzuna.pl/details/5879434013?utm_medium=api&utm_source=d69e57de,
adzuna_5646758789,adzuna,Technical Business Analyst @ Mindbox Sp. z o.o.,Data Analyst,Mindbox Sp. z o.o.,"Kraków, małopolskie",2026-02-27,full_time,,,,False,onsite/unspecified,https://www.adzuna.pl/land/ad/5646758789?se=lH7am2--8RGWpIcaDn7MMA&utm_medium=api&utm_source=d69e57de&v=D36B42C19D4BCD604906045906B3F20365E61E37,
adzuna_5895257116,adzuna,Deployment Strategist,Other,Albatross,Polska,2026-09-23,full_time,,,,False,remote,https://www.adzuna.pl/details/5895257116?utm_medium=api&utm_source=d69e57de,
adzuna_5885832496,adzuna,Senior Data Warehouse (DWH) Analyst – Financial Sector Expertise,Data Analyst,ITDS Polska Sp. z o.o.,"Warszawa, mazowieckie",2026-09-16,,,,,False,onsite/unspecified,https://www.adzuna.pl/details/5885832496?utm_medium=api&utm_source=d69e57de,
adzuna_5880763077,adzuna,Senior IT Analyst – Data Warehouse & Reporting (k/m),Data Analyst,B2B.NET S.A.,"Gdańsk, Trójmiasto",2026-09-12,,,,,False,onsite/unspecified,https://www.adzuna.pl/details/5880763077?utm_medium=api&utm_source=d69e57de,
adzuna_5880763076,adzuna,Senior IT Analyst – Data Warehouse & Reporting (k/m),Data Analyst,B2B.NET S.A.,"Gdynia, Trójmiasto",2026-09-12,,,,,False,onsite/unspecified,https://www.adzuna.pl/details/5880763076?utm_medium=api&utm_source=d69e57de,
adzuna_5880763075,adzuna,Senior IT Analyst – Data Warehouse & Reporting (k/m),Data Analyst,B2B.NET S.A.,"Łódź, łódzkie",2026-09-12,,,,,False,onsite/unspecified,https://www.adzuna.pl/details/5880763075?utm_medium=api&utm_source=d69e57de,
adzuna_5880763073,adzuna,Senior IT Analyst – Data Warehouse & Reporting (k/m),Data Analyst,B2B.NET S.A.,"Warszawa, mazowieckie",2026-09-12,,,,,False,onsite/unspecified,https://www.adzuna.pl/details/5880763073?utm_medium=api&utm_source=d69e57de,
adzuna_5822312671,adzuna,Senior Business Analyst Data & Analytics She He They,Data Analyst,Capco Poland,"Warszawa, mazowieckie",2026-07-31,,,,,False,hybrid,https://www.adzuna.pl/details/5822312671?utm_medium=api&utm_source=d69e57de,
adzuna_5794128693,adzuna,BI Developer,BI Developer,Link Group,"Poznań, wielkopolskie",2026-07-09,,,16000.0,19000.0,False,onsite/unspecified,https://www.adzuna.pl/details/5794128693?utm_medium=api&utm_source=d69e57de,17500.0
adzuna_5905235366,adzuna,Senior Business Analyst – Market Data & Governance,Data Analyst,ITDS Polska Sp. z o.o.,"Kraków, małopolskie",2026-10-01,,,,,False,onsite/unspecified,https://www.adzuna.pl/details/5905235366?utm_medium=api&utm_source=d69e57de,
adzuna_5856738717,adzuna,Senior Technical Business Analyst – AWS & Data,Data Analyst,emagine Polska,Polska,2026-08-26,,,,,False,hybrid,https://www.adzuna.pl/details/5856738717?utm_medium=api&utm_source=d69e57de,
adzuna_5850362660,adzuna,DLP Operations Analyst @ Antal,Data Analyst,Antal,"Kraków, małopolskie",2026-08-21,full_time,,,,False,onsite/unspecified,https://www.adzuna.pl/land/ad/5850362660?se=lH7am2--8RGWpIcaDn7MMA&utm_medium=api&utm_source=d69e57de&v=C91C66C34458E4C6EAC597511BF4B8FCCCC3930F,
adzuna_5878750907,adzuna,F/M: Data Engineer,Data Engineer,PeopleVibe,Polska,2026-09-10,,,,,False,remote,https://www.adzuna.pl/details/5878750907?utm_medium=api&utm_source=d69e57de,
adzuna_5757746985,adzuna,Sr Billing Engineer,Other,Solera,Polska,2026-06-10,full_time,,,,False,onsite/unspecified,https://www.adzuna.pl/details/5757746985?utm_medium=api&utm_source=d69e57de,
adzuna_5885832465,adzuna,Senior Markets & Securities Services Business Analyst – Data & Process Optimization,Data Analyst,ITDS Polska Sp. z o.o.,"Kraków, małopolskie",2026-09-16,,,,,False,onsite/unspecified,https://www.adzuna.pl/details/5885832465?utm_medium=api&utm_source=d69e57de,
adzuna_5605346899,adzuna,Data & AI Strategy Analyst / Consultant / Manager(She/He/They),Data Scientist,Accenture,Polska,2026-01-29,full_time,,,,False,onsite/unspecified,https://www.adzuna.pl/details/5605346899?utm_medium=api&utm_source=d69e57de,
adzuna_5784520661,adzuna,Business Analyst - Finance & Regulatory Data,Data Analyst,Belvedere,"Kraków, małopolskie",2026-07-02,,,,,False,hybrid,https://www.adzuna.pl/details/5784520661?utm_medium=api&utm_source=d69e57de,
adzuna_5816881934,adzuna,Business Analyst Finance & Regulatory Data,Data Analyst,Capco,"Kraków, małopolskie",2026-07-27,,,,,False,onsite/unspecified,https://www.adzuna.pl/details/5816881934?utm_medium=api&utm_source=d69e57de,
adzuna_5872873537,adzuna,"Senior IT Analyst, DRT Data Engineering team",Data Engineer,NORDEA Bank Abp SA Oddział w Polsce,"Gdańsk, Trójmiasto",2026-09-06,,,,,False,onsite/unspecified,https://www.adzuna.pl/details/5872873537?utm_medium=api&utm_source=d69e57de,
adzuna_5840228926,adzuna,Data Platform Developer and Analyst | Branża bankowa,Data Engineer,Edge One Solutions Sp. z o.o,"Wrocław, dolnośląskie",2026-08-13,,,,,False,onsite/unspecified,https://www.adzuna.pl/details/5840228926?utm_medium=api&utm_source=d69e57de,
adzuna_5852205207,adzuna,Data & Analytics Consultant / Analyst for the Resources Industry - ICH Europe,Data Analyst,Accenture Strategy & Consulting,"Warszawa, mazowieckie",2026-08-22,,,,,False,onsite/unspecified,https://www.adzuna.pl/details/5852205207?utm_medium=api&utm_source=d69e57de,
adzuna_5702981854,adzuna,Software Engineer - Lakehouse and AI Data Platform - Warsaw - Analyst / Associate,Data Engineer,Goldman Sachs,"Warszawa, mazowieckie",2026-04-17,,,,,False,onsite/unspecified,https://www.adzuna.pl/details/5702981854?utm_medium=api&utm_source=d69e57de,
adzuna_5906150390,adzuna,Data & Analytics Consultant / Analyst for the Resources Industry - ICH Europe,Data Analyst,Accenture,Polska,2026-10-01,full_time,,,,False,onsite/unspecified,https://www.adzuna.pl/details/5906150390?utm_medium=api&utm_source=d69e57de,
adzuna_5795555555,adzuna,Senior IT Analyst,Data Analyst,B2Bnetwork,"Gdańsk, Trójmiasto",2026-07-10,,,16800.0,20160.0,False,onsite/unspecified,https://www.adzuna.pl/details/5795555555?utm_medium=api&utm_source=d69e57de,18480.0
adzuna_5822696138,adzuna,Senior Data Platform Engineer (Remote),Data Engineer,Integral Solutions,"Warszawa, mazowieckie",2026-07-31,full_time,,20200.0,26900.0,False,remote,https://www.adzuna.pl/details/5822696138?utm_medium=api&utm_source=d69e57de,23550.0
adzuna_5827706414,adzuna,Senior Data Engineer - Process Mining,Data Engineer,BNP Paribas SA oddział w Polsce,"Warszawa, mazowieckie",2026-08-04,,,,,False,onsite/unspecified,https://www.adzuna.pl/details/5827706414?utm_medium=api&utm_source=d69e57de,
adzuna_5811519767,adzuna,Senior Product Analyst - Warsaw,Data Analyst,Trivago,"Raszyn, mazowieckie",2026-07-23,full_time,,,,False,onsite/unspecified,https://www.adzuna.pl/details/5811519767?utm_medium=api&utm_source=d69e57de,
adzuna_5906150392,adzuna,Data Platform Product Owner / Business Analyst,Data Engineer,Margo,"Warszawa, mazowieckie",2026-10-01,full_time,,,,False,onsite/unspecified,https://www.adzuna.pl/details/5906150392?utm_medium=api&utm_source=d69e57de,
adzuna_5865307191,adzuna,Snowflake Analyst,Data Analyst,DCG,Polska,2026-09-01,full_time,,21800.0,26000.0,False,onsite/unspecified,https://www.adzuna.pl/details/5865307191?utm_medium=api&utm_source=d69e57de,23900.0
adzuna_5900450501,adzuna,Cloud Data Architect,Other,NESS SOLUTION sp. z o.o.,"Warszawa, mazowieckie",2026-09-27,,,,,False,onsite/unspecified,https://www.adzuna.pl/details/5900450501?utm_medium=api&utm_source=d69e57de,
adzuna_5903175047,adzuna,Material Planner with French,Other,Unknown,"Oleśnica, dolnośląskie",2026-09-30,,,,,False,onsite/unspecified,https://www.adzuna.pl/details/5903175047?utm_medium=api&utm_source=d69e57de,
adzuna_5888928073,adzuna,BI Data Engineer – ETL / Data Warehouse / Lakehouse (m/k/n),Data Engineer,UPVANTA SPÓŁKA Z OGRANICZONĄ ODPOWIEDZIALNOŚCIĄ,"Wrocław, dolnośląskie",2026-09-18,,,,,False,onsite/unspecified,https://www.adzuna.pl/details/5888928073?utm_medium=api&utm_source=d69e57de,
adzuna_5880459256,adzuna,Senior Java Developer @ Moondigo Sp. z o.o.,Other,Moondigo Sp. z o.o.,Polska,2026-09-12,full_time,,,,False,onsite/unspecified,https://www.adzuna.pl/land/ad/5880459256?se=lH7am2--8RGWpIcaDn7MMA&utm_medium=api&utm_source=d69e57de&v=BFD41351B63E82E1BF546DF2E0754D472F892DEE,
adzuna_5906148360,adzuna,HR Data Project - Product Owner / Business analyst,Data Analyst,Margo,"Warszawa, mazowieckie",2026-10-01,full_time,,,,False,onsite/unspecified,https://www.adzuna.pl/details/5906148360?utm_medium=api&utm_source=d69e57de,
adzuna_5819711946,adzuna,Senior System Analyst SQL | Oracle | Data Integration,Data Analyst,emagine Polska,"Kraków, małopolskie",2026-07-29,,,22680.0,26040.0,False,hybrid,https://www.adzuna.pl/details/5819711946?utm_medium=api&utm_source=d69e57de,24360.0
adzuna_5898060064,adzuna,Lead Data Engineer / Lead Data Engineerka (Big Query),Data Engineer,WEALTHON S.A.,"Warszawa, mazowieckie",2026-09-25,,,,,False,onsite/unspecified,https://www.adzuna.pl/details/5898060064?utm_medium=api&utm_source=d69e57de,
adzuna_5804136772,adzuna,IT Business Analyst @ Antal,Data Analyst,Antal,"Kraków, małopolskie",2026-07-17,full_time,,,,False,onsite/unspecified,https://www.adzuna.pl/land/ad/5804136772?se=FPChnG--8RGTrvtqlpq4qw&utm_medium=api&utm_source=d69e57de&v=51342BE7BABDBC1FD64EB35786CD0FFB66FAABE3,
adzuna_5688219128,adzuna,Senior Data Architect (Data Modeling & Governance),Data Engineer,Clouds On Mars sp. z o.o.,Polska,2026-04-03,,,,,False,onsite/unspecified,https://www.adzuna.pl/details/5688219128?utm_medium=api&utm_source=d69e57de,
adzuna_5880762540,adzuna,Data Engineer,Data Engineer,STAR HUNT,"Warszawa, mazowieckie",2026-09-12,,,,,False,onsite/unspecified,https://www.adzuna.pl/details/5880762540?utm_medium=api&utm_source=d69e57de,
adzuna_5772038531,adzuna,Billing Systems Engineer,Other,Solera,Polska,2026-06-22,full_time,,,,False,onsite/unspecified,https://www.adzuna.pl/details/5772038531?utm_medium=api&utm_source=d69e57de,
adzuna_5899904740,adzuna,Senior Investment Compliance Analyst,Data Analyst,State Street,Polska,2026-09-26,full_time,,68004.0,68004.0,False,onsite/unspecified,https://www.adzuna.pl/details/5899904740?utm_medium=api&utm_source=d69e57de,68004.0
adzuna_5878158429,adzuna,F/M: Data Engineer – Azure & Databricks,Data Engineer,PEOPLEVIBE SPÓŁKA Z OGRANICZONĄ ODPOWIEDZIALNOŚCIĄ,"Warszawa, mazowieckie",2026-09-10,,,,,False,onsite/unspecified,https://www.adzuna.pl/details/5878158429?utm_medium=api&utm_source=d69e57de,
adzuna_5680696292,adzuna,Google Analytics & GTM Specialist (F/M),Other,Lyreco,"Gdańsk, Trójmiasto",2026-03-27,full_time,,,,False,onsite/unspecified,https://www.adzuna.pl/details/5680696292?utm_medium=api&utm_source=d69e57de,
adzuna_5900798846,adzuna,Senior Data Engineer,Data Engineer,Johnson Controls,"Warszawa, mazowieckie",2026-09-27,full_time,,19600.0,30600.0,False,onsite/unspecified,https://www.adzuna.pl/details/5900798846?utm_medium=api&utm_source=d69e57de,25100.0
adzuna_5855310639,adzuna,Data & Analytics Opportunities,Other,emagine Polska,Polska,2026-08-25,,,,,False,onsite/unspecified,https://www.adzuna.pl/details/5855310639?utm_medium=api&utm_source=d69e57de,
adzuna_5789437151,adzuna,Junior Analyst – HR Operations Employee Data Management,Data Analyst,Baxter,Polska,2026-07-06,full_time,,,,False,onsite/unspecified,https://www.adzuna.pl/details/5789437151?utm_medium=api&utm_source=d69e57de,
adzuna_5822015721,adzuna,GBS,Other,Kingfisher PLC,"Węgrzce, małopolskie",2026-07-31,full_time,,,,False,onsite/unspecified,https://www.adzuna.pl/details/5822015721?utm_medium=api&utm_source=d69e57de,
adzuna_5901555534,adzuna,Tableau Platform & Business Intelligence Engineer,BI Developer,TELEKOM HELLENIC BUSINESS SOLUTIONS SA,Polska,2026-09-28,,,,,False,onsite/unspecified,https://www.adzuna.pl/details/5901555534?utm_medium=api&utm_source=d69e57de,
adzuna_5882401228,adzuna,Senior Product Analyst - Allegro Pay (Machine Learning and Analytics),Data Scientist,Allegro,"Warszawa, mazowieckie",2026-09-13,,,,,False,onsite/unspecified,https://www.adzuna.pl/details/5882401228?utm_medium=api&utm_source=d69e57de,
adzuna_5869810355,adzuna,Junior/mid Data Engineer @ Falck Digital Technology Poland Sp. z o.o.,Data Engineer,Falck Digital Technology Poland Sp. z o.o.,"Warszawa, mazowieckie",2026-09-04,full_time,,12000.0,20000.0,False,onsite/unspecified,https://www.adzuna.pl/land/ad/5869810355?se=FPChnG--8RGTrvtqlpq4qw&utm_medium=api&utm_source=d69e57de&v=C88A87AB62F6975CBE0F64AFAEE3FA22CDC7F828,16000.0
adzuna_5894946795,adzuna,Product Analyst (Consumer Analytics),Data Analyst,Allegro,"Poznań, wielkopolskie",2026-09-23,,,,,False,onsite/unspecified,https://www.adzuna.pl/details/5894946795?utm_medium=api&utm_source=d69e57de,
adzuna_5904129308,adzuna,Fraud Analyst,Data Analyst,Tripledot Studios,"Warszawa, mazowieckie",2026-09-30,,,,,False,onsite/unspecified,https://www.adzuna.pl/details/5904129308?utm_medium=api&utm_source=d69e57de,
adzuna_5906151798,adzuna,Commercial Project Manager | Junior-Mid | Saily,Other,Nord Security,Polska,2026-10-01,full_time,,8500.0,16100.0,False,onsite/unspecified,https://www.adzuna.pl/details/5906151798?utm_medium=api&utm_source=d69e57de,12300.0
adzuna_5898060792,adzuna,ESG Regulatory Reporting Specialist / Analyst - Technical Profile - Data & Reporting (k/m),Data Analyst,B2B.NET S.A.,"Warszawa, mazowieckie",2026-09-25,,,,,False,onsite/unspecified,https://www.adzuna.pl/details/5898060792?utm_medium=api&utm_source=d69e57de,
adzuna_5898060731,adzuna,ESG Regulatory Reporting Specialist / Analyst - Technical Profile - Data Automation (k/m),Data Analyst,B2B.NET S.A.,"Warszawa, mazowieckie",2026-09-25,,,,,False,onsite/unspecified,https://www.adzuna.pl/details/5898060731?utm_medium=api&utm_source=d69e57de,
adzuna_5879137007,adzuna,Project Manager (m/f/d) @ ALM Services Technology Group,Other,ALM Services Technology Group,Polska,2026-09-11,full_time,,22000.0,27000.0,False,onsite/unspecified,https://www.adzuna.pl/land/ad/5879137007?se=FPChnG--8RGTrvtqlpq4qw&utm_medium=api&utm_source=d69e57de&v=7C4052B595C244080CFCE9BAC1744E6347E87F48,24500.0
adzuna_5870831128,adzuna,"Senior Application Support Specialist, G&A Technology Solutions",Other,BeiGene,"Warszawa, mazowieckie",2026-09-04,full_time,,,,False,onsite/unspecified,https://www.adzuna.pl/details/5870831128?utm_medium=api&utm_source=d69e57de,
adzuna_5898610428,adzuna,Junior eCommerce Commercial Analyst,Data Analyst,Stanley Black & Decker,Polska,2026-09-25,full_time,,98000.0,,False,hybrid,https://www.adzuna.pl/details/5898610428?utm_medium=api&utm_source=d69e57de,98000.0
adzuna_5882400119,adzuna,Inżynier ds. Diagnostyki Maszyn (k/m),Other,PREMA SA,Polska,2026-09-13,,,,,False,onsite/unspecified,https://www.adzuna.pl/details/5882400119?utm_medium=api&utm_source=d69e57de,
adzuna_5897965889,adzuna,Junior eCommerce Commercial Analyst,Data Analyst,Stanley Black and Decker,"Poznań, wielkopolskie",2026-09-25,,,,,False,hybrid,https://www.adzuna.pl/details/5897965889?utm_medium=api&utm_source=d69e57de,
adzuna_5829291538,adzuna,All roles - open application,Other,Join IndieBI,"Zgierz, łódzkie",2026-08-05,full_time,,,,False,remote,https://www.adzuna.pl/details/5829291538?utm_medium=api&utm_source=d69e57de,
adzuna_5803977473,adzuna,IT Business Analyst,Data Analyst,Antal,Polska,2026-07-17,,,,,False,hybrid,https://www.adzuna.pl/details/5803977473?utm_medium=api&utm_source=d69e57de,
adzuna_5852677922,adzuna,Senior Delivery Analyst,Data Analyst,Acxiom,Polska,2026-08-22,full_time,,,,False,onsite/unspecified,https://www.adzuna.pl/details/5852677922?utm_medium=api&utm_source=d69e57de,
adzuna_5890333440,adzuna,Senior Tableau Engineer,BI Developer,DataArt Poland sp. z o.o.,"Warszawa, mazowieckie",2026-09-19,,,,,False,onsite/unspecified,https://www.adzuna.pl/details/5890333440?utm_medium=api&utm_source=d69e57de,
adzuna_5801110169,adzuna,IT Business Analyst,Data Analyst,Antal Sp. z o.o.,"Kraków, małopolskie",2026-07-15,,,23520.0,26880.0,False,hybrid,https://www.adzuna.pl/details/5801110169?utm_medium=api&utm_source=d69e57de,25200.0
adzuna_5848095589,adzuna,DLP Operations Analyst,Data Analyst,Antal Sp. z o.o.,"Kraków, małopolskie",2026-08-19,,,,,False,hybrid,https://www.adzuna.pl/details/5848095589?utm_medium=api&utm_source=d69e57de,
adzuna_5853747863,adzuna,ESG IS Business Analyst,Data Analyst,ABB,Polska,2026-08-23,full_time,,,,False,onsite/unspecified,https://www.adzuna.pl/details/5853747863?utm_medium=api&utm_source=d69e57de,
adzuna_5843285166,adzuna,Senior Data Scientist — AI Evaluation & Quality (Remote),Data Scientist,Finom,"Kraków, małopolskie",2026-08-15,full_time,,,,False,remote,https://www.adzuna.pl/details/5843285166?utm_medium=api&utm_source=d69e57de,
adzuna_5872184098,adzuna,Business Analyst - Market Risk,Data Analyst,Capco,"Warszawa, mazowieckie",2026-09-05,,,,,False,onsite/unspecified,https://www.adzuna.pl/details/5872184098?utm_medium=api&utm_source=d69e57de,
adzuna_5882401071,adzuna,Information Architect (Finance),Other,YOUR ITEAMS sp. z o.o.,"Warszawa, mazowieckie",2026-09-13,,,,,False,onsite/unspecified,https://www.adzuna.pl/details/5882401071?utm_medium=api&utm_source=d69e57de,
adzuna_5789437604,adzuna,Web Analyst,Data Analyst,2manydots,"Ząbki, mazowieckie",2026-07-06,full_time,,3250.0,4500.0,False,onsite/unspecified,https://www.adzuna.pl/details/5789437604?utm_medium=api&utm_source=d69e57de,3875.0
adzuna_5806612594,adzuna,Finance Controller 12.000 PLN/month in a global company with HO options: Warsaw (Ref. no.: FC021),Other,Synerta Personnel,Polska,2026-07-19,,,,,False,onsite/unspecified,https://www.adzuna.pl/details/5806612594?utm_medium=api&utm_source=d69e57de,
adzuna_5786103396,adzuna,Treasury Senior Analyst,Data Analyst,Equinix,Polska,2026-07-03,full_time,,,,False,onsite/unspecified,https://www.adzuna.pl/details/5786103396?utm_medium=api&utm_source=d69e57de,
adzuna_5624884503,adzuna,RTR - Open Talent Pool,Other,Sony Music Global,Polska,2026-02-11,,,,,False,onsite/unspecified,https://www.adzuna.pl/details/5624884503?utm_medium=api&utm_source=d69e57de,
adzuna_5838585602,adzuna,"Senior Research Specialist, Power",Other,London Stock Exchange Group,Polska,2026-08-12,full_time,,,,False,onsite/unspecified,https://www.adzuna.pl/details/5838585602?utm_medium=api&utm_source=d69e57de,
adzuna_5903119180,adzuna,Reporting Analyst,Data Analyst,Corning,"Stryków, łódzkie",2026-09-30,,,,,False,onsite/unspecified,https://www.adzuna.pl/details/5903119180?utm_medium=api&utm_source=d69e57de,
adzuna_5904997827,adzuna,Reporting Analyst,Data Analyst,Corning Incorporated,"Stryków, łódzkie",2026-10-01,,,,,False,onsite/unspecified,https://www.adzuna.pl/details/5904997827?utm_medium=api&utm_source=d69e57de,
adzuna_5889647722,adzuna,"Research Specialist, Agriculture (Secondment)",Other,London Stock Exchange Group,Polska,2026-09-18,full_time,,,,False,onsite/unspecified,https://www.adzuna.pl/details/5889647722?utm_medium=api&utm_source=d69e57de,
adzuna_5889647721,adzuna,"IT Specialist – Legal, Corporate Affairs & Corp Functions – IT Portfolio",Other,Tate & Lyle,Polska,2026-09-18,full_time,,,,False,onsite/unspecified,https://www.adzuna.pl/details/5889647721?utm_medium=api&utm_source=d69e57de,
adzuna_5888034829,adzuna,"Senior ETF Research Analyst, State Street Investment Management, Assistant Vice President",Data Analyst,State Street,Polska,2026-09-17,full_time,,,,False,onsite/unspecified,https://www.adzuna.pl/details/5888034829?utm_medium=api&utm_source=d69e57de,
adzuna_5858426388,adzuna,Data Engineer,Data Engineer,Orange Polska,"Warszawa, mazowieckie",2026-08-27,,,,,False,onsite/unspecified,https://www.adzuna.pl/land/ad/5858426388?se=OJkunW--8RGTrvtqlpq4qw&utm_medium=api&utm_source=d69e57de&v=BA22E732213BA2CEEA173CFC9E68AD1EE7BFC0BC,
adzuna_5875077563,adzuna,Data Engineer @ DS STREAM,Data Engineer,DS STREAM,Polska,2026-09-08,full_time,,,,False,onsite/unspecified,https://www.adzuna.pl/land/ad/5875077563?se=OJkunW--8RGTrvtqlpq4qw&utm_medium=api&utm_source=d69e57de&v=6B39D4756D24800513684C340FFC0CEB2649912F,
adzuna_5880459325,adzuna,Data Engineer @ Connectis_,Data Engineer,Connectis,Polska,2026-09-12,full_time,,,,False,onsite/unspecified,https://www.adzuna.pl/land/ad/5880459325?se=OJkunW--8RGTrvtqlpq4qw&utm_medium=api&utm_source=d69e57de&v=6B56AEE15B2A333B09CAE405C63F1697BA33CC16,
adzuna_5899052954,adzuna,Data Engineer @ Salestube,Data Engineer,Salestube,"Warszawa, mazowieckie",2026-09-26,full_time,,14000.0,14000.0,False,onsite/unspecified,https://www.adzuna.pl/land/ad/5899052954?se=OJkunW--8RGTrvtqlpq4qw&utm_medium=api&utm_source=d69e57de&v=56C941473061D35CC0A6C0DFBD4AC83F6DDF01B7,14000.0
adzuna_5814793299,adzuna,Data Engineer @ Antal,Data Engineer,Antal,Polska,2026-07-25,full_time,,,,False,onsite/unspecified,https://www.adzuna.pl/land/ad/5814793299?se=OJkunW--8RGTrvtqlpq4qw&utm_medium=api&utm_source=d69e57de&v=B4079FEF26DA1B66D6C80F2E984F17BE36F146C8,
adzuna_5871268046,adzuna,Data Engineer @ Scalo,Data Engineer,Scalo,"Warszawa, mazowieckie",2026-09-05,full_time,,,,False,onsite/unspecified,https://www.adzuna.pl/land/ad/5871268046?se=OJkunW--8RGTrvtqlpq4qw&utm_medium=api&utm_source=d69e57de&v=0CA2D94894550E8B1BCF597D8FEEC5D6F3FC7010,
adzuna_5875077606,adzuna,Data Engineer @ CodiLime,Data Engineer,CodiLime,Polska,2026-09-08,full_time,,16500.0,28000.0,False,onsite/unspecified,https://www.adzuna.pl/land/ad/5875077606?se=OJkunW--8RGTrvtqlpq4qw&utm_medium=api&utm_source=d69e57de&v=9E181EBA7C1A2BA9802B708C511C46396655D540,22250.0
adzuna_5890063575,adzuna,Data Engineer @ Scalo,Data Engineer,Scalo,"Warszawa, mazowieckie",2026-09-19,full_time,,,,False,onsite/unspecified,https://www.adzuna.pl/land/ad/5890063575?se=OJkunW--8RGTrvtqlpq4qw&utm_medium=api&utm_source=d69e57de&v=E6C5322DA4B425D08CCBE6F286446C07691F2047,
adzuna_5814793474,adzuna,Data Engineer @ Scalo,Data Engineer,Scalo,"Warszawa, mazowieckie",2026-07-25,full_time,,,,False,onsite/unspecified,https://www.adzuna.pl/land/ad/5814793474?se=OJkunW--8RGTrvtqlpq4qw&utm_medium=api&utm_source=d69e57de&v=2BC17AD2CDA8E8EFBC73D1BE9CAADD3EFFE9BB68,
adzuna_5612632690,adzuna,Cloud Data Engineer,Data Engineer,SIX,"Warszawa, mazowieckie",2026-02-04,,,,,False,onsite/unspecified,https://www.adzuna.pl/land/ad/5612632690?se=OJkunW--8RGTrvtqlpq4qw&utm_medium=api&utm_source=d69e57de&v=1B2BCDD7C1C0D316770DB26FF3CF2A7B2C73561B,
adzuna_5903298387,adzuna,Data Engineer GCP @ DS STREAM,Data Engineer,DS STREAM,Polska,2026-09-30,full_time,,,,False,onsite/unspecified,https://www.adzuna.pl/land/ad/5903298387?se=OJkunW--8RGTrvtqlpq4qw&utm_medium=api&utm_source=d69e57de&v=43F97D1BEDA6EA12D6A830D7B1F5AEBD879E2449,
adzuna_5843808484,adzuna,Big Data Engineer @ Connectis_,Data Engineer,Connectis,"Warszawa, mazowieckie",2026-08-16,full_time,,28000.0,32000.0,False,onsite/unspecified,https://www.adzuna.pl/land/ad/5843808484?se=OJkunW--8RGTrvtqlpq4qw&utm_medium=api&utm_source=d69e57de&v=4FA093EB09E08AC0F595F7FF025EACC274981D91,30000.0
adzuna_5879137122,adzuna,Senior Data Engineer @ hubQuest,Data Engineer,hubQuest,Polska,2026-09-11,full_time,,,,False,onsite/unspecified,https://www.adzuna.pl/land/ad/5879137122?se=OJkunW--8RGTrvtqlpq4qw&utm_medium=api&utm_source=d69e57de&v=7D870E77EC9E6EFE3F5C615BB62E53E0688D67C0,
adzuna_5845835198,adzuna,Data Engineer (Spark) @ Addepto,Data Engineer,Addepto,Polska,2026-08-18,full_time,,15120.0,21000.0,False,onsite/unspecified,https://www.adzuna.pl/land/ad/5845835198?se=OJkunW--8RGTrvtqlpq4qw&utm_medium=api&utm_source=d69e57de&v=2014665C53EA6EF58AD47F47D487BF83C32E5557,18060.0
adzuna_5904510348,adzuna,Data Engineer (Snowflake) @ Addepto,Data Engineer,Addepto,Polska,2026-10-01,full_time,,21000.0,28560.0,False,onsite/unspecified,https://www.adzuna.pl/land/ad/5904510348?se=OJkunW--8RGTrvtqlpq4qw&utm_medium=api&utm_source=d69e57de&v=4DE47ABB245DF465A7E53908078367C0CBF11CB3,24780.0
adzuna_5890063600,adzuna,Data Engineer (Databricks) @ Addepto,Data Engineer,Addepto,Polska,2026-09-19,full_time,,15120.0,21000.0,False,onsite/unspecified,https://www.adzuna.pl/land/ad/5890063600?se=OJkunW--8RGTrvtqlpq4qw&utm_medium=api&utm_source=d69e57de&v=E8058AF5A35A5E2D4C168CF3ED7CCF5A240BCA0A,18060.0
adzuna_5903298350,adzuna,Senior Data Engineer @ Blackline,Data Engineer,Blackline,Polska,2026-09-30,full_time,,22000.0,28000.0,False,onsite/unspecified,https://www.adzuna.pl/land/ad/5903298350?se=OJkunW--8RGTrvtqlpq4qw&utm_medium=api&utm_source=d69e57de&v=BA8506D528AC89EFB33D733BF1C072CB2D50C8B9,25000.0
adzuna_5775554012,adzuna,BI / Data Engineer @ Spyrosoft,Data Engineer,Spyrosoft,Polska,2026-06-25,full_time,,,,False,onsite/unspecified,https://www.adzuna.pl/land/ad/5775554012?se=OJkunW--8RGTrvtqlpq4qw&utm_medium=api&utm_source=d69e57de&v=2F4795465D21674A4263E5A12B1DDDC2FDBDBD53,
adzuna_5871268001,adzuna,Data Engineer (Oracle) @ Scalo,Data Engineer,Scalo,"Warszawa, mazowieckie",2026-09-05,full_time,,,,False,onsite/unspecified,https://www.adzuna.pl/land/ad/5871268001?se=OJkunW--8RGTrvtqlpq4qw&utm_medium=api&utm_source=d69e57de&v=FE39F2F6B3B3914AF4FACF7A9C6EBFA2917E4562,
adzuna_5748511902,adzuna,Data Engineer @ Reply Polska,Data Engineer,Reply Polska,"Katowice, śląskie",2026-06-02,full_time,,12000.0,20000.0,False,onsite/unspecified,https://www.adzuna.pl/land/ad/5748511902?se=OJkunW--8RGTrvtqlpq4qw&utm_medium=api&utm_source=d69e57de&v=CF5F3C051ABA3B02A2E42545EACA2827F2529E8B,16000.0
adzuna_5890063594,adzuna,Data Engineer (Azure Data Factory) @ Addepto,Data Engineer,Addepto,Polska,2026-09-19,full_time,,12600.0,21000.0,False,onsite/unspecified,https://www.adzuna.pl/land/ad/5890063594?se=OJkunW--8RGTrvtqlpq4qw&utm_medium=api&utm_source=d69e57de&v=AA816C9F52E27E53A6919F6D48DC4F0025DC6EE9,16800.0
adzuna_5869810330,adzuna,Data Engineer (Azure Data Factory) @ Addepto,Data Engineer,Addepto,Polska,2026-09-04,full_time,,12600.0,21000.0,False,onsite/unspecified,https://www.adzuna.pl/land/ad/5869810330?se=OJkunW--8RGTrvtqlpq4qw&utm_medium=api&utm_source=d69e57de&v=3DB628168182120BF34FDD49D0F48E020C0FE019,16800.0
adzuna_5808721423,adzuna,Expert Data Engineer @ GFT Poland,Data Engineer,GFT Poland,Polska,2026-07-21,full_time,,17400.0,26700.0,False,onsite/unspecified,https://www.adzuna.pl/land/ad/5808721423?se=OJkunW--8RGTrvtqlpq4qw&utm_medium=api&utm_source=d69e57de&v=758E6031A05A46C8D7E60FA9F959BE59275D7B91,22050.0
adzuna_5854874735,adzuna,Data Engineer (Microsoft Fabric) @ Scalo,Data Engineer,Scalo,"Warszawa, mazowieckie",2026-08-25,full_time,,,,False,onsite/unspecified,https://www.adzuna.pl/land/ad/5854874735?se=OJkunW--8RGTrvtqlpq4qw&utm_medium=api&utm_source=d69e57de&v=92EE0432C9E18115901EE6DC1E41B89F33378E74,
adzuna_5821846871,adzuna,Senior Data Engineer @ STX Next,Data Engineer,STX Next,Polska,2026-07-31,full_time,,,,False,onsite/unspecified,https://www.adzuna.pl/land/ad/5821846871?se=OJkunW--8RGTrvtqlpq4qw&utm_medium=api&utm_source=d69e57de&v=97DDE500C71372E703E3260591F645570A7DAAF5,
adzuna_5871268009,adzuna,Lead Data Engineer (Databricks) @ Acaisoft,Data Engineer,Acaisoft,Polska,2026-09-05,full_time,,,,False,onsite/unspecified,https://www.adzuna.pl/land/ad/5871268009?se=OJkunW--8RGTrvtqlpq4qw&utm_medium=api&utm_source=d69e57de&v=70665059B4413C42B3BBAB7609CD8CE19ABDA568,
adzuna_5796396621,adzuna,Data Engineer (Fulfillment) @ Tesco Technology,Data Engineer,Tesco Technology,"Kraków, małopolskie",2026-07-11,full_time,,20000.0,26000.0,False,onsite/unspecified,https://www.adzuna.pl/land/ad/5796396621?se=OJkunW--8RGTrvtqlpq4qw&utm_medium=api&utm_source=d69e57de&v=5C235D7157ABD4A4C8F6CA1B349897F0F5ED7891,23000.0
adzuna_5845835187,adzuna,Senior Data Engineer (Spark) @ Addepto,Data Engineer,Addepto,Polska,2026-08-18,full_time,,21000.0,28560.0,False,onsite/unspecified,https://www.adzuna.pl/land/ad/5845835187?se=OJkunW--8RGTrvtqlpq4qw&utm_medium=api&utm_source=d69e57de&v=77A223AFB0D100E80B96ED812940974839307231,24780.0
adzuna_5890063592,adzuna,Senior Data Engineer (Databricks) @ Addepto,Data Engineer,Addepto,Polska,2026-09-19,full_time,,21000.0,28560.0,False,onsite/unspecified,https://www.adzuna.pl/land/ad/5890063592?se=OJkunW--8RGTrvtqlpq4qw&utm_medium=api&utm_source=d69e57de&v=6ED405904D882C8F6AB439F6EF2593A99F86DF47,24780.0
adzuna_5869810331,adzuna,Senior Data Engineer (Databricks) @ Addepto,Data Engineer,Addepto,Polska,2026-09-04,full_time,,21000.0,28560.0,False,onsite/unspecified,https://www.adzuna.pl/land/ad/5869810331?se=OJkunW--8RGTrvtqlpq4qw&utm_medium=api&utm_source=d69e57de&v=B6C3FF1C6D73E334DD1949371BD3794250FD2FDF,24780.0
adzuna_5904509911,adzuna,Data Engineer (Oracle) @ GFT Poland,Data Engineer,GFT Poland,Polska,2026-10-01,full_time,,11700.0,18700.0,False,onsite/unspecified,https://www.adzuna.pl/land/ad/5904509911?se=OJkunW--8RGTrvtqlpq4qw&utm_medium=api&utm_source=d69e57de&v=19CDE5B02631EAA67919C485653B5392186F965F,15200.0
adzuna_5904509920,adzuna,Trainee Data Engineer @ Vertex Recruitments,Data Engineer,Vertex Recruitments,Polska,2026-10-01,full_time,,,,False,onsite/unspecified,https://www.adzuna.pl/land/ad/5904509920?se=OJkunW--8RGTrvtqlpq4qw&utm_medium=api&utm_source=d69e57de&v=6FAE19ED27093D6CED70D7E834E588F0AFA3A0A2,
adzuna_5875077566,adzuna,Lead Data Engineer @ GFT Poland,Data Engineer,GFT Poland,"Kraków, małopolskie",2026-09-08,full_time,,17400.0,26700.0,False,onsite/unspecified,https://www.adzuna.pl/land/ad/5875077566?se=OJkunW--8RGTrvtqlpq4qw&utm_medium=api&utm_source=d69e57de&v=93A539A22A052EB0D526B45976F477E9E60709FA,22050.0
adzuna_5850362500,adzuna,Senior Data Engineer 5 @ Netflix,Data Engineer,Netflix,"Warszawa, mazowieckie",2026-08-21,full_time,,,,False,onsite/unspecified,https://www.adzuna.pl/land/ad/5850362500?se=OJkunW--8RGTrvtqlpq4qw&utm_medium=api&utm_source=d69e57de&v=294415C0927318793E0F066A04C821422460D75A,
adzuna_5729882826,adzuna,Data Engineer (Defence & Security) @ Spyrosoft,Data Engineer,Spyrosoft,"Wrocław, dolnośląskie",2026-05-15,full_time,,15000.0,22000.0,False,onsite/unspecified,https://www.adzuna.pl/land/ad/5729882826?se=OJkunW--8RGTrvtqlpq4qw&utm_medium=api&utm_source=d69e57de&v=5B771E48F40A704D4460E9C9BBE7644665590665,18500.0
adzuna_5748511911,adzuna,Streaming Data Engineer @ Reply Polska,Data Engineer,Reply Polska,"Katowice, śląskie",2026-06-02,full_time,,,,False,onsite/unspecified,https://www.adzuna.pl/land/ad/5748511911?se=OJkunW--8RGTrvtqlpq4qw&utm_medium=api&utm_source=d69e57de&v=A1D2E23B6134C64E3DA00D61CAF432EBFA81EB91,
adzuna_5859109932,adzuna,Data Engineer - Azure Data Marketplace @ Belvedere Recruitment,Data Engineer,Belvedere Recruitment,"Warszawa, mazowieckie",2026-08-28,full_time,,,,False,onsite/unspecified,https://www.adzuna.pl/land/ad/5859109932?se=OJkunW--8RGTrvtqlpq4qw&utm_medium=api&utm_source=d69e57de&v=0948373F2B3403A9035C98D90D2C6EE63ADAE33C,
adzuna_5890063590,adzuna,Senior Data Engineer (Azure Data Factory) @ Addepto,Data Engineer,Addepto,Polska,2026-09-19,full_time,,21000.0,28560.0,False,onsite/unspecified,https://www.adzuna.pl/land/ad/5890063590?se=OJkunW--8RGTrvtqlpq4qw&utm_medium=api&utm_source=d69e57de&v=FC55DE7CCA62A6C16B1BC2E40B6E409A46B0BFE8,24780.0
adzuna_5869810329,adzuna,Senior Data Engineer (Azure Data Factory) @ Addepto,Data Engineer,Addepto,Polska,2026-09-04,full_time,,21000.0,28560.0,False,onsite/unspecified,https://www.adzuna.pl/land/ad/5869810329?se=OJkunW--8RGTrvtqlpq4qw&utm_medium=api&utm_source=d69e57de&v=7526D05BABDF071084A3E6F26C8FA0F194E18B19,24780.0
adzuna_5645593514,adzuna,Data Engineer @ Mindbox Sp. z o.o.,Data Engineer,Mindbox Sp. z o.o.,"Kraków, małopolskie",2026-02-26,full_time,,,,False,onsite/unspecified,https://www.adzuna.pl/land/ad/5645593514?se=OJkunW--8RGTrvtqlpq4qw&utm_medium=api&utm_source=d69e57de&v=7544548850396206009B4D7064444E1D6D7FCB10,
adzuna_5871267961,adzuna,Data Engineer @ Mindbox Sp. z o.o.,Data Engineer,Mindbox Sp. z o.o.,"Kraków, małopolskie",2026-09-05,full_time,,,,False,onsite/unspecified,https://www.adzuna.pl/land/ad/5871267961?se=OJkunW--8RGTrvtqlpq4qw&utm_medium=api&utm_source=d69e57de&v=6140479C10717828A0BACD1DC9EDCA4F10E74609,
adzuna_5748511906,adzuna,Cloud Data Engineer (AWS) @ Reply Polska,Data Engineer,Reply Polska,"Katowice, śląskie",2026-06-02,full_time,,10000.0,13000.0,False,onsite/unspecified,https://www.adzuna.pl/land/ad/5748511906?se=OJkunW--8RGTrvtqlpq4qw&utm_medium=api&utm_source=d69e57de&v=EB553F6C59A588C8502C4515800759F18D42C853,11500.0
adzuna_5790474260,adzuna,Cloud Data Engineer with French @ Capgemini,Data Engineer,Capgemini,"Katowice, śląskie",2026-07-07,full_time,,,,False,onsite/unspecified,https://www.adzuna.pl/land/ad/5790474260?se=OJkunW--8RGTrvtqlpq4qw&utm_medium=api&utm_source=d69e57de&v=E8E1641721BBEFB99715CD8558CB4A0480BC605B,
adzuna_5885467683,adzuna,Junior Data Engineer (Power BI) @ Addepto,Data Engineer,Addepto,Polska,2026-09-16,full_time,,7000.0,12600.0,False,onsite/unspecified,https://www.adzuna.pl/land/ad/5885467683?se=OJkunW--8RGTrvtqlpq4qw&utm_medium=api&utm_source=d69e57de&v=CE0C187DA0E9EA18388AA303BADC0D0CA3D6F683,9800.0
adzuna_5876475397,adzuna,Senior Data Engineer / Spark Developer @ Upvanta,Data Engineer,Upvanta,"Wrocław, dolnośląskie",2026-09-09,full_time,,,,False,onsite/unspecified,https://www.adzuna.pl/land/ad/5876475397?se=OJkunW--8RGTrvtqlpq4qw&utm_medium=api&utm_source=d69e57de&v=71DA39F52F37D7B9048247AA34DC735A45613C5F,
adzuna_5869810211,adzuna,Senior Webscraping & Data Engineer @ Link Group,Data Engineer,Link Group,"Warszawa, mazowieckie",2026-09-04,full_time,,38000.0,48000.0,False,onsite/unspecified,https://www.adzuna.pl/land/ad/5869810211?se=OJkunW--8RGTrvtqlpq4qw&utm_medium=api&utm_source=d69e57de&v=D8BBDCEC2DEF372CFE24ACAEC5E1A548F50EEFB1,43000.0
adzuna_5854874698,adzuna,Data Engineer @ Mindbox Sp. z o.o.,Data Engineer,Mindbox Sp. z o.o.,"Kraków, małopolskie",2026-08-25,full_time,,,,False,onsite/unspecified,https://www.adzuna.pl/land/ad/5854874698?se=OJkunW--8RGTrvtqlpq4qw&utm_medium=api&utm_source=d69e57de&v=BF694EC19D0599C7613D97F8F3F0E04446B8B79C,
adzuna_5904509916,adzuna,Senior Data Engineer (Oracle) @ GFT Poland,Data Engineer,GFT Poland,Polska,2026-10-01,full_time,,14600.0,22300.0,False,onsite/unspecified,https://www.adzuna.pl/land/ad/5904509916?se=OJkunW--8RGTrvtqlpq4qw&utm_medium=api&utm_source=d69e57de&v=783F297373EC430420CC573EE058CD71CD182458,18450.0
adzuna_5897761983,adzuna,Team Lead Data Engineer @ GFT Poland,Data Engineer,GFT Poland,"Kraków, małopolskie",2026-09-25,full_time,,17400.0,26700.0,False,onsite/unspecified,https://www.adzuna.pl/land/ad/5897761983?se=OJkunW--8RGTrvtqlpq4qw&utm_medium=api&utm_source=d69e57de&v=83D4A4F3273D55E16176D7DA3967AA502E6BABF2,22050.0
adzuna_5897761922,adzuna,Tech Lead Data Engineer @ GFT Poland,Data Engineer,GFT Poland,"Kraków, małopolskie",2026-09-25,full_time,,17400.0,26700.0,False,onsite/unspecified,https://www.adzuna.pl/land/ad/5897761922?se=OJkunW--8RGTrvtqlpq4qw&utm_medium=api&utm_source=d69e57de&v=9A4F988D08EAFC83EC7A19CF1B9160B029729048,22050.0
adzuna_5902291568,adzuna,Big Data Engineer (Scala) @ Box Inc.,Data Engineer,Box Inc.,"Warszawa, mazowieckie",2026-09-29,full_time,,27000.0,33000.0,False,onsite/unspecified,https://www.adzuna.pl/land/ad/5902291568?se=oC0Enm--8RGWpIcaDn7MMA&utm_medium=api&utm_source=d69e57de&v=75D5D6F854B064FC4895627993732D171BFBF61E,30000.0
adzuna_5897762004,adzuna,Tech Lead Data Engineer @ GFT Poland,Data Engineer,GFT Poland,"Kraków, małopolskie",2026-09-25,full_time,,17400.0,26700.0,False,onsite/unspecified,https://www.adzuna.pl/land/ad/5897762004?se=oC0Enm--8RGWpIcaDn7MMA&utm_medium=api&utm_source=d69e57de&v=FFB075BD88809DA186483B17B13B1A07A3ABAFBF,22050.0
adzuna_5890063556,adzuna,Trainee Data Engineer (with German) @ Innowise,Data Engineer,Innowise,"Warszawa, mazowieckie",2026-09-19,full_time,,,,False,onsite/unspecified,https://www.adzuna.pl/land/ad/5890063556?se=oC0Enm--8RGWpIcaDn7MMA&utm_medium=api&utm_source=d69e57de&v=E5FCFA0EEEFF6F84DD4D456B40E50DF00C823F50,
adzuna_5859109897,adzuna,Data Engineer (On-site) @ Capgemini Invent,Data Engineer,Capgemini Invent,"pomorskie, Polska",2026-08-28,full_time,,,,False,onsite/unspecified,https://www.adzuna.pl/land/ad/5859109897?se=oC0Enm--8RGWpIcaDn7MMA&utm_medium=api&utm_source=d69e57de&v=D4A98D99C6FE512E6320CE80AE5C02A9791F6692,
adzuna_5869810348,adzuna,Data Engineer - ERP Technologies (B2B) @ dmTECH,Data Engineer,dmTECH,Polska,2026-09-04,full_time,,,,False,onsite/unspecified,https://www.adzuna.pl/land/ad/5869810348?se=oC0Enm--8RGWpIcaDn7MMA&utm_medium=api&utm_source=d69e57de&v=B84D4824172CCB81BCE6EAA544E3912A9B6C479C,
adzuna_5730928641,adzuna,Data Engineer with German language @ Innowise,Data Engineer,Innowise,Polska,2026-05-16,full_time,,,,False,onsite/unspecified,https://www.adzuna.pl/land/ad/5730928641?se=oC0Enm--8RGWpIcaDn7MMA&utm_medium=api&utm_source=d69e57de&v=5FE4C5F164409ADCCB89E4712F8DC5A8ED3D6892,
adzuna_5857730490,adzuna,Data Engineer - Azure Data Marketplace Platform @ Belvedere Recruitment,Data Engineer,Belvedere Recruitment,"Warszawa, mazowieckie",2026-08-27,full_time,,,,False,onsite/unspecified,https://www.adzuna.pl/land/ad/5857730490?se=oC0Enm--8RGWpIcaDn7MMA&utm_medium=api&utm_source=d69e57de&v=1406830DF9A20E195747ED51A716275A49E123EB,
adzuna_5869810215,adzuna,Junior Data Engineer - Data Tools @ Allegro sp. z o.o.,Data Engineer,Allegro sp. z o.o.,"Warszawa, mazowieckie",2026-09-04,full_time,,,,False,onsite/unspecified,https://www.adzuna.pl/land/ad/5869810215?se=oC0Enm--8RGWpIcaDn7MMA&utm_medium=api&utm_source=d69e57de&v=EF577F2CAF811E5DA0A7621D4DAE31E802DF8344,
adzuna_5904510184,adzuna,Data Engineer (Databricks) | Enterprise Energy Data Platform @ Polcode,Data Engineer,Polcode,Polska,2026-10-01,full_time,,,,False,onsite/unspecified,https://www.adzuna.pl/land/ad/5904510184?se=oC0Enm--8RGWpIcaDn7MMA&utm_medium=api&utm_source=d69e57de&v=4D5190D6331ED1F0CF891384A62DA57C7FD4BC56,
adzuna_5888533779,adzuna,Principal Data Engineer with GCP @ IT TALENTO,Data Engineer,IT TALENTO,Polska,2026-09-18,full_time,,22500.0,34500.0,False,onsite/unspecified,https://www.adzuna.pl/land/ad/5888533779?se=oC0Enm--8RGWpIcaDn7MMA&utm_medium=api&utm_source=d69e57de&v=18D1B242DA9D30AE4CDD380EE80429303F9CD777,28500.0
adzuna_5884167654,adzuna,Data Engineer - Fabric [M/F] @ Arche Solutions,Data Engineer,Arche Solutions,"Łódź, łódzkie",2026-09-15,full_time,,,,False,onsite/unspecified,https://www.adzuna.pl/land/ad/5884167654?se=oC0Enm--8RGWpIcaDn7MMA&utm_medium=api&utm_source=d69e57de&v=11580C227DB1E4A0A8ADC9C6F188E74C853C0311,
adzuna_5897761564,adzuna,Mid Data Engineer @ ITFS Sp. z o.o.,Data Engineer,ITFS Sp. z o.o.,Polska,2026-09-25,full_time,,,,False,remote,https://www.adzuna.pl/land/ad/5897761564?se=oC0Enm--8RGWpIcaDn7MMA&utm_medium=api&utm_source=d69e57de&v=EE40FCED55593B4275D43EE5514BAD9DA7BC712C,
adzuna_5875077560,adzuna,Data Engineer @ PKO Finat Sp. z o.o.,Data Engineer,PKO Finat Sp. z o.o.,"Warszawa, mazowieckie",2026-09-08,full_time,,,,False,onsite/unspecified,https://www.adzuna.pl/land/ad/5875077560?se=oC0Enm--8RGWpIcaDn7MMA&utm_medium=api&utm_source=d69e57de&v=6FB78D588F68F3AA5C18C1D749AD14151935C4B8,
adzuna_5712162018,adzuna,Infrastructure Data Engineer @ Mindbox Sp. z o.o.,Data Engineer,Mindbox Sp. z o.o.,"Kraków, małopolskie",2026-04-28,full_time,,,,False,onsite/unspecified,https://www.adzuna.pl/land/ad/5712162018?se=oC0Enm--8RGWpIcaDn7MMA&utm_medium=api&utm_source=d69e57de&v=D1DD67B8C30D3475FA5403502CAB45C42761FEDC,
adzuna_5903298452,adzuna,Senior Data Engineer - IT Contracting @ Michael Page,Data Engineer,Michael Page,Polska,2026-09-30,full_time,,,,False,onsite/unspecified,https://www.adzuna.pl/land/ad/5903298452?se=oC0Enm--8RGWpIcaDn7MMA&utm_medium=api&utm_source=d69e57de&v=A83F3C9AAF2A09B608D1F5EBF443E4BC67862E6D,
adzuna_5871267962,adzuna,Lead Data Engineer @ Mindbox Sp. z o.o.,Data Engineer,Mindbox Sp. z o.o.,"Kraków, małopolskie",2026-09-05,full_time,,,,False,onsite/unspecified,https://www.adzuna.pl/land/ad/5871267962?se=oC0Enm--8RGWpIcaDn7MMA&utm_medium=api&utm_source=d69e57de&v=D36289D7B807E60C398BE6BFD2682FCB384045D4,
adzuna_5880459380,adzuna,Senior Google Cloud Data Engineer @ EY GDS,Data Engineer,EY GDS,"Katowice, śląskie",2026-09-12,full_time,,,,False,onsite/unspecified,https://www.adzuna.pl/land/ad/5880459380?se=oC0Enm--8RGWpIcaDn7MMA&utm_medium=api&utm_source=d69e57de&v=4AEA48B555366C6BACAB46CC29ACF9F46FB82EE9,
adzuna_5869810187,adzuna,Data Engineer @ COOPLE (POLAND) Sp. z o.o.,Data Engineer,COOPLE  Sp. z o.o.,"Warszawa, mazowieckie",2026-09-04,full_time,,23000.0,29000.0,False,onsite/unspecified,https://www.adzuna.pl/land/ad/5869810187?se=oC0Enm--8RGWpIcaDn7MMA&utm_medium=api&utm_source=d69e57de&v=0EFDFFA1D1BE2016ADF7F340A581FE2EAC032829,26000.0
adzuna_5894628387,adzuna,Senior Data Engineer / Tech Lead (Spark) @ Addepto,Data Engineer,Addepto,Polska,2026-09-23,full_time,,21000.0,28560.0,False,onsite/unspecified,https://www.adzuna.pl/land/ad/5894628387?se=oC0Enm--8RGWpIcaDn7MMA&utm_medium=api&utm_source=d69e57de&v=434C841ADF2559CE71503657F37B047F6C7C9B1A,24780.0
adzuna_5903298380,adzuna,Senior Backend / Data Engineer (Python/Django) @ Addepto,Data Engineer,Addepto,Polska,2026-09-30,full_time,,21000.0,28560.0,False,onsite/unspecified,https://www.adzuna.pl/land/ad/5903298380?se=oC0Enm--8RGWpIcaDn7MMA&utm_medium=api&utm_source=d69e57de&v=F6658E69A3C05E44252B97EA83A94B9229ACA9AA,24780.0
adzuna_5888533600,adzuna,Data Engineer – Databricks/Azure @ Square One Resources,Data Engineer,Square One Resources,Polska,2026-09-18,full_time,,,,False,onsite/unspecified,https://www.adzuna.pl/land/ad/5888533600?se=oC0Enm--8RGWpIcaDn7MMA&utm_medium=api&utm_source=d69e57de&v=C9F23A44E69C5B0ADAC97115C9B673F8DD755040,
adzuna_5906882566,adzuna,Senior Data Engineer - K/M @ ASTEK Polska,Data Engineer,ASTEK Polska,"Kraków, małopolskie",2026-10-02,full_time,,,,False,onsite/unspecified,https://www.adzuna.pl/land/ad/5906882566?se=oC0Enm--8RGWpIcaDn7MMA&utm_medium=api&utm_source=d69e57de&v=6128F24876DF30EEBD60522FFE39D3D0A212DE24,
adzuna_5890063577,adzuna,"Data Engineer @ AVENGA (Agencja Pracy, nr KRAZ: 8448)",Data Engineer,AVENGA,Polska,2026-09-19,full_time,,,,False,onsite/unspecified,https://www.adzuna.pl/land/ad/5890063577?se=oC0Enm--8RGWpIcaDn7MMA&utm_medium=api&utm_source=d69e57de&v=5F03FB67AA440B35382C02D6A367FF22BA53836B,
adzuna_5854874701,adzuna,Junior Data Engineer @ Mindbox Sp. z o.o.,Data Engineer,Mindbox Sp. z o.o.,"Kraków, małopolskie",2026-08-25,full_time,,,,False,onsite/unspecified,https://www.adzuna.pl/land/ad/5854874701?se=oC0Enm--8RGWpIcaDn7MMA&utm_medium=api&utm_source=d69e57de&v=CE27E4928297B1A73947FE73953D2E1637CCCFB1,
adzuna_5766198012,adzuna,"Senior Data Engineer (Hadoop, Spark) @ GFT Poland",Data Engineer,GFT Poland,"Kraków, małopolskie",2026-06-17,full_time,,15800.0,24300.0,False,onsite/unspecified,https://www.adzuna.pl/land/ad/5766198012?se=oC0Enm--8RGWpIcaDn7MMA&utm_medium=api&utm_source=d69e57de&v=28C5B7516436014CACC1AACF676F40342E93BAD0,20050.0
adzuna_5884167595,adzuna,"Senior Data Engineer (Databricks, Azure Data Factory) @ Ework Group",Data Engineer,Ework Group,"Wrocław, dolnośląskie",2026-09-15,full_time,,,,False,onsite/unspecified,https://www.adzuna.pl/land/ad/5884167595?se=oC0Enm--8RGWpIcaDn7MMA&utm_medium=api&utm_source=d69e57de&v=53C8E74EBFC52965931E96653893E1BD85517510,
adzuna_5884167628,adzuna,"Senior Data Engineer @ AVENGA (Agencja Pracy, nr KRAZ: 8448)",Data Engineer,AVENGA,"Wrocław, dolnośląskie",2026-09-15,full_time,,,,False,onsite/unspecified,https://www.adzuna.pl/land/ad/5884167628?se=oC0Enm--8RGWpIcaDn7MMA&utm_medium=api&utm_source=d69e57de&v=DADDD3A672BE070A3FC70436295C3D26AD95C8E2,
adzuna_5903298361,adzuna,"Data Engineer & .NET @ AVENGA (Agencja Pracy, nr KRAZ: 8448)",Data Engineer,AVENGA,Polska,2026-09-30,full_time,,,,False,onsite/unspecified,https://www.adzuna.pl/land/ad/5903298361?se=oC0Enm--8RGWpIcaDn7MMA&utm_medium=api&utm_source=d69e57de&v=EC062729B399FC594A5A02572EA80D7EE6C3C87E,
adzuna_5896111312,adzuna,Senior Azure Data Engineer @ Mindbox Sp. z o.o.,Data Engineer,Mindbox Sp. z o.o.,"Warszawa, mazowieckie",2026-09-24,full_time,,,,False,onsite/unspecified,https://www.adzuna.pl/land/ad/5896111312?se=oC0Enm--8RGWpIcaDn7MMA&utm_medium=api&utm_source=d69e57de&v=D8A13B8927C16732C2383EF60C300A26573E5279,
adzuna_5897762011,adzuna,Data Engineer (Microsoft Fabric) @ Mindbox Sp. z o.o.,Data Engineer,Mindbox Sp. z o.o.,"Warszawa, mazowieckie",2026-09-25,full_time,,,,False,onsite/unspecified,https://www.adzuna.pl/land/ad/5897762011?se=oC0Enm--8RGWpIcaDn7MMA&utm_medium=api&utm_source=d69e57de&v=F229821C0B0C7E392DEE52DFC60E844C0C5997F0,
adzuna_5906883017,adzuna,"Data Engineer & .NET @ AVENGA (Agencja Pracy, nr KRAZ: 8448)",Data Engineer,AVENGA,Polska,2026-10-02,full_time,,,,False,onsite/unspecified,https://www.adzuna.pl/land/ad/5906883017?se=oC0Enm--8RGWpIcaDn7MMA&utm_medium=api&utm_source=d69e57de&v=E31056C6AA67E9934EC67C5432C10718C00FBCB3,
adzuna_5903298393,adzuna,Senior Data Engineer - Azure & SQL Server @ Belvedere Recruitment,Data Engineer,Belvedere Recruitment,"Warszawa, mazowieckie",2026-09-30,full_time,,,,False,onsite/unspecified,https://www.adzuna.pl/land/ad/5903298393?se=oC0Enm--8RGWpIcaDn7MMA&utm_medium=api&utm_source=d69e57de&v=9E0284320F6D261652198AA21F46D0D375C9BDDE,
adzuna_5899052995,adzuna,"Senior Data Engineer @ AVENGA (Agencja Pracy, nr KRAZ: 8448)",Data Engineer,AVENGA,Polska,2026-09-26,full_time,,,,False,onsite/unspecified,https://www.adzuna.pl/land/ad/5899052995?se=oC0Enm--8RGWpIcaDn7MMA&utm_medium=api&utm_source=d69e57de&v=4A8FF27D0FEE4303E7AC96EDB8788EFD1E5F6643,
adzuna_5888533824,adzuna,mid Data Engineer @ CLOUDFIDE SP. Z.O.O,Data Engineer,CLOUDFIDE SP. Z.O.O,Polska,2026-09-18,full_time,,,,False,onsite/unspecified,https://www.adzuna.pl/land/ad/5888533824?se=oC0Enm--8RGWpIcaDn7MMA&utm_medium=api&utm_source=d69e57de&v=D18181EAD3DE447C5A6D9791F15E3EE78E952E28,
adzuna_5897761992,adzuna,Junior AWS Data Engineer @ ITFS Sp. z o.o.,Data Engineer,ITFS Sp. z o.o.,Polska,2026-09-25,full_time,,,,False,onsite/unspecified,https://www.adzuna.pl/land/ad/5897761992?se=oC0Enm--8RGWpIcaDn7MMA&utm_medium=api&utm_source=d69e57de&v=62E3178325FE7A492028EFF44B6DDB12B5FD2F24,
adzuna_5821846924,adzuna,(Senior) Snowflake Data Engineer - IT Contracting @ Michael Page,Data Engineer,Michael Page,Polska,2026-07-31,full_time,,,,False,onsite/unspecified,https://www.adzuna.pl/land/ad/5821846924?se=oC0Enm--8RGWpIcaDn7MMA&utm_medium=api&utm_source=d69e57de&v=F1E0509801D13807D74E2522779659197815526F,
adzuna_5871267952,adzuna,Data Engineer (AWS) @ Capgemini Polska Sp. z o.o.,Data Engineer,Capgemini Polska Sp. z o.o.,Polska,2026-09-05,full_time,,,,False,onsite/unspecified,https://www.adzuna.pl/land/ad/5871267952?se=oC0Enm--8RGWpIcaDn7MMA&utm_medium=api&utm_source=d69e57de&v=58EBF26F66E4E01D2C75A2937526580C35FDFF03,
adzuna_5863692033,adzuna,Data Engineer Consultant for EU projects | Poland @ Deloitte,Data Engineer,Deloitte,"Warszawa, mazowieckie",2026-09-01,full_time,,,,False,onsite/unspecified,https://www.adzuna.pl/land/ad/5863692033?se=oC0Enm--8RGWpIcaDn7MMA&utm_medium=api&utm_source=d69e57de&v=34E9A4AB8F9DB8CC9BF49F6B26E44E8E8B88C2D5,
adzuna_5602548697,adzuna,Snowflake Data Engineer with German | Cloud & Engineering @ Deloitte,Data Engineer,Deloitte,Polska,2026-01-28,full_time,,,,False,onsite/unspecified,https://www.adzuna.pl/land/ad/5602548697?se=oC0Enm--8RGWpIcaDn7MMA&utm_medium=api&utm_source=d69e57de&v=B8F9259C1D3F2C293653CD9DCEEAB51A3C90CE6B,
adzuna_5897761802,adzuna,Data Engineer - Java & Scala (f/m/x) @ Sii Polska,Data Engineer,Sii Polska,"Warszawa, mazowieckie",2026-09-25,full_time,,,,False,onsite/unspecified,https://www.adzuna.pl/land/ad/5897761802?se=oC0Enm--8RGWpIcaDn7MMA&utm_medium=api&utm_source=d69e57de&v=15131E221024F03C44A99DA36F29725FAF149631,
adzuna_5890063636,adzuna,Azure Data Engineer with Databricks @ ITFS Sp. z o.o.,Data Engineer,ITFS Sp. z o.o.,Polska,2026-09-19,full_time,,,,False,onsite/unspecified,https://www.adzuna.pl/land/ad/5890063636?se=oC0Enm--8RGWpIcaDn7MMA&utm_medium=api&utm_source=d69e57de&v=FF63B8692B0CB69ECF53F71DF6D2D3FA86F8C037,
adzuna_5686695045,adzuna,Senior Data Engineer (Databricks) @ CLOUDFIDE SP. Z.O.O,Data Engineer,CLOUDFIDE SP. Z.O.O,Polska,2026-04-02,full_time,,,,False,onsite/unspecified,https://www.adzuna.pl/land/ad/5686695045?se=oC0Enm--8RGWpIcaDn7MMA&utm_medium=api&utm_source=d69e57de&v=7D94263601A084F998DA260A52392436D0F4D133,
adzuna_5879136952,adzuna,Data Engineer – GenAI & RAG @ PKO Finat Sp. z o.o.,Data Engineer,PKO Finat Sp. z o.o.,"Warszawa, mazowieckie",2026-09-11,full_time,,,,False,onsite/unspecified,https://www.adzuna.pl/land/ad/5879136952?se=oC0Enm--8RGWpIcaDn7MMA&utm_medium=api&utm_source=d69e57de&v=2E46B40CBF5BF463CC2DA79E48A893CF0FDEA29F,
adzuna_5854874722,adzuna,Mid/Senior Data Engineer (GCP) @ Xebia sp. z o.o.,Data Engineer,Xebia sp. z o.o.,Polska,2026-08-25,full_time,,,,False,onsite/unspecified,https://www.adzuna.pl/land/ad/5854874722?se=oC0Enm--8RGWpIcaDn7MMA&utm_medium=api&utm_source=d69e57de&v=9CBEFA5189C38BD83412145E57B86A618340D57E,
adzuna_5859109952,adzuna,Mid/Senior Data Engineer (AWS) @ Xebia sp. z o.o.,Data Engineer,Xebia sp. z o.o.,Polska,2026-08-28,full_time,,,,False,onsite/unspecified,https://www.adzuna.pl/land/ad/5859109952?se=oC0Enm--8RGWpIcaDn7MMA&utm_medium=api&utm_source=d69e57de&v=D9333FBD9331EC82FAF8257788ED8A0020EC38A9,
adzuna_5869810325,adzuna,Data Discovery Engineer @ Antal,Other,Antal,"Kraków, małopolskie",2026-09-04,full_time,,,,False,onsite/unspecified,https://www.adzuna.pl/land/ad/5869810325?se=oC0Enm--8RGWpIcaDn7MMA&utm_medium=api&utm_source=d69e57de&v=A8540A18D4CC0DC4F056B3AC960D6F58BE4B8970,
adzuna_5879137016,adzuna,Data Engineer (Databricks / Fabric) @ Clouds on Mars Sp. z o.o.,Data Engineer,Clouds on Mars Sp. z o.o.,Polska,2026-09-11,full_time,,,,False,onsite/unspecified,https://www.adzuna.pl/land/ad/5879137016?se=oC0Enm--8RGWpIcaDn7MMA&utm_medium=api&utm_source=d69e57de&v=710F2C12C459F5F733216A752F844B16E7889B96,
adzuna_5897761621,adzuna,GCP Data Engineer with Java (f/m/x) @ Sii Polska,Data Engineer,Sii Polska,"Kraków, małopolskie",2026-09-25,full_time,,18900.0,25200.0,False,onsite/unspecified,https://www.adzuna.pl/land/ad/5897761621?se=oC0Enm--8RGWpIcaDn7MMA&utm_medium=api&utm_source=d69e57de&v=30C60784695DAF6E39C1E0CFC39B4E23F173388C,22050.0
adzuna_5897762001,adzuna,Data Engineer/Inżynier Hurtowni Danych (K/M) @ ESOTIQ & Henderson S.A,Data Engineer,ESOTIQ & Henderson S.A,"Gdańsk, Trójmiasto",2026-09-25,full_time,,14000.0,16000.0,False,onsite/unspecified,https://www.adzuna.pl/land/ad/5897762001?se=oC0Enm--8RGWpIcaDn7MMA&utm_medium=api&utm_source=d69e57de&v=88DA76BFA12CCDEAF715ACDCA538BD826DF89DCC,15000.0
adzuna_5890063532,adzuna,Senior Test Data Engineer @ Diverse CG Sp. z o.o. Sp.k.,Data Engineer,Diverse CG Sp. z o.o. Sp.k.,Polska,2026-09-19,full_time,,,,False,onsite/unspecified,https://www.adzuna.pl/land/ad/5890063532?se=BiS2nm--8RGSfYHHW1SRSw&utm_medium=api&utm_source=d69e57de&v=CA4737D5429F48308A91C927DB6E7D4918CF8C05,
adzuna_5879137037,adzuna,Junior Big Data Engineer (Java / Python) @ Grupa Allegro Sp. z o. o.,Data Engineer,Grupa Allegro Sp. z o. o.,Polska,2026-09-11,full_time,,,,False,onsite/unspecified,https://www.adzuna.pl/land/ad/5879137037?se=BiS2nm--8RGSfYHHW1SRSw&utm_medium=api&utm_source=d69e57de&v=670D20A31E937968BCB5567438995F405C8D40C5,
adzuna_5871268037,adzuna,Senior AWS Data Engineer @ Diverse CG Sp. z o.o. Sp.k.,Data Engineer,Diverse CG Sp. z o.o. Sp.k.,Polska,2026-09-05,full_time,,,,False,onsite/unspecified,https://www.adzuna.pl/land/ad/5871268037?se=BiS2nm--8RGSfYHHW1SRSw&utm_medium=api&utm_source=d69e57de&v=C4CFCDA3B9D4EC9C89EF3C65E338EC73B552E3F2,
adzuna_5897761932,adzuna,Senior Data Center Engineer @ Devire,Other,Devire,"Warszawa, mazowieckie",2026-09-25,full_time,,,,False,onsite/unspecified,https://www.adzuna.pl/land/ad/5897761932?se=BiS2nm--8RGSfYHHW1SRSw&utm_medium=api&utm_source=d69e57de&v=58CBF8DBC47B446F18FF8A7A152DE3325919B9D9,
adzuna_5888533699,adzuna,Senior Data Engineer z j.niemieckim lub angielskim - Data Engineering/ Science (B2B) ​ @ dmTECH,Data Engineer,dmTECH,Polska,2026-09-18,full_time,,,,False,onsite/unspecified,https://www.adzuna.pl/land/ad/5888533699?se=BiS2nm--8RGSfYHHW1SRSw&utm_medium=api&utm_source=d69e57de&v=58DA9848EA256C33A4A70BD30EDD3B12541E178A,
adzuna_5869810284,adzuna,Cloud & Data Engineer z j. angielskim lub niemieckim - Instore Sensorics and Data (B2B) @ dmTECH,Data Engineer,dmTECH,Polska,2026-09-04,full_time,,,,False,onsite/unspecified,https://www.adzuna.pl/land/ad/5869810284?se=BiS2nm--8RGSfYHHW1SRSw&utm_medium=api&utm_source=d69e57de&v=A9D2A9A3D525D02620FD4A02B66AB792BB731955,
adzuna_5879136980,adzuna,Senior Data & Integration Engineer @ Brighstar Lottery,Other,Brighstar Lottery,"Warszawa, mazowieckie",2026-09-11,full_time,,,,False,onsite/unspecified,https://www.adzuna.pl/land/ad/5879136980?se=BiS2nm--8RGSfYHHW1SRSw&utm_medium=api&utm_source=d69e57de&v=F8E852D6B5D70FD735F50253132031405FB5AE43,
adzuna_5859993032,adzuna,Data Engineer,Data Engineer,1GLOBAL,Polska,2026-08-28,full_time,,,,False,onsite/unspecified,https://www.adzuna.pl/details/5859993032?utm_medium=api&utm_source=d69e57de,
adzuna_5884652816,adzuna,Data Engineer,Data Engineer,payabl.,Polska,2026-09-15,,,,,False,onsite/unspecified,https://www.adzuna.pl/details/5884652816?utm_medium=api&utm_source=d69e57de,
adzuna_5834199160,adzuna,Geospatial Data Software Engineer (Regular/Senior) @ Spyrosoft,Data Engineer,Spyrosoft,Polska,2026-08-09,full_time,,,,False,onsite/unspecified,https://www.adzuna.pl/land/ad/5834199160?se=BiS2nm--8RGSfYHHW1SRSw&utm_medium=api&utm_source=d69e57de&v=528F3E8580CF456557EB637E28C8F247DD3C1CDC,
adzuna_5790937420,adzuna,Data Engineer,Data Engineer,Link Group,"Warszawa, mazowieckie",2026-07-07,,,22680.0,24360.0,False,onsite/unspecified,https://www.adzuna.pl/details/5790937420?utm_medium=api&utm_source=d69e57de,23520.0
adzuna_5790509951,adzuna,Data Engineer,Data Engineer,emagine Polska,Polska,2026-07-07,,,,,False,onsite/unspecified,https://www.adzuna.pl/details/5790509951?utm_medium=api&utm_source=d69e57de,
adzuna_5872873564,adzuna,Data Engineer,Data Engineer,Mindbox Sp. z o.o.,"Kraków, małopolskie",2026-09-06,,,,,False,onsite/unspecified,https://www.adzuna.pl/details/5872873564?utm_medium=api&utm_source=d69e57de,
adzuna_5779851873,adzuna,Data Engineer,Data Engineer,Coty,Polska,2026-06-28,,,,,False,onsite/unspecified,https://www.adzuna.pl/details/5779851873?utm_medium=api&utm_source=d69e57de,
adzuna_5643039121,adzuna,Data Engineer,Data Engineer,Procter & Gamble,"Warszawa, mazowieckie",2026-02-24,,,,,False,onsite/unspecified,https://www.adzuna.pl/details/5643039121?utm_medium=api&utm_source=d69e57de,
adzuna_5861999197,adzuna,Data Engineer,Data Engineer,Connectis,"Warszawa, mazowieckie",2026-08-30,,,,,False,onsite/unspecified,https://www.adzuna.pl/details/5861999197?utm_medium=api&utm_source=d69e57de,
adzuna_5857133553,adzuna,Data Engineer,Data Engineer,Mindboxgroup,Polska,2026-08-26,,,,,False,onsite/unspecified,https://www.adzuna.pl/details/5857133553?utm_medium=api&utm_source=d69e57de,
adzuna_5816884074,adzuna,Data Engineer,Data Engineer,In4Ge,Polska,2026-07-27,,,,,False,onsite/unspecified,https://www.adzuna.pl/details/5816884074?utm_medium=api&utm_source=d69e57de,
adzuna_5873243028,adzuna,Data Engineer,Data Engineer,Mindboxgroup,Polska,2026-09-06,,,,,False,onsite/unspecified,https://www.adzuna.pl/details/5873243028?utm_medium=api&utm_source=d69e57de,
adzuna_5890333959,adzuna,Data Engineer,Data Engineer,Wirtualna Polska Media S.A.,"Gdańsk, Trójmiasto",2026-09-19,,,,,False,onsite/unspecified,https://www.adzuna.pl/details/5890333959?utm_medium=api&utm_source=d69e57de,
adzuna_5890333441,adzuna,Data Engineer,Data Engineer,Wirtualna Polska Media S.A.,"Warszawa, mazowieckie",2026-09-19,,,,,False,onsite/unspecified,https://www.adzuna.pl/details/5890333441?utm_medium=api&utm_source=d69e57de,
adzuna_5810820096,adzuna,Data Engineer,Data Engineer,Reply Polska Sp. z o.o.,"Katowice, śląskie",2026-07-22,,,10000.0,19000.0,False,onsite/unspecified,https://www.adzuna.pl/details/5810820096?utm_medium=api&utm_source=d69e57de,14500.0
adzuna_5896529614,adzuna,Data Engineer,Data Engineer,Integral Solutions,"Warszawa, mazowieckie",2026-09-24,,,,,False,onsite/unspecified,https://www.adzuna.pl/details/5896529614?utm_medium=api&utm_source=d69e57de,
adzuna_5871675005,adzuna,Data Engineer,Data Engineer,dotLinkers Sp. z o.o.,"Kraków, małopolskie",2026-09-05,,,,,False,onsite/unspecified,https://www.adzuna.pl/details/5871675005?utm_medium=api&utm_source=d69e57de,
adzuna_5899982340,adzuna,Data Engineer,Data Engineer,Mindbox Sp. z o.o.,"Kraków, małopolskie",2026-09-26,,,,,False,onsite/unspecified,https://www.adzuna.pl/details/5899982340?utm_medium=api&utm_source=d69e57de,
adzuna_5891500255,adzuna,Data Engineer,Data Engineer,IT CONNECT Sp. z o.o. Sp. k.,"Warszawa, mazowieckie",2026-09-20,,,,,False,onsite/unspecified,https://www.adzuna.pl/details/5891500255?utm_medium=api&utm_source=d69e57de,
adzuna_5890333566,adzuna,Data Engineer,Data Engineer,COGNIZANT,"Warszawa, mazowieckie",2026-09-19,,,,,False,onsite/unspecified,https://www.adzuna.pl/details/5890333566?utm_medium=api&utm_source=d69e57de,
adzuna_5845429957,adzuna,Data Engineer,Data Engineer,Andersen Lab,Polska,2026-08-17,full_time,,18000.0,29000.0,False,onsite/unspecified,https://www.adzuna.pl/details/5845429957?utm_medium=api&utm_source=d69e57de,23500.0
adzuna_5850724474,adzuna,Data Engineer,Data Engineer,ITP IT PERFORMANCE sp. z o.o.,"Kraków, małopolskie",2026-08-21,,,,,False,onsite/unspecified,https://www.adzuna.pl/details/5850724474?utm_medium=api&utm_source=d69e57de,
adzuna_5856529414,adzuna,Data Engineer,Data Engineer,Mindbox Sp. z o.o.,"Kraków, małopolskie",2026-08-26,,,,,False,onsite/unspecified,https://www.adzuna.pl/details/5856529414?utm_medium=api&utm_source=d69e57de,
adzuna_5867658473,adzuna,Data Engineer,Data Engineer,Andersen Lab,Polska,2026-09-03,full_time,,17300.0,30300.0,False,onsite/unspecified,https://www.adzuna.pl/details/5867658473?utm_medium=api&utm_source=d69e57de,23800.0
adzuna_5899444811,adzuna,Data Engineer,Data Engineer,Mindbox Sp. z o.o.,"Kraków, małopolskie",2026-09-26,,,,,False,onsite/unspecified,https://www.adzuna.pl/details/5899444811?utm_medium=api&utm_source=d69e57de,
adzuna_5852443995,adzuna,Data Engineer,Data Engineer,XTB S.A.,"Warszawa, mazowieckie",2026-08-22,,,14000.0,17800.0,False,onsite/unspecified,https://www.adzuna.pl/details/5852443995?utm_medium=api&utm_source=d69e57de,15900.0
adzuna_5822919020,adzuna,Data Engineer,Data Engineer,Unknown,"Sędziszów Małopolski, podkarpackie",2026-08-01,,,,,False,onsite/unspecified,https://www.adzuna.pl/details/5822919020?utm_medium=api&utm_source=d69e57de,
adzuna_5804815346,adzuna,Data Engineer,Data Engineer,PKO BP Finat,"Warszawa, mazowieckie",2026-07-17,,,,,False,onsite/unspecified,https://www.adzuna.pl/details/5804815346?utm_medium=api&utm_source=d69e57de,
adzuna_5900449823,adzuna,Data Engineer,Data Engineer,BCF Software Sp. z o.o.,"Wrocław, dolnośląskie",2026-09-27,,,,,False,onsite/unspecified,https://www.adzuna.pl/details/5900449823?utm_medium=api&utm_source=d69e57de,
adzuna_5822919027,adzuna,Data Engineer,Data Engineer,Unknown,"Sędziszów Małopolski, podkarpackie",2026-08-01,,,,,False,onsite/unspecified,https://www.adzuna.pl/details/5822919027?utm_medium=api&utm_source=d69e57de,
adzuna_5720926564,adzuna,Data Engineer,Data Engineer,Avanade,Polska,2026-05-06,full_time,,,,False,onsite/unspecified,https://www.adzuna.pl/details/5720926564?utm_medium=api&utm_source=d69e57de,
adzuna_5720123347,adzuna,Data Engineer,Data Engineer,Avanade Inc.,"Kraków, małopolskie",2026-05-06,,,,,False,onsite/unspecified,https://www.adzuna.pl/details/5720123347?utm_medium=api&utm_source=d69e57de,
adzuna_5812256564,adzuna,Data Engineer,Data Engineer,DCG,"Warszawa, mazowieckie",2026-07-23,,,21840.0,25200.0,False,onsite/unspecified,https://www.adzuna.pl/details/5812256564?utm_medium=api&utm_source=d69e57de,23520.0
adzuna_5879966616,adzuna,Data Engineer,Data Engineer,XTB,"Warszawa, mazowieckie",2026-09-11,full_time,,,,False,onsite/unspecified,https://www.adzuna.pl/details/5879966616?utm_medium=api&utm_source=d69e57de,
adzuna_5824228969,adzuna,Data Engineer,Data Engineer,Neurons Lab,Polska,2026-08-01,full_time,,,,False,onsite/unspecified,https://www.adzuna.pl/details/5824228969?utm_medium=api&utm_source=d69e57de,
adzuna_5859471570,adzuna,Data Engineer,Data Engineer,Lufthansa Systems,"Gdańsk, Trójmiasto",2026-08-28,,,,,False,onsite/unspecified,https://www.adzuna.pl/details/5859471570?utm_medium=api&utm_source=d69e57de,
adzuna_5866684674,adzuna,Data Engineer,Data Engineer,Capgemini Polska,"Warszawa, mazowieckie",2026-09-02,,,,,False,onsite/unspecified,https://www.adzuna.pl/details/5866684674?utm_medium=api&utm_source=d69e57de,
adzuna_5871029917,adzuna,Data Engineer,Data Engineer,Jit Team,"Warszawa, mazowieckie",2026-09-04,full_time,,15200.0,23500.0,False,onsite/unspecified,https://www.adzuna.pl/details/5871029917?utm_medium=api&utm_source=d69e57de,19350.0
adzuna_5810818229,adzuna,Data Engineer,Data Engineer,Antal Sp. z o.o.,"Zielona Góra, lubuskie",2026-07-22,,,,,False,onsite/unspecified,https://www.adzuna.pl/details/5810818229?utm_medium=api&utm_source=d69e57de,
adzuna_5872872129,adzuna,Data Engineer,Data Engineer,Scalo Sp. z o.o.,"Warszawa, mazowieckie",2026-09-06,,,,,False,onsite/unspecified,https://www.adzuna.pl/details/5872872129?utm_medium=api&utm_source=d69e57de,
adzuna_5819711219,adzuna,Data Engineer,Data Engineer,Wirtualna Polska Media S.A.,"Warszawa, mazowieckie",2026-07-29,,,,,False,onsite/unspecified,https://www.adzuna.pl/details/5819711219?utm_medium=api&utm_source=d69e57de,
adzuna_5822520064,adzuna,Data Engineer,Data Engineer,Primaris,Polska,2026-07-31,,,,,False,remote,https://www.adzuna.pl/details/5822520064?utm_medium=api&utm_source=d69e57de,
adzuna_5870230814,adzuna,Data Engineer,Data Engineer,ASTEK Polska,"Kraków, małopolskie",2026-09-04,,,,,False,onsite/unspecified,https://www.adzuna.pl/details/5870230814?utm_medium=api&utm_source=d69e57de,
adzuna_5809265603,adzuna,Data Engineer,Data Engineer,RITS,"Warszawa, mazowieckie",2026-07-21,,,24956.0,37434.0,False,onsite/unspecified,https://www.adzuna.pl/details/5809265603?utm_medium=api&utm_source=d69e57de,31195.0
adzuna_5822313281,adzuna,Data Engineer,Data Engineer,Primaris Services Sp. z o.o.,"Wrocław, dolnośląskie",2026-07-31,,,20160.0,23520.0,False,remote,https://www.adzuna.pl/details/5822313281?utm_medium=api&utm_source=d69e57de,21840.0
adzuna_5861327536,adzuna,Data Engineer,Data Engineer,Coople,"Ząbki, mazowieckie",2026-08-29,full_time,,23000.0,29000.0,False,hybrid,https://www.adzuna.pl/details/5861327536?utm_medium=api&utm_source=d69e57de,26000.0
adzuna_5900790958,adzuna,Data Engineer,Data Engineer,Solvd,Polska,2026-09-27,full_time,,,,False,onsite/unspecified,https://www.adzuna.pl/details/5900790958?utm_medium=api&utm_source=d69e57de,
adzuna_5848524649,adzuna,Data Engineer,Data Engineer,IG Group,"Kraków, małopolskie",2026-08-19,full_time,,,,False,onsite/unspecified,https://www.adzuna.pl/details/5848524649?utm_medium=api&utm_source=d69e57de,
adzuna_5878157966,adzuna,Data Engineer,Data Engineer,Flextronics International Poland Sp. z o.o.,"Tczew, pomorskie",2026-09-10,,,,,False,onsite/unspecified,https://www.adzuna.pl/details/5878157966?utm_medium=api&utm_source=d69e57de,
adzuna_5900449554,adzuna,Data Engineer,Data Engineer,IT SQUAD SPÓŁKA Z OGRANICZONĄ ODPOWIEDZIALNOŚCIĄ,"Warszawa, mazowieckie",2026-09-27,,,,,False,onsite/unspecified,https://www.adzuna.pl/details/5900449554?utm_medium=api&utm_source=d69e57de,
adzuna_5896528213,adzuna,Data Engineer,Data Engineer,Develocraft sp. z o.o.,"Gdańsk, Trójmiasto",2026-09-24,,,,,False,onsite/unspecified,https://www.adzuna.pl/details/5896528213?utm_medium=api&utm_source=d69e57de,
adzuna_5888034923,adzuna,Data Engineer,Data Engineer,Cisco,"Kraków, małopolskie",2026-09-17,full_time,,,,False,onsite/unspecified,https://www.adzuna.pl/details/5888034923?utm_medium=api&utm_source=d69e57de,
adzuna_5898611420,adzuna,Data Engineer,Data Engineer,Signify,Polska,2026-09-25,full_time,,,,False,onsite/unspecified,https://www.adzuna.pl/details/5898611420?utm_medium=api&utm_source=d69e57de,
adzuna_5888793864,adzuna,Data Engineer,Data Engineer,Cisco,"Warszawa, mazowieckie",2026-09-18,,,,,False,onsite/unspecified,https://www.adzuna.pl/details/5888793864?utm_medium=api&utm_source=d69e57de,
adzuna_5888793856,adzuna,Data Engineer,Data Engineer,Cisco,"Kraków, małopolskie",2026-09-18,,,,,False,onsite/unspecified,https://www.adzuna.pl/details/5888793856?utm_medium=api&utm_source=d69e57de,
adzuna_5894945615,adzuna,Data Engineer,Data Engineer,Scalo Sp. z o.o.,"Warszawa, mazowieckie",2026-09-23,,,,,False,onsite/unspecified,https://www.adzuna.pl/details/5894945615?utm_medium=api&utm_source=d69e57de,
adzuna_5856738246,adzuna,Data Engineer,Data Engineer,emagine Polska,Polska,2026-08-26,,,,,False,onsite/unspecified,https://www.adzuna.pl/details/5856738246?utm_medium=api&utm_source=d69e57de,
adzuna_5900450657,adzuna,Data Engineer,Data Engineer,Acxiom Global Service Center Polska sp. z o. o,"Gdańsk, Trójmiasto",2026-09-27,,,,,False,onsite/unspecified,https://www.adzuna.pl/details/5900450657?utm_medium=api&utm_source=d69e57de,
adzuna_5887339220,adzuna,Data Engineer,Data Engineer,Scalo Sp. z o.o.,"Katowice, śląskie",2026-09-17,,,,,False,onsite/unspecified,https://www.adzuna.pl/details/5887339220?utm_medium=api&utm_source=d69e57de,
adzuna_5889647005,adzuna,Data Engineer,Data Engineer,Rockwell Automation,"Warszawa, mazowieckie",2026-09-18,full_time,,,,False,onsite/unspecified,https://www.adzuna.pl/details/5889647005?utm_medium=api&utm_source=d69e57de,
adzuna_5891502102,adzuna,Data Engineer,Data Engineer,Scalo Sp. z o.o.,"Warszawa, mazowieckie",2026-09-20,,,,,False,onsite/unspecified,https://www.adzuna.pl/details/5891502102?utm_medium=api&utm_source=d69e57de,
adzuna_5872873577,adzuna,Data Engineer,Data Engineer,ALTEN Polska,"Kraków, małopolskie",2026-09-06,,,,,False,onsite/unspecified,https://www.adzuna.pl/details/5872873577?utm_medium=api&utm_source=d69e57de,
adzuna_5906150677,adzuna,Data Engineer,Data Engineer,Workday,"Warszawa, mazowieckie",2026-10-01,full_time,,,,False,onsite/unspecified,https://www.adzuna.pl/details/5906150677?utm_medium=api&utm_source=d69e57de,
adzuna_5877362728,adzuna,Data Engineer,Data Engineer,WPP,"Warszawa, mazowieckie",2026-09-09,full_time,,11542.0,25000.0,False,onsite/unspecified,https://www.adzuna.pl/details/5877362728?utm_medium=api&utm_source=d69e57de,18271.0
adzuna_4905675501,adzuna,Data Engineer,Data Engineer,Cloudica Sp. z o.o.,Polska,2024-10-17,,,,,False,onsite/unspecified,https://www.adzuna.pl/details/4905675501?utm_medium=api&utm_source=d69e57de,
adzuna_5851309494,adzuna,Data Engineer,Data Engineer,B2B Network,Polska,2026-08-21,,,,,False,onsite/unspecified,https://www.adzuna.pl/details/5851309494?utm_medium=api&utm_source=d69e57de,
adzuna_5727359504,adzuna,Data Engineer,Data Engineer,Fast Forward Solutions,Polska,2026-05-12,full_time,,24000.0,32000.0,False,onsite/unspecified,https://www.adzuna.pl/details/5727359504?utm_medium=api&utm_source=d69e57de,28000.0
adzuna_5848524147,adzuna,Data Engineer,Data Engineer,Asana,"Warszawa, mazowieckie",2026-08-19,full_time,,20833.0,30000.0,False,hybrid,https://www.adzuna.pl/details/5848524147?utm_medium=api&utm_source=d69e57de,25416.5
adzuna_5869318272,adzuna,Data Engineer,Data Engineer,Tripledot Studios,"Warszawa, mazowieckie",2026-09-03,,,,,False,onsite/unspecified,https://www.adzuna.pl/details/5869318272?utm_medium=api&utm_source=d69e57de,
adzuna_4818469458,adzuna,Data Engineer,Data Engineer,The Dot Collective,Polska,2024-08-09,,,,,False,onsite/unspecified,https://www.adzuna.pl/details/4818469458?utm_medium=api&utm_source=d69e57de,
adzuna_5842026864,adzuna,Data Engineer,Data Engineer,Viktor,Polska,2026-08-14,full_time,,,,False,onsite/unspecified,https://www.adzuna.pl/details/5842026864?utm_medium=api&utm_source=d69e57de,
adzuna_5895448480,adzuna,Data Engineer,Data Engineer,In4Ge,Polska,2026-09-23,,,,,False,onsite/unspecified,https://www.adzuna.pl/details/5895448480?utm_medium=api&utm_source=d69e57de,
adzuna_5899907655,adzuna,Data Engineer,Data Engineer,Itsquad,Polska,2026-09-26,,,,,False,onsite/unspecified,https://www.adzuna.pl/details/5899907655?utm_medium=api&utm_source=d69e57de,
adzuna_5889786199,adzuna,Data Engineer,Data Engineer,Scalo,Polska,2026-09-18,full_time,,25200.0,28600.0,False,onsite/unspecified,https://www.adzuna.pl/details/5889786199?utm_medium=api&utm_source=d69e57de,26900.0
adzuna_5849556563,adzuna,Data Engineer,Data Engineer,emagine Polska,"Gdańsk, Trójmiasto",2026-08-20,,,,,False,hybrid,https://www.adzuna.pl/details/5849556563?utm_medium=api&utm_source=d69e57de,
adzuna_5792383582,adzuna,Data Engineer,Data Engineer,RITS,"Warszawa, mazowieckie",2026-07-08,,,22680.0,35280.0,False,onsite/unspecified,https://www.adzuna.pl/details/5792383582?utm_medium=api&utm_source=d69e57de,28980.0
adzuna_5819710303,adzuna,Data Engineer,Data Engineer,emagine Polska,"Warszawa, mazowieckie",2026-07-29,,,21840.0,26040.0,False,remote,https://www.adzuna.pl/details/5819710303?utm_medium=api&utm_source=d69e57de,23940.0
adzuna_5848094160,adzuna,Data Engineer,Data Engineer,Asana,"Warszawa, mazowieckie",2026-08-19,,,3500.0,5040.0,False,hybrid,https://www.adzuna.pl/details/5848094160?utm_medium=api&utm_source=d69e57de,4270.0
adzuna_5848094246,adzuna,Data Engineer,Data Engineer,Fabrity S.A.,"Warszawa, mazowieckie",2026-08-19,,,16800.0,23520.0,False,onsite/unspecified,https://www.adzuna.pl/details/5848094246?utm_medium=api&utm_source=d69e57de,20160.0
adzuna_5810820253,adzuna,Data Engineer,Data Engineer,B2Bnetwork,"Warszawa, mazowieckie",2026-07-22,,,,,False,onsite/unspecified,https://www.adzuna.pl/details/5810820253?utm_medium=api&utm_source=d69e57de,
adzuna_5851308431,adzuna,GCP Data Engineer / Cloud Data Engineer,Data Engineer,Itsquad,Polska,2026-08-21,,,,,False,onsite/unspecified,https://www.adzuna.pl/details/5851308431?utm_medium=api&utm_source=d69e57de,
adzuna_5658336467,adzuna,GIS Data Engineer,Data Engineer,3-GIS,"Warszawa, mazowieckie",2026-03-08,,,,,False,onsite/unspecified,https://www.adzuna.pl/details/5658336467?utm_medium=api&utm_source=d69e57de,
adzuna_5805128023,adzuna,Senior Data Engineer,Data Engineer,Simple Machines,Polska,2026-07-17,full_time,,,,False,onsite/unspecified,https://www.adzuna.pl/details/5805128023?utm_medium=api&utm_source=d69e57de,
adzuna_5723188046,adzuna,Senior Data Engineer,Data Engineer,Hack The Box,Polska,2026-05-08,full_time,,,,False,onsite/unspecified,https://www.adzuna.pl/details/5723188046?utm_medium=api&utm_source=d69e57de,
adzuna_5898016493,adzuna,Senior Data Engineer,Data Engineer,AIDA Recruitment,"Warszawa, mazowieckie",2026-09-25,,,,,False,remote,https://www.adzuna.pl/details/5898016493?utm_medium=api&utm_source=d69e57de,
adzuna_5896955599,adzuna,Mid Data Engineer,Data Engineer,CommIT,"Warszawa, mazowieckie",2026-09-24,full_time,,,,False,onsite/unspecified,https://www.adzuna.pl/details/5896955599?utm_medium=api&utm_source=d69e57de,
adzuna_5695688307,adzuna,AI Data Engineer,Data Engineer,Telemedi,Polska,2026-04-10,full_time,,,,False,onsite/unspecified,https://www.adzuna.pl/details/5695688307?utm_medium=api&utm_source=d69e57de,
adzuna_5676078241,adzuna,AI Data Engineer,Data Engineer,Telemedi,Polska,2026-03-23,full_time,,,,False,onsite/unspecified,https://www.adzuna.pl/details/5676078241?utm_medium=api&utm_source=d69e57de,
adzuna_5880786690,adzuna,Senior Data Engineer,Data Engineer,Sigma Software,Polska,2026-09-12,,,,,False,onsite/unspecified,https://www.adzuna.pl/details/5880786690?utm_medium=api&utm_source=d69e57de,
adzuna_5852442342,adzuna,Data Engineer Senior Data Engineer Microsoft Fabric,Data Engineer,Antal Sp. z o.o.,"Warszawa, mazowieckie",2026-08-22,,,21840.0,28560.0,False,hybrid,https://www.adzuna.pl/details/5852442342?utm_medium=api&utm_source=d69e57de,25200.0
adzuna_5853748706,adzuna,Data Engineer / Senior Data Engineer Microsoft Fabric,Data Engineer,Primaris,Polska,2026-08-23,,,,,False,hybrid,https://www.adzuna.pl/details/5853748706?utm_medium=api&utm_source=d69e57de,
adzuna_5855309986,adzuna,Data Engineer Senior Data Engineer Microsoft Fabric,Data Engineer,Primaris Services Sp. z o.o.,"Warszawa, mazowieckie",2026-08-25,,,21000.0,26880.0,False,hybrid,https://www.adzuna.pl/details/5855309986?utm_medium=api&utm_source=d69e57de,23940.0
adzuna_5871267951,adzuna,Data Warehouse Engineer @ Capgemini Polska Sp. z o.o.,Other,Capgemini Polska Sp. z o.o.,"Wrocław, dolnośląskie",2026-09-05,full_time,,,,False,onsite/unspecified,https://www.adzuna.pl/land/ad/5871267951?se=4uR2oG--8RGSfYHHW1SRSw&utm_medium=api&utm_source=d69e57de&v=67CF3EA2D6204DC04569B9F2C343FB34FA383496,
adzuna_5707633970,adzuna,Infrastructure Data Engineer,Data Engineer,Antal,Polska,2026-04-22,,,,,False,hybrid,https://www.adzuna.pl/details/5707633970?utm_medium=api&utm_source=d69e57de,
adzuna_5850947182,adzuna,Senior Data Engineer,Data Engineer,emagine Polska,Polska,2026-08-21,,,,,False,onsite/unspecified,https://www.adzuna.pl/details/5850947182?utm_medium=api&utm_source=d69e57de,
adzuna_5779530415,adzuna,Snowflake Data Engineer,Data Engineer,Billennium,Polska,2026-06-28,,,,,False,onsite/unspecified,https://www.adzuna.pl/details/5779530415?utm_medium=api&utm_source=d69e57de,
adzuna_5836637232,adzuna,Analytics Data Engineer,Data Engineer,DCG,"Warszawa, mazowieckie",2026-08-11,,,20160.0,23520.0,False,onsite/unspecified,https://www.adzuna.pl/details/5836637232?utm_medium=api&utm_source=d69e57de,21840.0
adzuna_5904131771,adzuna,Azure Data Engineer,Data Engineer,Beinit,Polska,2026-09-30,,,,,False,onsite/unspecified,https://www.adzuna.pl/details/5904131771?utm_medium=api&utm_source=d69e57de,
adzuna_5628987832,adzuna,Senior Data Engineer,Data Engineer,Clouds On Mars sp. z o.o.,Polska,2026-02-14,,,,,False,onsite/unspecified,https://www.adzuna.pl/details/5628987832?utm_medium=api&utm_source=d69e57de,
adzuna_5850724473,adzuna,Big Data Engineer,Data Engineer,ITP IT PERFORMANCE sp. z o.o.,"Kraków, małopolskie",2026-08-21,,,,,False,onsite/unspecified,https://www.adzuna.pl/details/5850724473?utm_medium=api&utm_source=d69e57de,
adzuna_5873242732,adzuna,Lead Data Engineer,Data Engineer,Mindboxgroup,Polska,2026-09-06,,,,,False,hybrid,https://www.adzuna.pl/details/5873242732?utm_medium=api&utm_source=d69e57de,
adzuna_5810817575,adzuna,Data Engineer B2B,Data Engineer,Reply Polska Sp. z o.o.,"Katowice, śląskie",2026-07-22,,,18480.0,26880.0,False,onsite/unspecified,https://www.adzuna.pl/details/5810817575?utm_medium=api&utm_source=d69e57de,22680.0
adzuna_5898060674,adzuna,Data Engineer (senior),Data Engineer,IT CONNECT Sp. z o.o. Sp. k.,"Warszawa, mazowieckie",2026-09-25,,,,,False,hybrid,https://www.adzuna.pl/details/5898060674?utm_medium=api&utm_source=d69e57de,
adzuna_5742747692,adzuna,GCP Data Engineer,Data Engineer,In4Ge,Polska,2026-05-27,,,,,False,onsite/unspecified,https://www.adzuna.pl/details/5742747692?utm_medium=api&utm_source=d69e57de,
adzuna_5897142846,adzuna,Data Engineer (DevOps),Data Engineer,Wielton,"Warszawa, mazowieckie",2026-09-24,,,,,False,onsite/unspecified,https://www.adzuna.pl/details/5897142846?utm_medium=api&utm_source=d69e57de,
adzuna_5890333790,adzuna,Data Engineer – Senior,Data Engineer,ASTRAL FOREST PROSTA SPÓŁKA AKCYJNA,"Warszawa, mazowieckie",2026-09-19,,,,,False,onsite/unspecified,https://www.adzuna.pl/details/5890333790?utm_medium=api&utm_source=d69e57de,
adzuna_5888926969,adzuna,Senior Data Engineer,Data Engineer,KUBO,"Gdańsk, Trójmiasto",2026-09-18,,,,,False,onsite/unspecified,https://www.adzuna.pl/details/5888926969?utm_medium=api&utm_source=d69e57de,
adzuna_5879967027,adzuna,Senior Data Engineer,Data Engineer,Kubo,Polska,2026-09-11,,,,,False,onsite/unspecified,https://www.adzuna.pl/details/5879967027?utm_medium=api&utm_source=d69e57de,
adzuna_5819711751,adzuna,Snowflake Data Engineer,Data Engineer,Upvanta sp. z o.o.,"Gdańsk, Trójmiasto",2026-07-29,,,23100.0,31500.0,False,onsite/unspecified,https://www.adzuna.pl/details/5819711751?utm_medium=api&utm_source=d69e57de,27300.0
adzuna_5852680029,adzuna,Lead Data Engineer,Data Engineer,Huntsman Corporation,"Kraków, małopolskie",2026-08-22,full_time,,,,False,onsite/unspecified,https://www.adzuna.pl/details/5852680029?utm_medium=api&utm_source=d69e57de,
adzuna_5846625029,adzuna,Data Engineer Azure,Data Engineer,Addepto,"Warszawa, mazowieckie",2026-08-18,,,12600.0,21000.0,False,onsite/unspecified,https://www.adzuna.pl/details/5846625029?utm_medium=api&utm_source=d69e57de,16800.0
adzuna_5872182809,adzuna,Senior Data Engineer,Data Engineer,P&G,Polska,2026-09-05,full_time,,,,False,onsite/unspecified,https://www.adzuna.pl/details/5872182809?utm_medium=api&utm_source=d69e57de,
adzuna_5896529779,adzuna,Senior Data Engineer,Data Engineer,OPTIVEUM SPÓŁKA Z OGRANICZONĄ ODPOWIEDZIALNOŚCIĄ,"Warszawa, mazowieckie",2026-09-24,,,,,False,onsite/unspecified,https://www.adzuna.pl/details/5896529779?utm_medium=api&utm_source=d69e57de,
adzuna_5804815475,adzuna,Databricks Data Engineer,Data Engineer,Cyclad,"Wrocław, dolnośląskie",2026-07-17,,,20160.0,21840.0,False,onsite/unspecified,https://www.adzuna.pl/details/5804815475?utm_medium=api&utm_source=d69e57de,21000.0
adzuna_5890333055,adzuna,Senior Data Engineer,Data Engineer,CLOUDFIDE SPÓŁKA Z OGRANICZONĄ ODPOWIEDZIALNOŚCIĄ,"Warszawa, mazowieckie",2026-09-19,,,,,False,onsite/unspecified,https://www.adzuna.pl/details/5890333055?utm_medium=api&utm_source=d69e57de,
adzuna_5871558763,adzuna,Senior Data Engineer,Data Engineer,Procter & Gamble,"Warszawa, mazowieckie",2026-09-05,,,,,False,onsite/unspecified,https://www.adzuna.pl/details/5871558763?utm_medium=api&utm_source=d69e57de,
adzuna_5891501838,adzuna,Data Engineer (Azure),Data Engineer,Addepto,"Warszawa, mazowieckie",2026-09-20,,,,,False,onsite/unspecified,https://www.adzuna.pl/details/5891501838?utm_medium=api&utm_source=d69e57de,
adzuna_5891501834,adzuna,Data Engineer (Azure),Data Engineer,Addepto,"Poznań, wielkopolskie",2026-09-20,,,,,False,onsite/unspecified,https://www.adzuna.pl/details/5891501834?utm_medium=api&utm_source=d69e57de,
adzuna_5891501842,adzuna,Data Engineer (Azure),Data Engineer,Addepto,"Katowice, śląskie",2026-09-20,,,,,False,onsite/unspecified,https://www.adzuna.pl/details/5891501842?utm_medium=api&utm_source=d69e57de,
adzuna_5891501837,adzuna,Data Engineer (Azure),Data Engineer,Addepto,"Wrocław, dolnośląskie",2026-09-20,,,,,False,onsite/unspecified,https://www.adzuna.pl/details/5891501837?utm_medium=api&utm_source=d69e57de,
adzuna_5891501831,adzuna,Data Engineer (Azure),Data Engineer,Addepto,"Kraków, małopolskie",2026-09-20,,,,,False,onsite/unspecified,https://www.adzuna.pl/details/5891501831?utm_medium=api&utm_source=d69e57de,
adzuna_5888926876,adzuna,Azure Data Engineer,Data Engineer,Atos Poland Global Services Sp. z o.o.,"Wrocław, dolnośląskie",2026-09-18,,,,,False,onsite/unspecified,https://www.adzuna.pl/details/5888926876?utm_medium=api&utm_source=d69e57de,
adzuna_5899446080,adzuna,Senior Data Engineer,Data Engineer,IT CONNECT Sp. z o.o. Sp. k.,"Wrocław, dolnośląskie",2026-09-26,,,,,False,onsite/unspecified,https://www.adzuna.pl/details/5899446080?utm_medium=api&utm_source=d69e57de,
adzuna_5857917270,adzuna,Azure Data Engineer,Data Engineer,ALGOMINE Group Sp. z o.o.,Polska,2026-08-27,,,,,False,onsite/unspecified,https://www.adzuna.pl/details/5857917270?utm_medium=api&utm_source=d69e57de,
adzuna_5872873560,adzuna,Lead Data Engineer,Data Engineer,Mindbox Sp. z o.o.,"Kraków, małopolskie",2026-09-06,,,,,False,onsite/unspecified,https://www.adzuna.pl/details/5872873560?utm_medium=api&utm_source=d69e57de,
adzuna_5821043771,adzuna,Senior Data Engineer,Data Engineer,emagine Polska,"Warszawa, mazowieckie",2026-07-30,,,,,False,onsite/unspecified,https://www.adzuna.pl/details/5821043771?utm_medium=api&utm_source=d69e57de,
adzuna_5792383965,adzuna,Semantic Data Engineer,Data Engineer,Link Group,"Warszawa, mazowieckie",2026-07-08,,,16800.0,22680.0,False,onsite/unspecified,https://www.adzuna.pl/details/5792383965?utm_medium=api&utm_source=d69e57de,19740.0
adzuna_5825806560,adzuna,Lead Data Engineer,Data Engineer,IQVIA,"Warszawa, mazowieckie",2026-08-02,full_time,,,,False,onsite/unspecified,https://www.adzuna.pl/details/5825806560?utm_medium=api&utm_source=d69e57de,
adzuna_5893168278,adzuna,Data Engineer (Remote),Data Engineer,ITFS,"Warszawa, mazowieckie",2026-09-21,full_time,,25200.0,30200.0,False,remote,https://www.adzuna.pl/details/5893168278?utm_medium=api&utm_source=d69e57de,27700.0
adzuna_5853748242,adzuna,Senior Data Engineer,Data Engineer,XTB,"Warszawa, mazowieckie",2026-08-23,full_time,,17425.0,22100.0,False,onsite/unspecified,https://www.adzuna.pl/details/5853748242?utm_medium=api&utm_source=d69e57de,19762.5
adzuna_5849556122,adzuna,Azure Data Engineer,Data Engineer,ITLT,"Warszawa, mazowieckie",2026-08-20,,,18480.0,21840.0,False,hybrid,https://www.adzuna.pl/details/5849556122?utm_medium=api&utm_source=d69e57de,20160.0
adzuna_5880763290,adzuna,Senior Data Engineer,Data Engineer,VOLKSWAGEN FINANCIAL SERVICES POLSKA SPÓŁKA Z OGRANICZONĄ ODPOWIEDZIALNOŚCIĄ,"Warszawa, mazowieckie",2026-09-12,,,,,False,onsite/unspecified,https://www.adzuna.pl/details/5880763290?utm_medium=api&utm_source=d69e57de,
adzuna_5884954668,adzuna,Oracle Data Engineer,Data Engineer,Volkswagen Financial Services,"Warszawa, mazowieckie",2026-09-15,full_time,,,,False,onsite/unspecified,https://www.adzuna.pl/details/5884954668?utm_medium=api&utm_source=d69e57de,
adzuna_5880763149,adzuna,Oracle Data Engineer,Data Engineer,VOLKSWAGEN FINANCIAL SERVICES POLSKA SPÓŁKA Z OGRANICZONĄ ODPOWIEDZIALNOŚCIĄ,"Warszawa, mazowieckie",2026-09-12,,,,,False,onsite/unspecified,https://www.adzuna.pl/details/5880763149?utm_medium=api&utm_source=d69e57de,
adzuna_5895699615,adzuna,Data Engineer (Remote),Data Engineer,ITFS,"Warszawa, mazowieckie",2026-09-23,full_time,,25200.0,30200.0,False,remote,https://www.adzuna.pl/details/5895699615?utm_medium=api&utm_source=d69e57de,27700.0
adzuna_5831913573,adzuna,Senior Data Engineer,Data Engineer,N-iX,"Kraków, małopolskie",2026-08-07,,,28214.0,29819.0,False,onsite/unspecified,https://www.adzuna.pl/details/5831913573?utm_medium=api&utm_source=d69e57de,29016.5
adzuna_5857255420,adzuna,Data Engineer (Remote),Data Engineer,ITFS,Polska,2026-08-26,full_time,,25200.0,30200.0,False,remote,https://www.adzuna.pl/details/5857255420?utm_medium=api&utm_source=d69e57de,27700.0
adzuna_5825368858,adzuna,Lead Data Engineer,Data Engineer,IQVIA,"Warszawa, mazowieckie",2026-08-02,,,,,False,onsite/unspecified,https://www.adzuna.pl/details/5825368858?utm_medium=api&utm_source=d69e57de,
adzuna_5829012349,adzuna,Data Engineer Expert,Data Engineer,emagine Polska,"Radomyśl nad Sanem, podkarpackie",2026-08-05,,,,,False,onsite/unspecified,https://www.adzuna.pl/details/5829012349?utm_medium=api&utm_source=d69e57de,
adzuna_5751210053,adzuna,Senior Data Engineer,Data Engineer,IG Group,"Kraków, małopolskie",2026-06-04,full_time,,,,False,onsite/unspecified,https://www.adzuna.pl/details/5751210053?utm_medium=api&utm_source=d69e57de,
adzuna_5840672487,adzuna,Data Engineer (Remote),Data Engineer,ConnectPoint,Polska,2026-08-13,full_time,,15000.0,20000.0,False,remote,https://www.adzuna.pl/details/5840672487?utm_medium=api&utm_source=d69e57de,17500.0
adzuna_5833389136,adzuna,Senior Data Engineer,Data Engineer,DCG,"Gdańsk, Trójmiasto",2026-08-08,,,26880.0,30240.0,False,onsite/unspecified,https://www.adzuna.pl/details/5833389136?utm_medium=api&utm_source=d69e57de,28560.0
adzuna_5810818114,adzuna,Data Engineer Mid,Data Engineer,Devapo,"Warszawa, mazowieckie",2026-07-22,,,,,False,onsite/unspecified,https://www.adzuna.pl/details/5810818114?utm_medium=api&utm_source=d69e57de,
adzuna_5900450636,adzuna,Senior Data Engineer,Data Engineer,Forte Digital Sp. z o.o.,"Kraków, małopolskie",2026-09-27,,,,,False,onsite/unspecified,https://www.adzuna.pl/details/5900450636?utm_medium=api&utm_source=d69e57de,
adzuna_5900450606,adzuna,Senior Data Engineer,Data Engineer,Forte Digital Sp. z o.o.,"Katowice, śląskie",2026-09-27,,,,,False,onsite/unspecified,https://www.adzuna.pl/details/5900450606?utm_medium=api&utm_source=d69e57de,
adzuna_5900920855,adzuna,Cloud Data Engineer,Data Engineer,IN4GE sp. z o.o.,"Warszawa, mazowieckie",2026-09-27,,,,,False,hybrid,https://www.adzuna.pl/details/5900920855?utm_medium=api&utm_source=d69e57de,
adzuna_5882400505,adzuna,Senior Data Engineer,Data Engineer,ALTEN Polska,"Warszawa, mazowieckie",2026-09-13,,,,,False,onsite/unspecified,https://www.adzuna.pl/details/5882400505?utm_medium=api&utm_source=d69e57de,
adzuna_5829011559,adzuna,Snowflake Data Engineer,Data Engineer,Link Group,"Warszawa, mazowieckie",2026-08-05,,,18480.0,22680.0,False,onsite/unspecified,https://www.adzuna.pl/details/5829011559?utm_medium=api&utm_source=d69e57de,20580.0
adzuna_5900450481,adzuna,Databricks Data Engineer,Data Engineer,Cyclad,"Wrocław, dolnośląskie",2026-09-27,,,,,False,onsite/unspecified,https://www.adzuna.pl/details/5900450481?utm_medium=api&utm_source=d69e57de,
adzuna_5866684166,adzuna,Senior Data Engineer,Data Engineer,Polski Standard Płatności S.A.,"Warszawa, mazowieckie",2026-09-02,,,,,False,onsite/unspecified,https://www.adzuna.pl/details/5866684166?utm_medium=api&utm_source=d69e57de,
adzuna_5889786208,adzuna,Senior Data Engineer,Data Engineer,CLOUDFIDE,Polska,2026-09-18,full_time,,23500.0,30200.0,False,onsite/unspecified,https://www.adzuna.pl/details/5889786208?utm_medium=api&utm_source=d69e57de,26850.0
adzuna_5841381584,adzuna,Senior Data Engineer,Data Engineer,"Morgan Advanced Materials, PLC",Polska,2026-08-14,full_time,,,,False,remote,https://www.adzuna.pl/details/5841381584?utm_medium=api&utm_source=d69e57de,
adzuna_5852206101,adzuna,Lead Data Engineer,Data Engineer,HUNTSMAN  sp. z o.o.,"Kraków, małopolskie",2026-08-22,,,,,False,onsite/unspecified,https://www.adzuna.pl/details/5852206101?utm_medium=api&utm_source=d69e57de,
adzuna_5894946392,adzuna,Big Data Engineer,Data Engineer,Grupa Kapitałowa Inter Cars,"Warszawa, mazowieckie",2026-09-23,,,,,False,onsite/unspecified,https://www.adzuna.pl/details/5894946392?utm_medium=api&utm_source=d69e57de,
adzuna_5867271251,adzuna,Senior Data Engineer,Data Engineer,Jit,Polska,2026-09-02,,,,,False,hybrid,https://www.adzuna.pl/details/5867271251?utm_medium=api&utm_source=d69e57de,
adzuna_5845429965,adzuna,Data Engineer (Remote),Data Engineer,Andersen Lab,Polska,2026-08-17,full_time,,7400.0,11200.0,False,remote,https://www.adzuna.pl/details/5845429965?utm_medium=api&utm_source=d69e57de,9300.0
adzuna_5871673915,adzuna,Data Engineer (W/M),Data Engineer,MTU Aero Engines Polska Sp. z o.o.,"Rzeszów, podkarpackie",2026-09-05,,,,,False,onsite/unspecified,https://www.adzuna.pl/details/5871673915?utm_medium=api&utm_source=d69e57de,
adzuna_5669986157,adzuna,Senior Data Engineer,Data Engineer,PeakData,Polska,2026-03-17,,,,,False,onsite/unspecified,https://www.adzuna.pl/details/5669986157?utm_medium=api&utm_source=d69e57de,
adzuna_5880762327,adzuna,Senior Data Engineer,Data Engineer,SALESTUBE sp. z o.o.,"Warszawa, mazowieckie",2026-09-12,,,,,False,onsite/unspecified,https://www.adzuna.pl/details/5880762327?utm_medium=api&utm_source=d69e57de,
adzuna_5885832703,adzuna,Senior Data Engineer,Data Engineer,HIBERUS POLAND SPÓŁKA Z OGRANICZONĄ ODPOWIEDZIALNOŚCIĄ,"Wrocław, dolnośląskie",2026-09-16,,,,,False,onsite/unspecified,https://www.adzuna.pl/details/5885832703?utm_medium=api&utm_source=d69e57de,
adzuna_5859471935,adzuna,Data Engineer (Spark),Data Engineer,Addepto,"Warszawa, mazowieckie",2026-08-28,,,,,False,onsite/unspecified,https://www.adzuna.pl/details/5859471935?utm_medium=api&utm_source=d69e57de,
adzuna_5859471885,adzuna,Data Engineer (Spark),Data Engineer,Addepto,"Wrocław, dolnośląskie",2026-08-28,,,,,False,onsite/unspecified,https://www.adzuna.pl/details/5859471885?utm_medium=api&utm_source=d69e57de,
adzuna_5859471826,adzuna,Data Engineer (Spark),Data Engineer,Addepto,"Białystok, podlaskie",2026-08-28,,,,,False,onsite/unspecified,https://www.adzuna.pl/details/5859471826?utm_medium=api&utm_source=d69e57de,
adzuna_5859471830,adzuna,Data Engineer (Spark),Data Engineer,Addepto,"Katowice, śląskie",2026-08-28,,,,,False,onsite/unspecified,https://www.adzuna.pl/details/5859471830?utm_medium=api&utm_source=d69e57de,
adzuna_5859471832,adzuna,Data Engineer (Spark),Data Engineer,Addepto,"Kraków, małopolskie",2026-08-28,,,,,False,onsite/unspecified,https://www.adzuna.pl/details/5859471832?utm_medium=api&utm_source=d69e57de,
adzuna_5859471824,adzuna,Data Engineer (Spark),Data Engineer,Addepto,"Poznań, wielkopolskie",2026-08-28,,,,,False,onsite/unspecified,https://www.adzuna.pl/details/5859471824?utm_medium=api&utm_source=d69e57de,
adzuna_5859471868,adzuna,Data Engineer (Spark),Data Engineer,Addepto,"Gdańsk, Trójmiasto",2026-08-28,,,,,False,onsite/unspecified,https://www.adzuna.pl/details/5859471868?utm_medium=api&utm_source=d69e57de,
adzuna_5888922171,adzuna,Data Engineer (Databricks),Data Engineer,Addepto,"Wrocław, dolnośląskie",2026-09-18,,,,,False,onsite/unspecified,https://www.adzuna.pl/details/5888922171?utm_medium=api&utm_source=d69e57de,
adzuna_5895689360,adzuna,Data Engineer (Databricks),Data Engineer,Addepto,"Kraków, małopolskie",2026-09-23,,,,,False,onsite/unspecified,https://www.adzuna.pl/details/5895689360?utm_medium=api&utm_source=d69e57de,
adzuna_5870230640,adzuna,Data Engineer (Databricks),Data Engineer,Addepto,"Katowice, śląskie",2026-09-04,,,,,False,onsite/unspecified,https://www.adzuna.pl/details/5870230640?utm_medium=api&utm_source=d69e57de,
adzuna_5889752263,adzuna,Data Engineer (Databricks),Data Engineer,Addepto,"Poznań, wielkopolskie",2026-09-18,,,,,False,onsite/unspecified,https://www.adzuna.pl/details/5889752263?utm_medium=api&utm_source=d69e57de,
adzuna_5888922143,adzuna,Data Engineer (Databricks),Data Engineer,Addepto,"Warszawa, mazowieckie",2026-09-18,,,,,False,onsite/unspecified,https://www.adzuna.pl/details/5888922143?utm_medium=api&utm_source=d69e57de,
adzuna_5889752262,adzuna,Data Engineer (Databricks),Data Engineer,Addepto,"Gdańsk, Trójmiasto",2026-09-18,,,,,False,onsite/unspecified,https://www.adzuna.pl/details/5889752262?utm_medium=api&utm_source=d69e57de,
adzuna_5878752290,adzuna,BI Data Engineer,Data Engineer,Holisticon,Polska,2026-09-10,,,,,False,onsite/unspecified,https://www.adzuna.pl/details/5878752290?utm_medium=api&utm_source=d69e57de,
adzuna_5856529156,adzuna,Data Engineer (PowerBI),Data Engineer,Scalo Sp. z o.o.,"Warszawa, mazowieckie",2026-08-26,,,,,False,onsite/unspecified,https://www.adzuna.pl/details/5856529156?utm_medium=api&utm_source=d69e57de,
adzuna_5907674507,adzuna,Senior Data Engineer,Data Engineer,Edge One Solutions Sp. z o.o.,"Warszawa, mazowieckie",2026-10-02,,,,,False,onsite/unspecified,https://www.adzuna.pl/details/5907674507?utm_medium=api&utm_source=d69e57de,
adzuna_5907674686,adzuna,Data Engineer (Snowflake),Data Engineer,Addepto,"Wrocław, dolnośląskie",2026-10-02,,,,,False,onsite/unspecified,https://www.adzuna.pl/details/5907674686?utm_medium=api&utm_source=d69e57de,
adzuna_5907674683,adzuna,Data Engineer (Snowflake),Data Engineer,Addepto,"Gdańsk, Trójmiasto",2026-10-02,,,,,False,onsite/unspecified,https://www.adzuna.pl/details/5907674683?utm_medium=api&utm_source=d69e57de,
adzuna_5907674682,adzuna,Data Engineer (Snowflake),Data Engineer,Addepto,"Białystok, podlaskie",2026-10-02,,,,,False,onsite/unspecified,https://www.adzuna.pl/details/5907674682?utm_medium=api&utm_source=d69e57de,
adzuna_5907674680,adzuna,Data Engineer (Snowflake),Data Engineer,Addepto,"Kraków, małopolskie",2026-10-02,,,,,False,onsite/unspecified,https://www.adzuna.pl/details/5907674680?utm_medium=api&utm_source=d69e57de,
adzuna_5907674692,adzuna,Data Engineer (Snowflake),Data Engineer,Addepto,"Katowice, śląskie",2026-10-02,,,,,False,onsite/unspecified,https://www.adzuna.pl/details/5907674692?utm_medium=api&utm_source=d69e57de,
adzuna_5872872739,adzuna,Data Engineer (Oracle),Data Engineer,Scalo Sp. z o.o.,"Warszawa, mazowieckie",2026-09-06,,,,,False,onsite/unspecified,https://www.adzuna.pl/details/5872872739?utm_medium=api&utm_source=d69e57de,
adzuna_5878157523,adzuna,Senior Data Engineer,Data Engineer,dotLinkers Sp. z o.o.,"Kraków, małopolskie",2026-09-10,,,,,False,onsite/unspecified,https://www.adzuna.pl/details/5878157523?utm_medium=api&utm_source=d69e57de,
adzuna_5811519450,adzuna,Senior Data Engineer,Data Engineer,MWDN,Polska,2026-07-23,full_time,,,,False,onsite/unspecified,https://www.adzuna.pl/details/5811519450?utm_medium=api&utm_source=d69e57de,
adzuna_5811520996,adzuna,Senior Data Engineer,Data Engineer,MWDN,Polska,2026-07-23,full_time,,,,False,onsite/unspecified,https://www.adzuna.pl/details/5811520996?utm_medium=api&utm_source=d69e57de,
adzuna_5679692792,adzuna,Senior Data Engineer,Data Engineer,Samba,"Warszawa, mazowieckie",2026-03-26,full_time,,,,False,onsite/unspecified,https://www.adzuna.pl/details/5679692792?utm_medium=api&utm_source=d69e57de,
adzuna_5872872198,adzuna,Data Engineer (AWS),Data Engineer,Capgemini Polska,"Warszawa, mazowieckie",2026-09-06,,,,,False,onsite/unspecified,https://www.adzuna.pl/details/5872872198?utm_medium=api&utm_source=d69e57de,
adzuna_5872872197,adzuna,Data Engineer (AWS),Data Engineer,Capgemini Polska,"Poznań, wielkopolskie",2026-09-06,,,,,False,onsite/unspecified,https://www.adzuna.pl/details/5872872197?utm_medium=api&utm_source=d69e57de,
adzuna_5900450021,adzuna,Senior Data Engineer,Data Engineer,summ-it s.a.,"Poznań, wielkopolskie",2026-09-27,,,,,False,onsite/unspecified,https://www.adzuna.pl/details/5900450021?utm_medium=api&utm_source=d69e57de,
adzuna_5872872194,adzuna,Data Engineer (AWS),Data Engineer,Capgemini Polska,"Kraków, małopolskie",2026-09-06,,,,,False,onsite/unspecified,https://www.adzuna.pl/details/5872872194?utm_medium=api&utm_source=d69e57de,
adzuna_5872872199,adzuna,Data Engineer (AWS),Data Engineer,Capgemini Polska,"Gdańsk, Trójmiasto",2026-09-06,,,,,False,onsite/unspecified,https://www.adzuna.pl/details/5872872199?utm_medium=api&utm_source=d69e57de,
adzuna_5872872196,adzuna,Data Engineer (AWS),Data Engineer,Capgemini Polska,"Wrocław, dolnośląskie",2026-09-06,,,,,False,onsite/unspecified,https://www.adzuna.pl/details/5872872196?utm_medium=api&utm_source=d69e57de,
adzuna_5858488482,adzuna,Cloud Data Engineer,Data Engineer,PricewaterhouseCoopers,Polska,2026-08-27,full_time,,,,False,onsite/unspecified,https://www.adzuna.pl/details/5858488482?utm_medium=api&utm_source=d69e57de,
adzuna_5857178983,adzuna,Cloud Data Engineer,Data Engineer,PwC,"Warszawa, mazowieckie",2026-08-26,full_time,,,,False,onsite/unspecified,https://www.adzuna.pl/details/5857178983?utm_medium=api&utm_source=d69e57de,
adzuna_5881188626,adzuna,Senior Data Engineer,Data Engineer,BlackLine Z.o.o.,"Kraków, małopolskie",2026-09-12,full_time,,,,False,onsite/unspecified,https://www.adzuna.pl/details/5881188626?utm_medium=api&utm_source=d69e57de,
adzuna_5877363360,adzuna,Senior Data Engineer,Data Engineer,WPP,"Warszawa, mazowieckie",2026-09-09,full_time,,8500.0,17042.0,False,onsite/unspecified,https://www.adzuna.pl/details/5877363360?utm_medium=api&utm_source=d69e57de,12771.0
adzuna_5800771330,adzuna,Lead Data Engineer,Data Engineer,Grupa Morizon-Gratka Sp. z o.o.,Polska,2026-07-15,,,,,False,onsite/unspecified,https://www.adzuna.pl/details/5800771330?utm_medium=api&utm_source=d69e57de,
adzuna_5720926546,adzuna,Data Engineer III,Data Engineer,Box,"Warszawa, mazowieckie",2026-05-06,,,,,False,onsite/unspecified,https://www.adzuna.pl/details/5720926546?utm_medium=api&utm_source=d69e57de,
adzuna_5833690942,adzuna,Cloud Data Engineer,Data Engineer,In4Ge,Polska,2026-08-08,,,,,False,onsite/unspecified,https://www.adzuna.pl/details/5833690942?utm_medium=api&utm_source=d69e57de,
adzuna_5815894975,adzuna,Senior Data Engineer,Data Engineer,In4Ge,Polska,2026-07-26,,,,,False,onsite/unspecified,https://www.adzuna.pl/details/5815894975?utm_medium=api&utm_source=d69e57de,
adzuna_5857134781,adzuna,Junior Data Engineer,Data Engineer,Mindboxgroup,Polska,2026-08-26,,,,,False,onsite/unspecified,https://www.adzuna.pl/details/5857134781?utm_medium=api&utm_source=d69e57de,
adzuna_5363436120,adzuna,Data Engineer - Azure,Data Engineer,The Dot Collective,Polska,2025-08-22,,,,,False,onsite/unspecified,https://www.adzuna.pl/details/5363436120?utm_medium=api&utm_source=d69e57de,
adzuna_5882800284,adzuna,Senior Data Engineer,Data Engineer,Randstad,Polska,2026-09-13,,,,,False,hybrid,https://www.adzuna.pl/details/5882800284?utm_medium=api&utm_source=d69e57de,
adzuna_5886519598,adzuna,MLOps / Data Engineer,ML Engineer,Jit,Polska,2026-09-16,,,,,False,hybrid,https://www.adzuna.pl/details/5886519598?utm_medium=api&utm_source=d69e57de,
adzuna_5888034686,adzuna,Senior Data Engineer,Data Engineer,Cisco,"Kraków, małopolskie",2026-09-17,full_time,,,,False,onsite/unspecified,https://www.adzuna.pl/details/5888034686?utm_medium=api&utm_source=d69e57de,
adzuna_5899904518,adzuna,GCP Data Engineer,Data Engineer,Poland and Eastern Europe,Polska,2026-09-26,,,,,False,onsite/unspecified,https://www.adzuna.pl/details/5899904518?utm_medium=api&utm_source=d69e57de,
adzuna_5900798001,adzuna,master data engineer,Data Engineer,Erste Bank Polska,"Wrocław, dolnośląskie",2026-09-27,full_time,,,,False,hybrid,https://www.adzuna.pl/details/5900798001?utm_medium=api&utm_source=d69e57de,
adzuna_5871030524,adzuna,Databricks Data Engineer,Data Engineer,CYCLAD,Polska,2026-09-04,full_time,,20200.0,21800.0,False,onsite/unspecified,https://www.adzuna.pl/details/5871030524?utm_medium=api&utm_source=d69e57de,21000.0
adzuna_5826863285,adzuna,Databricks Data Engineer,Data Engineer,CYCLAD,Polska,2026-08-03,full_time,,20200.0,21800.0,False,onsite/unspecified,https://www.adzuna.pl/details/5826863285?utm_medium=api&utm_source=d69e57de,21000.0
adzuna_5826863280,adzuna,Data Engineer (Databricks),Data Engineer,CYCLAD,Polska,2026-08-03,full_time,,21000.0,24400.0,False,onsite/unspecified,https://www.adzuna.pl/details/5826863280?utm_medium=api&utm_source=d69e57de,22700.0
adzuna_5888793846,adzuna,Senior Data Engineer,Data Engineer,Cisco,"Kraków, małopolskie",2026-09-18,,,,,False,onsite/unspecified,https://www.adzuna.pl/details/5888793846?utm_medium=api&utm_source=d69e57de,
adzuna_5888793858,adzuna,Senior Data Engineer,Data Engineer,Cisco,"Warszawa, mazowieckie",2026-09-18,,,,,False,onsite/unspecified,https://www.adzuna.pl/details/5888793858?utm_medium=api&utm_source=d69e57de,
adzuna_5871031045,adzuna,Data Engineer (Oracle),Data Engineer,Scalo,Polska,2026-09-04,full_time,,25200.0,28600.0,False,onsite/unspecified,https://www.adzuna.pl/details/5871031045?utm_medium=api&utm_source=d69e57de,26900.0
adzuna_5885168381,adzuna,Data Engineer (Remote),Data Engineer,Scalo,Polska,2026-09-15,full_time,,28600.0,33600.0,False,remote,https://www.adzuna.pl/details/5885168381?utm_medium=api&utm_source=d69e57de,31100.0
adzuna_5818296794,adzuna,Senior Data Engineer,Data Engineer,Link Group,"Warszawa, mazowieckie",2026-07-28,,,,,False,onsite/unspecified,https://www.adzuna.pl/details/5818296794?utm_medium=api&utm_source=d69e57de,
adzuna_5833388578,adzuna,Senior Data Engineer,Data Engineer,Link Group,"Warszawa, mazowieckie",2026-08-08,,,,,False,onsite/unspecified,https://www.adzuna.pl/details/5833388578?utm_medium=api&utm_source=d69e57de,
adzuna_5790509424,adzuna,Semantic Data Engineer,Data Engineer,Upvanta sp. z o.o.,"Wrocław, dolnośląskie",2026-07-07,,,23100.0,26250.0,False,hybrid,https://www.adzuna.pl/details/5790509424?utm_medium=api&utm_source=d69e57de,24675.0
adzuna_5845835181,adzuna,Data Scientist / ML Engineer @ Addepto,ML Engineer,Addepto,Polska,2026-08-18,full_time,,12600.0,19320.0,False,onsite/unspecified,https://www.adzuna.pl/land/ad/5845835181?se=tL77oW--8RGzyrvt2Q_iTw&utm_medium=api&utm_source=d69e57de&v=3ECBB5AD4ECE4C8D02FF0F081EF8F8A5F66214D1,15960.0
adzuna_5895661810,adzuna,Regular Data Engineer | ROR,Data Engineer,Inetum Polska,Polska,2026-09-23,,,,,False,onsite/unspecified,https://www.adzuna.pl/details/5895661810?utm_medium=api&utm_source=d69e57de,
adzuna_5723089493,adzuna,AI Senior Data Engineer,Data Engineer,Telemedi,Polska,2026-05-08,full_time,,,,False,onsite/unspecified,https://www.adzuna.pl/details/5723089493?utm_medium=api&utm_source=d69e57de,
adzuna_5792833872,adzuna,Senior Data Engineer - Databricks,Data Engineer,Intetics,Polska,2026-07-08,,,,,False,onsite/unspecified,https://www.adzuna.pl/details/5792833872?utm_medium=api&utm_source=d69e57de,
adzuna_5871267954,adzuna,Data Platform Engineer (DevOps) @ Capgemini Polska Sp. z o.o.,Data Engineer,Capgemini Polska Sp. z o.o.,Polska,2026-09-05,full_time,,,,False,onsite/unspecified,https://www.adzuna.pl/land/ad/5871267954?se=tL77oW--8RGzyrvt2Q_iTw&utm_medium=api&utm_source=d69e57de&v=919DED53EEC8CC4C517873FF8ADE6F896F114AC1,
adzuna_5896111351,adzuna,"Senior Data Product Engineer, Intelligent Platforms (all genders) @ HelloFresh",Other,HelloFresh,"Warszawa, mazowieckie",2026-09-24,full_time,,23200.0,36300.0,False,onsite/unspecified,https://www.adzuna.pl/land/ad/5896111351?se=tL77oW--8RGzyrvt2Q_iTw&utm_medium=api&utm_source=d69e57de&v=0D0FA0C41612F4A7D1F4F5B3221D84FF673D5B5B,29750.0
adzuna_5850362508,adzuna,Data & Software Engineer 5 — System Insights & Productivity Metrics @ Netflix,Other,Netflix,"Warszawa, mazowieckie",2026-08-21,full_time,,,,False,onsite/unspecified,https://www.adzuna.pl/land/ad/5850362508?se=tL77oW--8RGzyrvt2Q_iTw&utm_medium=api&utm_source=d69e57de&v=50FDD5CFB22A8BA858FB35CA9645DBCC046CB9E3,
adzuna_5882401096,adzuna,Data Engineer Azure Data Explorer,Data Engineer,Connectis,"Katowice, śląskie",2026-09-13,,,,,False,onsite/unspecified,https://www.adzuna.pl/details/5882401096?utm_medium=api&utm_source=d69e57de,
adzuna_5859863749,adzuna,Data Engineer - Azure Data Marketplace,Data Engineer,Belvedere,Polska,2026-08-28,,,,,False,hybrid,https://www.adzuna.pl/details/5859863749?utm_medium=api&utm_source=d69e57de,
adzuna_5895689361,adzuna,Data Engineer (Azure Data Factory),Data Engineer,Addepto,"Kraków, małopolskie",2026-09-23,,,,,False,onsite/unspecified,https://www.adzuna.pl/details/5895689361?utm_medium=api&utm_source=d69e57de,
adzuna_5889752256,adzuna,Data Engineer (Azure Data Factory),Data Engineer,Addepto,"Wrocław, dolnośląskie",2026-09-18,,,,,False,onsite/unspecified,https://www.adzuna.pl/details/5889752256?utm_medium=api&utm_source=d69e57de,
adzuna_5889752261,adzuna,Data Engineer (Azure Data Factory),Data Engineer,Addepto,"Warszawa, mazowieckie",2026-09-18,,,,,False,onsite/unspecified,https://www.adzuna.pl/details/5889752261?utm_medium=api&utm_source=d69e57de,
adzuna_5870230630,adzuna,Data Engineer (Azure Data Factory),Data Engineer,Addepto,"Poznań, wielkopolskie",2026-09-04,,,,,False,onsite/unspecified,https://www.adzuna.pl/details/5870230630?utm_medium=api&utm_source=d69e57de,
adzuna_5870230629,adzuna,Data Engineer (Azure Data Factory),Data Engineer,Addepto,"Katowice, śląskie",2026-09-04,,,,,False,onsite/unspecified,https://www.adzuna.pl/details/5870230629?utm_medium=api&utm_source=d69e57de,
adzuna_5850723923,adzuna,Data Engineer (Scala) - Data Assets,Data Engineer,Allegro,"Warszawa, mazowieckie",2026-08-21,,,,,False,hybrid,https://www.adzuna.pl/details/5850723923?utm_medium=api&utm_source=d69e57de,
adzuna_5849556143,adzuna,Data Engineer Scala - Data Assets,Data Engineer,Allegro,"Kraków, małopolskie",2026-08-20,,,14600.0,20825.0,False,hybrid,https://www.adzuna.pl/details/5849556143?utm_medium=api&utm_source=d69e57de,17712.5
adzuna_5903076923,adzuna,Senior Data Engineer (Remote),Data Engineer,EXPinIT,Polska,2026-09-30,full_time,,25600.0,28800.0,False,remote,https://www.adzuna.pl/details/5903076923?utm_medium=api&utm_source=d69e57de,27200.0
adzuna_5827706416,adzuna,Data Engineer - Process Mining,Data Engineer,BNP Paribas SA oddział w Polsce,"Warszawa, mazowieckie",2026-08-04,,,,,False,onsite/unspecified,https://www.adzuna.pl/details/5827706416?utm_medium=api&utm_source=d69e57de,
adzuna_5704009844,adzuna,Senior Data Engineer - Databricks,Data Engineer,Next Technology,Polska,2026-04-18,,,,,False,remote,https://www.adzuna.pl/details/5704009844?utm_medium=api&utm_source=d69e57de,
adzuna_5849555518,adzuna,Data Engineer - Microsoft Fabric,Data Engineer,Angry Nerds,"Wrocław, dolnośląskie",2026-08-20,,,20160.0,25200.0,False,onsite/unspecified,https://www.adzuna.pl/details/5849555518?utm_medium=api&utm_source=d69e57de,22680.0
adzuna_5898611075,adzuna,Senior Azure Data Engineer,Data Engineer,Mindboxgroup,Polska,2026-09-25,,,,,False,onsite/unspecified,https://www.adzuna.pl/details/5898611075?utm_medium=api&utm_source=d69e57de,
adzuna_5833390079,adzuna,Senior Azure Data Engineer,Data Engineer,SNI,"Wrocław, dolnośląskie",2026-08-08,,,25200.0,26880.0,False,onsite/unspecified,https://www.adzuna.pl/details/5833390079?utm_medium=api&utm_source=d69e57de,26040.0
adzuna_5819711044,adzuna,Senior Snowflake Data Engineer,Data Engineer,Upvanta sp. z o.o.,"Kraków, małopolskie",2026-07-29,,,25200.0,31500.0,False,remote,https://www.adzuna.pl/details/5819711044?utm_medium=api&utm_source=d69e57de,28350.0
adzuna_5899446539,adzuna,Senior Azure Data Engineer,Data Engineer,Mindbox Sp. z o.o.,"Warszawa, mazowieckie",2026-09-26,,,,,False,onsite/unspecified,https://www.adzuna.pl/details/5899446539?utm_medium=api&utm_source=d69e57de,
adzuna_5878157818,adzuna,Data Engineer (K/M),Data Engineer,NEONTRI SPÓŁKA Z OGRANICZONĄ ODPOWIEDZIALNOŚCIĄ,"Warszawa, mazowieckie",2026-09-10,,,,,False,onsite/unspecified,https://www.adzuna.pl/details/5878157818?utm_medium=api&utm_source=d69e57de,
adzuna_5826533893,adzuna,Senior Data Engineer - Teradata,Data Engineer,emagine Polska,Polska,2026-08-03,,,,,False,onsite/unspecified,https://www.adzuna.pl/details/5826533893?utm_medium=api&utm_source=d69e57de,
adzuna_5872872914,adzuna,"Data Engineer (Spark, Azure)",Data Engineer,EPAM Systems  sp. z o.o.,"Kraków, małopolskie",2026-09-06,,,,,False,onsite/unspecified,https://www.adzuna.pl/details/5872872914?utm_medium=api&utm_source=d69e57de,
adzuna_5836637206,adzuna,Senior AWS Data Engineer,Data Engineer,DCG,"Warszawa, mazowieckie",2026-08-11,,,,,False,onsite/unspecified,https://www.adzuna.pl/details/5836637206?utm_medium=api&utm_source=d69e57de,
adzuna_5770108603,adzuna,Data Engineer Spark Azure,Data Engineer,EPAM Systems,"Kraków, małopolskie",2026-06-20,,,,,False,hybrid,https://www.adzuna.pl/details/5770108603?utm_medium=api&utm_source=d69e57de,
adzuna_5794128473,adzuna,Lead Data Engineer Consultant,Data Engineer,Antal Sp. z o.o.,"Kraków, małopolskie",2026-07-09,,,,,False,hybrid,https://www.adzuna.pl/details/5794128473?utm_medium=api&utm_source=d69e57de,
adzuna_5870230990,adzuna,Senior Data Engineer (AI),Data Engineer,Sopra Steria Polska Sp. z o.o.,"Katowice, śląskie",2026-09-04,,,,,False,onsite/unspecified,https://www.adzuna.pl/details/5870230990?utm_medium=api&utm_source=d69e57de,
adzuna_5903541865,adzuna,Data Engineer with AI,Data Engineer,Autodesk,"Kraków, małopolskie",2026-09-30,,,,,False,onsite/unspecified,https://www.adzuna.pl/details/5903541865?utm_medium=api&utm_source=d69e57de,
adzuna_5849556262,adzuna,Microsoft Fabric Data Engineer,Data Engineer,emagine Polska,Polska,2026-08-20,,,,,False,onsite/unspecified,https://www.adzuna.pl/details/5849556262?utm_medium=api&utm_source=d69e57de,
adzuna_5888218319,adzuna,Data Engineer in Poland,Data Engineer,Andersen Lab,Polska,2026-09-17,full_time,,18000.0,30000.0,False,onsite/unspecified,https://www.adzuna.pl/details/5888218319?utm_medium=api&utm_source=d69e57de,24000.0
adzuna_5833388969,adzuna,Senior Data Engineer Snowflake,Data Engineer,emagine Polska,"Warszawa, mazowieckie",2026-08-08,,,,,False,onsite/unspecified,https://www.adzuna.pl/details/5833388969?utm_medium=api&utm_source=d69e57de,
adzuna_5846625112,adzuna,Microsoft Fabric Data Engineer,Data Engineer,emagine Polska,Polska,2026-08-18,,,,,False,onsite/unspecified,https://www.adzuna.pl/details/5846625112?utm_medium=api&utm_source=d69e57de,
adzuna_5832179553,adzuna,Data Engineer with German,Data Engineer,DXC Technology,Polska,2026-08-07,full_time,,,,False,onsite/unspecified,https://www.adzuna.pl/details/5832179553?utm_medium=api&utm_source=d69e57de,
adzuna_5889647493,adzuna,Senior Data Engineer (Databricks),Data Engineer,Entrada AI,Polska,2026-09-18,full_time,,,,False,onsite/unspecified,https://www.adzuna.pl/details/5889647493?utm_medium=api&utm_source=d69e57de,
adzuna_5856528730,adzuna,Data Engineer (Microsoft Fabric),Data Engineer,Scalo Sp. z o.o.,"Warszawa, mazowieckie",2026-08-26,,,,,False,onsite/unspecified,https://www.adzuna.pl/details/5856528730?utm_medium=api&utm_source=d69e57de,
adzuna_5792385841,adzuna,Programista Data Engineer BI,Data Engineer,CYFROWY POLSAT S.A.,"Warszawa, mazowieckie",2026-07-08,,,,,False,onsite/unspecified,https://www.adzuna.pl/details/5792385841?utm_medium=api&utm_source=d69e57de,
adzuna_5856738748,adzuna,Data Engineer Snowflake SQL,Data Engineer,Avenga,"Warszawa, mazowieckie",2026-08-26,,,26880.0,28560.0,False,onsite/unspecified,https://www.adzuna.pl/details/5856738748?utm_medium=api&utm_source=d69e57de,27720.0
adzuna_5876874827,adzuna,Lead Data Engineer (Databricks),Data Engineer,ACAISOFT POLAND Sp. z o.o.,"Warszawa, mazowieckie",2026-09-09,,,,,False,onsite/unspecified,https://www.adzuna.pl/details/5876874827?utm_medium=api&utm_source=d69e57de,
adzuna_5895449952,adzuna,Senior Data Engineer Contractor,Data Engineer,intive,Polska,2026-09-23,full_time,,,,False,onsite/unspecified,https://www.adzuna.pl/details/5895449952?utm_medium=api&utm_source=d69e57de,
adzuna_5855310618,adzuna,Senior Lead Data Engineer,Data Engineer,emagine Polska,Polska,2026-08-25,,,,,False,onsite/unspecified,https://www.adzuna.pl/details/5855310618?utm_medium=api&utm_source=d69e57de,
adzuna_5829011566,adzuna,Senior Snowflake Data Engineer,Data Engineer,Link Group,"Warszawa, mazowieckie",2026-08-05,,,23520.0,27720.0,False,onsite/unspecified,https://www.adzuna.pl/details/5829011566?utm_medium=api&utm_source=d69e57de,25620.0
adzuna_5900789608,adzuna,Senior/Lead Data Engineer,Data Engineer,N-iX,Polska,2026-09-27,,,,,False,onsite/unspecified,https://www.adzuna.pl/details/5900789608?utm_medium=api&utm_source=d69e57de,
adzuna_5898612094,adzuna,Data Engineer (Tax Care),Data Engineer,XTB,"Warszawa, mazowieckie",2026-09-25,full_time,,,,False,onsite/unspecified,https://www.adzuna.pl/details/5898612094?utm_medium=api&utm_source=d69e57de,
adzuna_5804815322,adzuna,Data Engineer F M,Data Engineer,B2Bnetwork,"Warszawa, mazowieckie",2026-07-17,,,,,False,onsite/unspecified,https://www.adzuna.pl/details/5804815322?utm_medium=api&utm_source=d69e57de,
adzuna_5788546690,adzuna,Senior AI Data Engineer,Data Engineer,Netwrix Corporation,"Kraków, małopolskie",2026-07-05,full_time,,,,False,onsite/unspecified,https://www.adzuna.pl/details/5788546690?utm_medium=api&utm_source=d69e57de,
adzuna_5889786202,adzuna,Senior Data Engineer (Remote),Data Engineer,CLOUDFIDE,Polska,2026-09-18,full_time,,23500.0,30200.0,False,remote,https://www.adzuna.pl/details/5889786202?utm_medium=api&utm_source=d69e57de,26850.0
adzuna_5855310013,adzuna,Senior AI Data Engineer,Data Engineer,Billennium,"Warszawa, mazowieckie",2026-08-25,,,,,False,onsite/unspecified,https://www.adzuna.pl/details/5855310013?utm_medium=api&utm_source=d69e57de,
adzuna_5858189557,adzuna,Senior Data Engineer Snowflake,Data Engineer,Link Group,"Kraków, małopolskie",2026-08-27,,,23520.0,26880.0,False,onsite/unspecified,https://www.adzuna.pl/details/5858189557?utm_medium=api&utm_source=d69e57de,25200.0
adzuna_5849555853,adzuna,Senior Data Engineer Snowflake,Data Engineer,N-iX,"Kraków, małopolskie",2026-08-20,,,22384.0,26115.0,False,onsite/unspecified,https://www.adzuna.pl/details/5849555853?utm_medium=api&utm_source=d69e57de,24249.5
adzuna_5891500399,adzuna,Data Engineer (Azure/Databricks),Data Engineer,SQUARE ONE RESOURCES sp. z o.o.,"Warszawa, mazowieckie",2026-09-20,,,,,False,onsite/unspecified,https://www.adzuna.pl/details/5891500399?utm_medium=api&utm_source=d69e57de,
adzuna_5848523771,adzuna,Senior Data Engineer (Snowflake),Data Engineer,N-iX,Polska,2026-08-19,,,,,False,onsite/unspecified,https://www.adzuna.pl/details/5848523771?utm_medium=api&utm_source=d69e57de,
adzuna_5891501851,adzuna,Senior Data Engineer (Databricks),Data Engineer,Addepto,"Warszawa, mazowieckie",2026-09-20,,,,,False,onsite/unspecified,https://www.adzuna.pl/details/5891501851?utm_medium=api&utm_source=d69e57de,
adzuna_5891501855,adzuna,Senior Data Engineer (Databricks),Data Engineer,Addepto,"Gdańsk, Trójmiasto",2026-09-20,,,,,False,onsite/unspecified,https://www.adzuna.pl/details/5891501855?utm_medium=api&utm_source=d69e57de,
adzuna_5891501854,adzuna,Senior Data Engineer (Databricks),Data Engineer,Addepto,"Poznań, wielkopolskie",2026-09-20,,,,,False,onsite/unspecified,https://www.adzuna.pl/details/5891501854?utm_medium=api&utm_source=d69e57de,
adzuna_5891501848,adzuna,Senior Data Engineer (Databricks),Data Engineer,Addepto,"Kraków, małopolskie",2026-09-20,,,,,False,onsite/unspecified,https://www.adzuna.pl/details/5891501848?utm_medium=api&utm_source=d69e57de,
adzuna_5889647263,adzuna,GCP Data Engineer - freelance,Data Engineer,Lingaro,Polska,2026-09-18,,,,,False,onsite/unspecified,https://www.adzuna.pl/details/5889647263?utm_medium=api&utm_source=d69e57de,
adzuna_5891351558,adzuna,Senior Data Engineer Azure,Data Engineer,STAFIDE,"Ząbki, mazowieckie",2026-09-20,full_time,,,,False,onsite/unspecified,https://www.adzuna.pl/details/5891351558?utm_medium=api&utm_source=d69e57de,
adzuna_5891501753,adzuna,Data Engineer (dane i integracje),Data Engineer,CONCEPT 101 SPÓŁKA Z OGRANICZONĄ ODPOWIEDZIALNOŚCIĄ,"Łódź, łódzkie",2026-09-20,,,,,False,onsite/unspecified,https://www.adzuna.pl/details/5891501753?utm_medium=api&utm_source=d69e57de,
adzuna_5885828535,adzuna,Data Engineer – Google Cloud,Data Engineer,GOLDENORE ITC sp. z o.o.,"Warszawa, mazowieckie",2026-09-16,,,,,False,onsite/unspecified,https://www.adzuna.pl/details/5885828535?utm_medium=api&utm_source=d69e57de,
adzuna_5859471852,adzuna,Senior Data Engineer (Spark),Data Engineer,Addepto,"Wrocław, dolnośląskie",2026-08-28,,,,,False,onsite/unspecified,https://www.adzuna.pl/details/5859471852?utm_medium=api&utm_source=d69e57de,
adzuna_5859471877,adzuna,Senior Data Engineer (Spark),Data Engineer,Addepto,"Gdańsk, Trójmiasto",2026-08-28,,,,,False,onsite/unspecified,https://www.adzuna.pl/details/5859471877?utm_medium=api&utm_source=d69e57de,
adzuna_5859471854,adzuna,Senior Data Engineer (Spark),Data Engineer,Addepto,"Białystok, podlaskie",2026-08-28,,,,,False,onsite/unspecified,https://www.adzuna.pl/details/5859471854?utm_medium=api&utm_source=d69e57de,
adzuna_5859471886,adzuna,Senior Data Engineer (Spark),Data Engineer,Addepto,"Poznań, wielkopolskie",2026-08-28,,,,,False,onsite/unspecified,https://www.adzuna.pl/details/5859471886?utm_medium=api&utm_source=d69e57de,
adzuna_5859471865,adzuna,Senior Data Engineer (Spark),Data Engineer,Addepto,"Katowice, śląskie",2026-08-28,,,,,False,onsite/unspecified,https://www.adzuna.pl/details/5859471865?utm_medium=api&utm_source=d69e57de,
adzuna_5859471834,adzuna,Senior Data Engineer (Spark),Data Engineer,Addepto,"Warszawa, mazowieckie",2026-08-28,,,,,False,onsite/unspecified,https://www.adzuna.pl/details/5859471834?utm_medium=api&utm_source=d69e57de,
adzuna_5859471850,adzuna,Senior Data Engineer (Spark),Data Engineer,Addepto,"Kraków, małopolskie",2026-08-28,,,,,False,onsite/unspecified,https://www.adzuna.pl/details/5859471850?utm_medium=api&utm_source=d69e57de,
adzuna_5889752255,adzuna,Senior Data Engineer (Databricks),Data Engineer,Addepto,"Wrocław, dolnośląskie",2026-09-18,,,,,False,onsite/unspecified,https://www.adzuna.pl/details/5889752255?utm_medium=api&utm_source=d69e57de,
adzuna_5870230668,adzuna,Senior Data Engineer (Databricks),Data Engineer,Addepto,"Poznań, wielkopolskie",2026-09-04,,,,,False,onsite/unspecified,https://www.adzuna.pl/details/5870230668?utm_medium=api&utm_source=d69e57de,
adzuna_5888922164,adzuna,Senior Data Engineer (Databricks),Data Engineer,Addepto,"Katowice, śląskie",2026-09-18,,,,,False,onsite/unspecified,https://www.adzuna.pl/details/5888922164?utm_medium=api&utm_source=d69e57de,
adzuna_5893118368,adzuna,Senior Data Engineer (Databricks),Data Engineer,Addepto,"Warszawa, mazowieckie",2026-09-21,,,,,False,onsite/unspecified,https://www.adzuna.pl/details/5893118368?utm_medium=api&utm_source=d69e57de,
adzuna_5870230666,adzuna,Senior Data Engineer (Databricks),Data Engineer,Addepto,"Gdańsk, Trójmiasto",2026-09-04,,,,,False,onsite/unspecified,https://www.adzuna.pl/details/5870230666?utm_medium=api&utm_source=d69e57de,
adzuna_5895689348,adzuna,Senior Data Engineer (Databricks),Data Engineer,Addepto,"Kraków, małopolskie",2026-09-23,,,,,False,onsite/unspecified,https://www.adzuna.pl/details/5895689348?utm_medium=api&utm_source=d69e57de,
adzuna_5822521398,adzuna,(Senior) Data Engineer (Kafka),Data Engineer,Aviva Employment Services,Polska,2026-07-31,,,,,False,onsite/unspecified,https://www.adzuna.pl/details/5822521398?utm_medium=api&utm_source=d69e57de,
adzuna_5872873572,adzuna,Senior Backend & Data Engineer,Data Engineer,ALTEN Polska,"Kraków, małopolskie",2026-09-06,,,,,False,onsite/unspecified,https://www.adzuna.pl/details/5872873572?utm_medium=api&utm_source=d69e57de,
adzuna_5885097109,adzuna,Process Reinvention Data Engineer,Data Engineer,Accenture Strategy & Consulting,"Warszawa, mazowieckie",2026-09-15,,,,,False,onsite/unspecified,https://www.adzuna.pl/details/5885097109?utm_medium=api&utm_source=d69e57de,
adzuna_5897135481,adzuna,Data Engineer (m/k),Data Engineer,Polenergia,"Warszawa, mazowieckie",2026-09-24,,,,,False,onsite/unspecified,https://www.adzuna.pl/details/5897135481?utm_medium=api&utm_source=d69e57de,
adzuna_5399186071,adzuna,"Data Engineer, Market Intelligence",Data Engineer,Point72,"Warszawa, mazowieckie",2025-09-14,,,,,False,onsite/unspecified,https://www.adzuna.pl/details/5399186071?utm_medium=api&utm_source=d69e57de,
adzuna_5330831913,adzuna,Team Lead - Data Engineer,Data Engineer,Clouds On Mars sp. z o.o.,Polska,2025-08-01,,,,,False,onsite/unspecified,https://www.adzuna.pl/details/5330831913?utm_medium=api&utm_source=d69e57de,
adzuna_5672451844,adzuna,Process Reinvention Data Engineer,Data Engineer,Accenture,Polska,2026-03-19,full_time,,,,False,onsite/unspecified,https://www.adzuna.pl/details/5672451844?utm_medium=api&utm_source=d69e57de,
adzuna_5789438510,adzuna,Big Data Engineer IV,Data Engineer,OpenX,"Kraków, małopolskie",2026-07-06,full_time,,,,False,onsite/unspecified,https://www.adzuna.pl/details/5789438510?utm_medium=api&utm_source=d69e57de,
adzuna_5879966691,adzuna,Data Engineer (K/M),Data Engineer,Soflab,Polska,2026-09-11,,,,,False,onsite/unspecified,https://www.adzuna.pl/details/5879966691?utm_medium=api&utm_source=d69e57de,
adzuna_5376205486,adzuna,"Data Engineer, Investment Services",Data Engineer,Point72,"Warszawa, mazowieckie",2025-08-31,,,,,False,onsite/unspecified,https://www.adzuna.pl/details/5376205486?utm_medium=api&utm_source=d69e57de,
adzuna_5890868426,adzuna,Azure Data Engineer - freelance,Data Engineer,Lingaro,Polska,2026-09-19,,,,,False,onsite/unspecified,https://www.adzuna.pl/details/5890868426?utm_medium=api&utm_source=d69e57de,
adzuna_5871029576,adzuna,Senior Data Engineer (Remote),Data Engineer,Warsaw Headhunters,Polska,2026-09-04,part_time,,24000.0,30000.0,False,remote,https://www.adzuna.pl/details/5871029576?utm_medium=api&utm_source=d69e57de,27000.0
adzuna_5871030010,adzuna,Databricks Data Engineer (Remote),Data Engineer,CYCLAD,Polska,2026-09-04,full_time,,21000.0,22700.0,False,remote,https://www.adzuna.pl/details/5871030010?utm_medium=api&utm_source=d69e57de,21850.0
adzuna_5895450033,adzuna,Data Engineer & Solution Architect,Data Engineer,In4Ge,Polska,2026-09-23,,,,,False,onsite/unspecified,https://www.adzuna.pl/details/5895450033?utm_medium=api&utm_source=d69e57de,
adzuna_5832321274,adzuna,Big Data Engineer (Remote),Data Engineer,EXPinIT,Polska,2026-08-07,full_time,,24000.0,28800.0,False,remote,https://www.adzuna.pl/details/5832321274?utm_medium=api&utm_source=d69e57de,26400.0
adzuna_5840672502,adzuna,Senior Data Engineer (Remote),Data Engineer,Xebia,Polska,2026-08-13,full_time,,20200.0,32800.0,False,remote,https://www.adzuna.pl/details/5840672502?utm_medium=api&utm_source=d69e57de,26500.0
adzuna_5904129181,adzuna,Big Data Engineer (Scala),Data Engineer,Box,"Warszawa, mazowieckie",2026-09-30,,,,,False,onsite/unspecified,https://www.adzuna.pl/details/5904129181?utm_medium=api&utm_source=d69e57de,
adzuna_5871031056,adzuna,Senior Data Engineer (Remote),Data Engineer,Appliscale,Polska,2026-09-04,full_time,,26000.0,30000.0,False,remote,https://www.adzuna.pl/details/5871031056?utm_medium=api&utm_source=d69e57de,28000.0
adzuna_5802803819,adzuna,Senior Data Engineer AWS,Data Engineer,Xebia sp. z o.o.,"Wrocław, dolnośląskie",2026-07-16,,,21000.0,33000.0,False,onsite/unspecified,https://www.adzuna.pl/details/5802803819?utm_medium=api&utm_source=d69e57de,27000.0
adzuna_5861037197,adzuna,Data Engineer On-site,Data Engineer,Capgemini Invent,"Gdańsk, Trójmiasto",2026-08-29,,,,,False,onsite/unspecified,https://www.adzuna.pl/details/5861037197?utm_medium=api&utm_source=d69e57de,
adzuna_5896530516,adzuna,Executive Azure Data Engineer - Data & Cloud,Data Engineer,KPMG,"Łódź, łódzkie",2026-09-24,,,,,False,onsite/unspecified,https://www.adzuna.pl/details/5896530516?utm_medium=api&utm_source=d69e57de,
adzuna_5896530657,adzuna,Executive Azure Data Engineer - Data & Cloud,Data Engineer,KPMG,"Warszawa, mazowieckie",2026-09-24,,,,,False,onsite/unspecified,https://www.adzuna.pl/details/5896530657?utm_medium=api&utm_source=d69e57de,
adzuna_5896530593,adzuna,Executive Azure Data Engineer - Data & Cloud,Data Engineer,KPMG,"Gdańsk, Trójmiasto",2026-09-24,,,,,False,onsite/unspecified,https://www.adzuna.pl/details/5896530593?utm_medium=api&utm_source=d69e57de,
adzuna_5896530549,adzuna,Executive Azure Data Engineer - Data & Cloud,Data Engineer,KPMG,"Katowice, śląskie",2026-09-24,,,,,False,onsite/unspecified,https://www.adzuna.pl/details/5896530549?utm_medium=api&utm_source=d69e57de,
adzuna_5896530614,adzuna,Executive Azure Data Engineer - Data & Cloud,Data Engineer,KPMG,"Poznań, wielkopolskie",2026-09-24,,,,,False,onsite/unspecified,https://www.adzuna.pl/details/5896530614?utm_medium=api&utm_source=d69e57de,
adzuna_5896530505,adzuna,Executive Azure Data Engineer - Data & Cloud,Data Engineer,KPMG,"Kraków, małopolskie",2026-09-24,,,,,False,onsite/unspecified,https://www.adzuna.pl/details/5896530505?utm_medium=api&utm_source=d69e57de,
adzuna_5896530586,adzuna,Executive Azure Data Engineer - Data & Cloud,Data Engineer,KPMG,"Wrocław, dolnośląskie",2026-09-24,,,,,False,onsite/unspecified,https://www.adzuna.pl/details/5896530586?utm_medium=api&utm_source=d69e57de,
adzuna_5845835184,adzuna,Senior Data Scientist / ML Engineer @ Addepto,ML Engineer,Addepto,Polska,2026-08-18,full_time,,19320.0,25200.0,False,onsite/unspecified,https://www.adzuna.pl/land/ad/5845835184?se=CiF-o2--8RGSfYHHW1SRSw&utm_medium=api&utm_source=d69e57de&v=AECD06EFAA519B854C9034504C14CBB3515D3B5B,22260.0
adzuna_5845835182,adzuna,Lead Data Scientist / ML Engineer @ Addepto,ML Engineer,Addepto,Polska,2026-08-18,full_time,,19320.0,28560.0,False,onsite/unspecified,https://www.adzuna.pl/land/ad/5845835182?se=CiF-o2--8RGSfYHHW1SRSw&utm_medium=api&utm_source=d69e57de&v=4906721C5A13926883791385375A34315D980FDF,23940.0
adzuna_5878550649,adzuna,Senior Data Engineer (GCP) / TMB,Data Engineer,Inetum Polska,Polska,2026-09-10,,,,,False,onsite/unspecified,https://www.adzuna.pl/details/5878550649?utm_medium=api&utm_source=d69e57de,
adzuna_5478998142,adzuna,Data Engineer / Apache Airflow Specialist,Data Engineer,Intetics,Polska,2025-11-03,,,,,False,remote,https://www.adzuna.pl/details/5478998142?utm_medium=api&utm_source=d69e57de,
adzuna_5838648030,adzuna,Senior Data Engineer - Fully Remote,Data Engineer,Sowelo Consulting sp. z o.o.,Polska,2026-08-12,,,,,False,remote,https://www.adzuna.pl/details/5838648030?utm_medium=api&utm_source=d69e57de,
adzuna_5890063620,adzuna,"Senior Data Product Engineer, Marketing Customer Profile (all genders) @ HelloFresh",Other,HelloFresh,"Warszawa, mazowieckie",2026-09-19,full_time,,23000.0,36000.0,False,onsite/unspecified,https://www.adzuna.pl/land/ad/5890063620?se=CiF-o2--8RGSfYHHW1SRSw&utm_medium=api&utm_source=d69e57de&v=5267AB8EF57888848DDF1751F8CE28E18C494D8F,29500.0
adzuna_5821349769,adzuna,1104 | Senior Data Engineer (Databricks),Data Engineer,Intetics,Polska,2026-07-30,,,,,False,onsite/unspecified,https://www.adzuna.pl/details/5821349769?utm_medium=api&utm_source=d69e57de,
adzuna_5879648983,adzuna,Senior Data Engineer (IR-548),Data Engineer,Intellectsoft,Polska,2026-09-11,full_time,,,,False,onsite/unspecified,https://www.adzuna.pl/details/5879648983?utm_medium=api&utm_source=d69e57de,
adzuna_5871267953,adzuna,Senior Data Platform Engineer (DevOps) @ Capgemini Polska Sp. z o.o.,Data Engineer,Capgemini Polska Sp. z o.o.,Polska,2026-09-05,full_time,,,,False,onsite/unspecified,https://www.adzuna.pl/land/ad/5871267953?se=CiF-o2--8RGSfYHHW1SRSw&utm_medium=api&utm_source=d69e57de&v=110DD757E1B24448D78F2BF84D3E99E1CCCC2169,
adzuna_5854874790,adzuna,Data Platform Engineer (Kafka & Event Streaming) @ Mindbox Sp. z o.o.,Data Engineer,Mindbox Sp. z o.o.,"Wrocław, dolnośląskie",2026-08-25,full_time,,,,False,onsite/unspecified,https://www.adzuna.pl/land/ad/5854874790?se=CiF-o2--8RGSfYHHW1SRSw&utm_medium=api&utm_source=d69e57de&v=73C240B42A81FAB5383348F3E9376954579A04BA,
adzuna_5820889153,adzuna,Mid/Senior Data Engineer (Databricks),Data Engineer,Exerizon,Polska,2026-07-30,,,,,False,onsite/unspecified,https://www.adzuna.pl/details/5820889153?utm_medium=api&utm_source=d69e57de,
adzuna_5859863147,adzuna,Data Engineer - Azure Data Marketplace Platform,Data Engineer,Belvedere,Polska,2026-08-28,,,,,False,hybrid,https://www.adzuna.pl/details/5859863147?utm_medium=api&utm_source=d69e57de,
adzuna_5870230611,adzuna,Senior Data Engineer (Azure Data Factory),Data Engineer,Addepto,"Kraków, małopolskie",2026-09-04,,,,,False,onsite/unspecified,https://www.adzuna.pl/details/5870230611?utm_medium=api&utm_source=d69e57de,
adzuna_5889752259,adzuna,Senior Data Engineer (Azure Data Factory),Data Engineer,Addepto,"Wrocław, dolnośląskie",2026-09-18,,,,,False,onsite/unspecified,https://www.adzuna.pl/details/5889752259?utm_medium=api&utm_source=d69e57de,
adzuna_5889752257,adzuna,Senior Data Engineer (Azure Data Factory),Data Engineer,Addepto,"Poznań, wielkopolskie",2026-09-18,,,,,False,onsite/unspecified,https://www.adzuna.pl/details/5889752257?utm_medium=api&utm_source=d69e57de,
adzuna_5889752252,adzuna,Senior Data Engineer (Azure Data Factory),Data Engineer,Addepto,"Katowice, śląskie",2026-09-18,,,,,False,onsite/unspecified,https://www.adzuna.pl/details/5889752252?utm_medium=api&utm_source=d69e57de,
adzuna_5870230612,adzuna,Senior Data Engineer (Azure Data Factory),Data Engineer,Addepto,"Warszawa, mazowieckie",2026-09-04,,,,,False,onsite/unspecified,https://www.adzuna.pl/details/5870230612?utm_medium=api&utm_source=d69e57de,
adzuna_5891927878,adzuna,Test Data Engineer / Test Data Specialist,Data Engineer,Jit,Polska,2026-09-20,,,,,False,hybrid,https://www.adzuna.pl/details/5891927878?utm_medium=api&utm_source=d69e57de,
adzuna_5899908446,adzuna,Data Engineer with Snowflake (AI&Data),Data Engineer,Accenture,Polska,2026-09-26,full_time,,,,False,onsite/unspecified,https://www.adzuna.pl/details/5899908446?utm_medium=api&utm_source=d69e57de,
adzuna_5889786132,adzuna,Data Engineer / Snowflake / Azure (Remote),Data Engineer,DONE&Deliver,Polska,2026-09-18,full_time,,20200.0,26900.0,False,remote,https://www.adzuna.pl/details/5889786132?utm_medium=api&utm_source=d69e57de,23550.0
adzuna_5823875326,adzuna,Data Engineer - Superior Retail Execution,Data Engineer,Procter & Gamble,"Warszawa, mazowieckie",2026-08-01,,,,,False,onsite/unspecified,https://www.adzuna.pl/details/5823875326?utm_medium=api&utm_source=d69e57de,
adzuna_5831914845,adzuna,Expert Data Engineer f m,Data Engineer,B2Bnetwork,"Gdańsk, Trójmiasto",2026-08-07,,,,,False,onsite/unspecified,https://www.adzuna.pl/details/5831914845?utm_medium=api&utm_source=d69e57de,
adzuna_5905235134,adzuna,Senior Data Engineer (Databricks & .NET),Data Engineer,IT CONNECT Sp. z o.o. Sp. k.,"Wrocław, dolnośląskie",2026-10-01,,,,,False,hybrid,https://www.adzuna.pl/details/5905235134?utm_medium=api&utm_source=d69e57de,
adzuna_5891501801,adzuna,Data Engineer – sektor bankowy i finansowy,Data Engineer,B2B.NET S.A.,"Warszawa, mazowieckie",2026-09-20,,,,,False,onsite/unspecified,https://www.adzuna.pl/details/5891501801?utm_medium=api&utm_source=d69e57de,
adzuna_5794821786,adzuna,Senior Data Engineer (Dataiku DSS),Data Engineer,In4Ge,Polska,2026-07-10,,,,,False,onsite/unspecified,https://www.adzuna.pl/details/5794821786?utm_medium=api&utm_source=d69e57de,
adzuna_5903541848,adzuna,Principal Data Engineer -General application,Data Engineer,Autodesk,"Kraków, małopolskie",2026-09-30,,,,,False,onsite/unspecified,https://www.adzuna.pl/details/5903541848?utm_medium=api&utm_source=d69e57de,
adzuna_5872873097,adzuna,"Senior Data Engineer (Snowflake, AWS)",Data Engineer,EPAM Systems  sp. z o.o.,"Kraków, małopolskie",2026-09-06,,,,,False,onsite/unspecified,https://www.adzuna.pl/details/5872873097?utm_medium=api&utm_source=d69e57de,
adzuna_5843053919,adzuna,Senior Data Engineer Snowflake AWS,Data Engineer,EPAM Systems,"Warszawa, mazowieckie",2026-08-15,,,,,False,onsite/unspecified,https://www.adzuna.pl/details/5843053919?utm_medium=api&utm_source=d69e57de,
adzuna_5843053915,adzuna,Senior Data Engineer Snowflake AWS,Data Engineer,EPAM Systems,"Katowice, śląskie",2026-08-15,,,,,False,onsite/unspecified,https://www.adzuna.pl/details/5843053915?utm_medium=api&utm_source=d69e57de,
adzuna_5843053899,adzuna,Senior Data Engineer Snowflake AWS,Data Engineer,EPAM Systems,"Gdańsk, Trójmiasto",2026-08-15,,,,,False,onsite/unspecified,https://www.adzuna.pl/details/5843053899?utm_medium=api&utm_source=d69e57de,
adzuna_5843053902,adzuna,Senior Data Engineer Snowflake AWS,Data Engineer,EPAM Systems,"Kraków, małopolskie",2026-08-15,,,,,False,onsite/unspecified,https://www.adzuna.pl/details/5843053902?utm_medium=api&utm_source=d69e57de,
adzuna_5843053906,adzuna,Senior Data Engineer Snowflake AWS,Data Engineer,EPAM Systems,"Łódź, łódzkie",2026-08-15,,,,,False,onsite/unspecified,https://www.adzuna.pl/details/5843053906?utm_medium=api&utm_source=d69e57de,
adzuna_5843053893,adzuna,Senior Data Engineer Snowflake AWS,Data Engineer,EPAM Systems,"Poznań, wielkopolskie",2026-08-15,,,,,False,onsite/unspecified,https://www.adzuna.pl/details/5843053893?utm_medium=api&utm_source=d69e57de,
adzuna_5843053903,adzuna,Senior Data Engineer Snowflake AWS,Data Engineer,EPAM Systems,"Wrocław, dolnośląskie",2026-08-15,,,,,False,onsite/unspecified,https://www.adzuna.pl/details/5843053903?utm_medium=api&utm_source=d69e57de,
adzuna_5900450627,adzuna,Senior Data Engineer (Databricks & Python),Data Engineer,IT CONNECT Sp. z o.o. Sp. k.,"Warszawa, mazowieckie",2026-09-27,,,,,False,onsite/unspecified,https://www.adzuna.pl/details/5900450627?utm_medium=api&utm_source=d69e57de,
adzuna_5894947086,adzuna,Projekt B2B: Senior Data Engineer,Data Engineer,Hays Poland,"Kraków, małopolskie",2026-09-23,,,,,False,onsite/unspecified,https://www.adzuna.pl/details/5894947086?utm_medium=api&utm_source=d69e57de,
adzuna_5905235120,adzuna,Senior Data Engineer (Databricks & PySpark),Data Engineer,IT CONNECT Sp. z o.o. Sp. k.,"Warszawa, mazowieckie",2026-10-01,,,,,False,onsite/unspecified,https://www.adzuna.pl/details/5905235120?utm_medium=api&utm_source=d69e57de,
adzuna_5882401047,adzuna,Senior Data Engineer (w/m/d),Data Engineer,Smarketer Group Sp. z o.o.,"Szczecin, zachodniopomorskie",2026-09-13,,,,,False,onsite/unspecified,https://www.adzuna.pl/details/5882401047?utm_medium=api&utm_source=d69e57de,
adzuna_5903175003,adzuna,Senior Data Engineer - IT Contracting,Data Engineer,Unknown,"Warszawa, mazowieckie",2026-09-30,,,,,False,onsite/unspecified,https://www.adzuna.pl/details/5903175003?utm_medium=api&utm_source=d69e57de,
adzuna_5849555404,adzuna,Data Engineer AWS dbt Redshift,Data Engineer,Cyclad,"Warszawa, mazowieckie",2026-08-20,,,18480.0,21840.0,False,onsite/unspecified,https://www.adzuna.pl/details/5849555404?utm_medium=api&utm_source=d69e57de,20160.0
adzuna_5890869150,adzuna,Senior AWS Data Engineer - freelance,Data Engineer,Lingaro,Polska,2026-09-19,,,,,False,onsite/unspecified,https://www.adzuna.pl/details/5890869150?utm_medium=api&utm_source=d69e57de,
adzuna_5856443280,adzuna,Senior Data Engineer for AI,Data Engineer,IBM,"Kraków, małopolskie",2026-08-26,,,,,False,hybrid,https://www.adzuna.pl/details/5856443280?utm_medium=api&utm_source=d69e57de,
adzuna_5856443283,adzuna,Senior Data Engineer for AI,Data Engineer,IBM,"Wrocław, dolnośląskie",2026-08-26,,,,,False,hybrid,https://www.adzuna.pl/details/5856443283?utm_medium=api&utm_source=d69e57de,
adzuna_5856443292,adzuna,Senior Data Engineer for AI,Data Engineer,IBM,"Warszawa, mazowieckie",2026-08-26,,,,,False,hybrid,https://www.adzuna.pl/details/5856443292?utm_medium=api&utm_source=d69e57de,
adzuna_5850948597,adzuna,Senior Data Engineer AWS Spark,Data Engineer,EPAM Systems,"Warszawa, mazowieckie",2026-08-21,,,,,False,onsite/unspecified,https://www.adzuna.pl/details/5850948597?utm_medium=api&utm_source=d69e57de,
adzuna_5887339822,adzuna,Senior Data Engineer (AI/GCP),Data Engineer,ALTEN Polska,"Warszawa, mazowieckie",2026-09-17,,,,,False,onsite/unspecified,https://www.adzuna.pl/details/5887339822?utm_medium=api&utm_source=d69e57de,
adzuna_5878157730,adzuna,Senior Data Engineer | Branża technologiczna,Data Engineer,Edge One Solutions Sp. z o.o.,"Warszawa, mazowieckie",2026-09-10,,,,,False,onsite/unspecified,https://www.adzuna.pl/details/5878157730?utm_medium=api&utm_source=d69e57de,
adzuna_5413749307,adzuna,Principal Data Engineer / Technical Lead,Data Engineer,Carrier,"Gdańsk, Trójmiasto",2025-09-24,full_time,,,,False,onsite/unspecified,https://www.adzuna.pl/details/5413749307?utm_medium=api&utm_source=d69e57de,
adzuna_5856528476,adzuna,Data Engineer - Automation & Innovation Department,Data Engineer,T-Mobile,"Warszawa, mazowieckie",2026-08-26,,,,,False,onsite/unspecified,https://www.adzuna.pl/details/5856528476?utm_medium=api&utm_source=d69e57de,
adzuna_5804815851,adzuna,Senior Data Engineer Sales Solutions,Data Engineer,Procter & Gamble,"Warszawa, mazowieckie",2026-07-17,,,,,False,onsite/unspecified,https://www.adzuna.pl/details/5804815851?utm_medium=api&utm_source=d69e57de,
adzuna_5890333437,adzuna,Senior Data Engineer (Snowflake/Databricks),Data Engineer,DataArt Poland sp. z o.o.,"Warszawa, mazowieckie",2026-09-19,,,,,False,onsite/unspecified,https://www.adzuna.pl/details/5890333437?utm_medium=api&utm_source=d69e57de,
adzuna_5678478683,adzuna,Data Engineer | FCU Technology Team,Data Engineer,PricewaterhouseCoopers,Polska,2026-03-25,full_time,,,,False,onsite/unspecified,https://www.adzuna.pl/details/5678478683?utm_medium=api&utm_source=d69e57de,
adzuna_5814600043,adzuna,"Data Engineer, Communications Intelligence & Insights",Data Engineer,Burson,Polska,2026-07-25,,,,,False,onsite/unspecified,https://www.adzuna.pl/details/5814600043?utm_medium=api&utm_source=d69e57de,
adzuna_5816886809,adzuna,Expert AI/ML Data Engineer,Data Engineer,Aptiv,Polska,2026-07-27,full_time,,,,False,onsite/unspecified,https://www.adzuna.pl/details/5816886809?utm_medium=api&utm_source=d69e57de,
adzuna_5861327581,adzuna,Databricks Data Engineer (ICH Europe),Data Engineer,Accenture,Polska,2026-08-29,full_time,,,,False,onsite/unspecified,https://www.adzuna.pl/details/5861327581?utm_medium=api&utm_source=d69e57de,
adzuna_5886519683,adzuna,Data Engineer - Junior/Mid/Senior,Data Engineer,Accenture,Polska,2026-09-16,full_time,,,,False,onsite/unspecified,https://www.adzuna.pl/details/5886519683?utm_medium=api&utm_source=d69e57de,
adzuna_5871029972,adzuna,Senior Cloud Data Engineer (GCP),Data Engineer,j-labs,Polska,2026-09-04,full_time,,26900.0,31900.0,False,onsite/unspecified,https://www.adzuna.pl/details/5871029972?utm_medium=api&utm_source=d69e57de,29400.0
adzuna_5871029955,adzuna,Data Engineer (With Snowflake/Databricks),Data Engineer,Sollers Consulting,Polska,2026-09-04,full_time,,16000.0,21500.0,False,onsite/unspecified,https://www.adzuna.pl/details/5871029955?utm_medium=api&utm_source=d69e57de,18750.0
adzuna_5871029501,adzuna,Senior GenAI Data Engineer (Remote),Data Engineer,CYCLAD,Polska,2026-09-04,full_time,,25200.0,30200.0,False,remote,https://www.adzuna.pl/details/5871029501?utm_medium=api&utm_source=d69e57de,27700.0
adzuna_5871030099,adzuna,Data Engineer (Kafka/ Flink) (Remote),Data Engineer,CYCLAD,Polska,2026-09-04,full_time,,18500.0,21800.0,False,remote,https://www.adzuna.pl/details/5871030099?utm_medium=api&utm_source=d69e57de,20150.0
adzuna_5891926858,adzuna,Senior Data Engineer | Threat Protection,Data Engineer,Nord Security,Polska,2026-09-20,full_time,,23000.0,30000.0,False,onsite/unspecified,https://www.adzuna.pl/details/5891926858?utm_medium=api&utm_source=d69e57de,26500.0
adzuna_5899906457,adzuna,GCP Data Engineer (migration project),Data Engineer,Poland and Eastern Europe,Polska,2026-09-26,,,,,False,onsite/unspecified,https://www.adzuna.pl/details/5899906457?utm_medium=api&utm_source=d69e57de,
adzuna_5900797956,adzuna,Senior Cloud Data Engineer (Azure),Data Engineer,Future Processing,"Gliwice, śląskie",2026-09-27,,,,,False,onsite/unspecified,https://www.adzuna.pl/details/5900797956?utm_medium=api&utm_source=d69e57de,
adzuna_5794129126,adzuna,Data Engineer Senior F M,Data Engineer,B2Bnetwork,"Warszawa, mazowieckie",2026-07-09,,,20160.0,23520.0,False,onsite/unspecified,https://www.adzuna.pl/details/5794129126?utm_medium=api&utm_source=d69e57de,21840.0
adzuna_5858189489,adzuna,Mid Senior Data Engineer AWS,Data Engineer,Xebia sp. z o.o.,"Wrocław, dolnośląskie",2026-08-27,,,20160.0,30240.0,False,onsite/unspecified,https://www.adzuna.pl/details/5858189489?utm_medium=api&utm_source=d69e57de,25200.0
adzuna_5831915016,adzuna,AWS Data Engineer with Talend,Data Engineer,7N Sp. z o. o.,"Warszawa, mazowieckie",2026-08-07,,,22680.0,24528.0,False,onsite/unspecified,https://www.adzuna.pl/details/5831915016?utm_medium=api&utm_source=d69e57de,23604.0
adzuna_5796896384,adzuna,Azure Data Engineer with Databricks,Data Engineer,Accenture,"Warszawa, mazowieckie",2026-07-11,,,,,False,onsite/unspecified,https://www.adzuna.pl/details/5796896384?utm_medium=api&utm_source=d69e57de,
adzuna_5830372247,adzuna,Senior AI Data Engineer – Financial Data Infrastructure,Data Engineer,ITDS,"Warszawa, mazowieckie",2026-08-06,,,23100.0,33600.0,False,hybrid,https://www.adzuna.pl/details/5830372247?utm_medium=api&utm_source=d69e57de,28350.0
adzuna_5868517633,adzuna,Data Engineer (Spark/Data Lakehouse) | Branża bankowa,Data Engineer,Edge One Solutions Sp. z o.o.,"Wrocław, dolnośląskie",2026-09-03,,,,,False,onsite/unspecified,https://www.adzuna.pl/details/5868517633?utm_medium=api&utm_source=d69e57de,
adzuna_5782260041,adzuna,"Data Engineer (Krakow/Wroclaw/Warsaw, Poland)",Data Engineer,Unit8 SA,Polska,2026-06-30,full_time,,,,False,onsite/unspecified,https://www.adzuna.pl/details/5782260041?utm_medium=api&utm_source=d69e57de,
adzuna_5855383483,adzuna,Senior Data Engineer - Real Time Streams,Data Engineer,Globaldev Group,Polska,2026-08-25,full_time,,,,False,onsite/unspecified,https://www.adzuna.pl/details/5855383483?utm_medium=api&utm_source=d69e57de,
adzuna_5758650076,adzuna,Lead Data Engineer (Partner Company Role),Data Engineer,FYST,Polska,2026-06-10,,,,,False,onsite/unspecified,https://www.adzuna.pl/details/5758650076?utm_medium=api&utm_source=d69e57de,
adzuna_5766198227,adzuna,Data Scientist / ML Engineer (AdTech experience) @ Innowise,ML Engineer,Innowise,Polska,2026-06-17,full_time,,,,False,onsite/unspecified,https://www.adzuna.pl/land/ad/5766198227?se=lig0pW--8RG0RdnJYGRL3A&utm_medium=api&utm_source=d69e57de&v=6E83BC81C2C654146A4612AECF3B5B4EB6B0FC07,
adzuna_5891501930,adzuna,"Senior Data Engineer (Databricks, Azure Data Factory)",Data Engineer,IT CONNECT Sp. z o.o. Sp. k.,"Wrocław, dolnośląskie",2026-09-20,,,,,False,onsite/unspecified,https://www.adzuna.pl/details/5891501930?utm_medium=api&utm_source=d69e57de,
adzuna_5808721437,adzuna,Data consultant @ GFT Poland,Other,GFT Poland,Polska,2026-07-21,full_time,,,,False,onsite/unspecified,https://www.adzuna.pl/land/ad/5808721437?se=lig0pW--8RG0RdnJYGRL3A&utm_medium=api&utm_source=d69e57de&v=0903961296CD880BD0F658816D029D0EAB7B18D4,
adzuna_5880762658,adzuna,Azure Data Engineer with Databricks (AI&Data),Data Engineer,Accenture Technology,"Warszawa, mazowieckie",2026-09-12,,,,,False,onsite/unspecified,https://www.adzuna.pl/details/5880762658?utm_medium=api&utm_source=d69e57de,
adzuna_5880762659,adzuna,Azure Data Engineer with Databricks (AI&Data),Data Engineer,Accenture Technology,"Wrocław, dolnośląskie",2026-09-12,,,,,False,onsite/unspecified,https://www.adzuna.pl/details/5880762659?utm_medium=api&utm_source=d69e57de,
adzuna_5797407320,adzuna,Azure Data Engineer with Databricks (AI&Data),Data Engineer,Accenture,Polska,2026-07-12,full_time,,,,False,onsite/unspecified,https://www.adzuna.pl/details/5797407320?utm_medium=api&utm_source=d69e57de,
adzuna_5792383610,adzuna,Senior Data Engineer Dataiku DSS platform,Data Engineer,DCG,"Warszawa, mazowieckie",2026-07-08,,,,,False,onsite/unspecified,https://www.adzuna.pl/details/5792383610?utm_medium=api&utm_source=d69e57de,
adzuna_5906151447,adzuna,Senior Data Engineer - Azure & SQL Server,Data Engineer,Belvedere,Polska,2026-10-01,,,,,False,onsite/unspecified,https://www.adzuna.pl/details/5906151447?utm_medium=api&utm_source=d69e57de,
adzuna_5813781637,adzuna,Senior Data Engineer - Digital Commerce Databricks,Data Engineer,Procter & Gamble,"Warszawa, mazowieckie",2026-07-24,,,,,False,onsite/unspecified,https://www.adzuna.pl/details/5813781637?utm_medium=api&utm_source=d69e57de,
adzuna_5833690988,adzuna,Senior Data Engineer - Superior Retail Execution,Data Engineer,P&G,Polska,2026-08-08,full_time,,,,False,onsite/unspecified,https://www.adzuna.pl/details/5833690988?utm_medium=api&utm_source=d69e57de,
adzuna_5838146636,adzuna,Senior Data Engineer - Superior Retail Execution,Data Engineer,Procter & Gamble,"Warszawa, mazowieckie",2026-08-12,,,,,False,onsite/unspecified,https://www.adzuna.pl/details/5838146636?utm_medium=api&utm_source=d69e57de,
adzuna_5904132414,adzuna,Mid/Senior Data Engineer (Kraków/GCP),Data Engineer,Capco,"Kraków, małopolskie",2026-09-30,,,,,False,onsite/unspecified,https://www.adzuna.pl/details/5904132414?utm_medium=api&utm_source=d69e57de,
adzuna_5898061320,adzuna,AWS Data Engineer (m/k/n),Data Engineer,Nexio Management Sp. z o.o.,"Warszawa, mazowieckie",2026-09-25,,,,,False,onsite/unspecified,https://www.adzuna.pl/details/5898061320?utm_medium=api&utm_source=d69e57de,
adzuna_5835331510,adzuna,Senior Data Engineer - Superior Retail Execution,Data Engineer,Procter & Gamble,"Warszawa, mazowieckie",2026-08-10,,,,,False,onsite/unspecified,https://www.adzuna.pl/details/5835331510?utm_medium=api&utm_source=d69e57de,
adzuna_5809265684,adzuna,Python Data Engineer – Market Microstructure Analytics,Data Engineer,ITDS,"Wrocław, dolnośląskie",2026-07-21,,,30000.0,50000.0,False,onsite/unspecified,https://www.adzuna.pl/details/5809265684?utm_medium=api&utm_source=d69e57de,40000.0
adzuna_5856528590,adzuna,Senior Data Engineer (Scala/Rust/Python),Data Engineer,PLAY,"Warszawa, mazowieckie",2026-08-26,,,,,False,onsite/unspecified,https://www.adzuna.pl/details/5856528590?utm_medium=api&utm_source=d69e57de,
adzuna_5887340057,adzuna,Senior Data Engineer (f/m/x),Data Engineer,Sii Sp. z o.o.,"Poznań, wielkopolskie",2026-09-17,,,,,False,onsite/unspecified,https://www.adzuna.pl/details/5887340057?utm_medium=api&utm_source=d69e57de,
adzuna_5887340052,adzuna,Senior Data Engineer (f/m/x),Data Engineer,Sii Sp. z o.o.,"Gdańsk, Trójmiasto",2026-09-17,,,,,False,onsite/unspecified,https://www.adzuna.pl/details/5887340052?utm_medium=api&utm_source=d69e57de,
adzuna_5887340047,adzuna,Senior Data Engineer (f/m/x),Data Engineer,Sii Sp. z o.o.,"Łódź, łódzkie",2026-09-17,,,,,False,onsite/unspecified,https://www.adzuna.pl/details/5887340047?utm_medium=api&utm_source=d69e57de,
adzuna_5887340053,adzuna,Senior Data Engineer (f/m/x),Data Engineer,Sii Sp. z o.o.,"Piła, wielkopolskie",2026-09-17,,,,,False,onsite/unspecified,https://www.adzuna.pl/details/5887340053?utm_medium=api&utm_source=d69e57de,
adzuna_5887340042,adzuna,Senior Data Engineer (f/m/x),Data Engineer,Sii Sp. z o.o.,"Bydgoszcz, kujawsko-pomorskie",2026-09-17,,,,,False,onsite/unspecified,https://www.adzuna.pl/details/5887340042?utm_medium=api&utm_source=d69e57de,
adzuna_5887340048,adzuna,Senior Data Engineer (f/m/x),Data Engineer,Sii Sp. z o.o.,"Kraków, małopolskie",2026-09-17,,,,,False,onsite/unspecified,https://www.adzuna.pl/details/5887340048?utm_medium=api&utm_source=d69e57de,
adzuna_5887340055,adzuna,Senior Data Engineer (f/m/x),Data Engineer,Sii Sp. z o.o.,"Katowice, śląskie",2026-09-17,,,,,False,onsite/unspecified,https://www.adzuna.pl/details/5887340055?utm_medium=api&utm_source=d69e57de,
adzuna_5887340041,adzuna,Senior Data Engineer (f/m/x),Data Engineer,Sii Sp. z o.o.,"Wrocław, dolnośląskie",2026-09-17,,,,,False,onsite/unspecified,https://www.adzuna.pl/details/5887340041?utm_medium=api&utm_source=d69e57de,
adzuna_5887340050,adzuna,Senior Data Engineer (f/m/x),Data Engineer,Sii Sp. z o.o.,"Rzeszów, podkarpackie",2026-09-17,,,,,False,onsite/unspecified,https://www.adzuna.pl/details/5887340050?utm_medium=api&utm_source=d69e57de,
adzuna_5887340051,adzuna,Senior Data Engineer (f/m/x),Data Engineer,Sii Sp. z o.o.,"Białystok, podlaskie",2026-09-17,,,,,False,onsite/unspecified,https://www.adzuna.pl/details/5887340051?utm_medium=api&utm_source=d69e57de,
adzuna_5887340049,adzuna,Senior Data Engineer (f/m/x),Data Engineer,Sii Sp. z o.o.,"Warszawa, mazowieckie",2026-09-17,,,,,False,onsite/unspecified,https://www.adzuna.pl/details/5887340049?utm_medium=api&utm_source=d69e57de,
adzuna_5887340044,adzuna,Senior Data Engineer (f/m/x),Data Engineer,Sii Sp. z o.o.,"Toruń, kujawsko-pomorskie",2026-09-17,,,,,False,onsite/unspecified,https://www.adzuna.pl/details/5887340044?utm_medium=api&utm_source=d69e57de,
adzuna_5887340054,adzuna,Senior Data Engineer (f/m/x),Data Engineer,Sii Sp. z o.o.,"Szczecin, zachodniopomorskie",2026-09-17,,,,,False,onsite/unspecified,https://www.adzuna.pl/details/5887340054?utm_medium=api&utm_source=d69e57de,
adzuna_5887340045,adzuna,Senior Data Engineer (f/m/x),Data Engineer,Sii Sp. z o.o.,"Lublin, lubelskie",2026-09-17,,,,,False,onsite/unspecified,https://www.adzuna.pl/details/5887340045?utm_medium=api&utm_source=d69e57de,
adzuna_5900920790,adzuna,Data Engineer z GCP (f/m/x),Data Engineer,Sii Sp. z o.o.,"Piła, wielkopolskie",2026-09-27,,,,,False,onsite/unspecified,https://www.adzuna.pl/details/5900920790?utm_medium=api&utm_source=d69e57de,
adzuna_5898680634,adzuna,Data Engineer z GCP (f/m/x),Data Engineer,Sii Sp. z o.o.,"Białystok, podlaskie",2026-09-25,,,,,False,onsite/unspecified,https://www.adzuna.pl/details/5898680634?utm_medium=api&utm_source=d69e57de,
adzuna_5898680624,adzuna,Data Engineer z GCP (f/m/x),Data Engineer,Sii Sp. z o.o.,"Rzeszów, podkarpackie",2026-09-25,,,,,False,onsite/unspecified,https://www.adzuna.pl/details/5898680624?utm_medium=api&utm_source=d69e57de,
adzuna_5898680602,adzuna,Data Engineer z GCP (f/m/x),Data Engineer,Sii Sp. z o.o.,"Katowice, śląskie",2026-09-25,,,,,False,onsite/unspecified,https://www.adzuna.pl/details/5898680602?utm_medium=api&utm_source=d69e57de,
adzuna_5898680610,adzuna,Data Engineer z GCP (f/m/x),Data Engineer,Sii Sp. z o.o.,"Bydgoszcz, kujawsko-pomorskie",2026-09-25,,,,,False,onsite/unspecified,https://www.adzuna.pl/details/5898680610?utm_medium=api&utm_source=d69e57de,
adzuna_5898680639,adzuna,Data Engineer z GCP (f/m/x),Data Engineer,Sii Sp. z o.o.,"Warszawa, mazowieckie",2026-09-25,,,,,False,onsite/unspecified,https://www.adzuna.pl/details/5898680639?utm_medium=api&utm_source=d69e57de,
adzuna_5898680640,adzuna,Data Engineer z GCP (f/m/x),Data Engineer,Sii Sp. z o.o.,"Poznań, wielkopolskie",2026-09-25,,,,,False,onsite/unspecified,https://www.adzuna.pl/details/5898680640?utm_medium=api&utm_source=d69e57de,
adzuna_5898680614,adzuna,Data Engineer z GCP (f/m/x),Data Engineer,Sii Sp. z o.o.,"Lublin, lubelskie",2026-09-25,,,,,False,onsite/unspecified,https://www.adzuna.pl/details/5898680614?utm_medium=api&utm_source=d69e57de,
adzuna_5902648370,adzuna,Data Engineer z GCP (f/m/x),Data Engineer,Sii Sp. z o.o.,"Kraków, małopolskie",2026-09-29,,,,,False,onsite/unspecified,https://www.adzuna.pl/details/5902648370?utm_medium=api&utm_source=d69e57de,
adzuna_5898680625,adzuna,Data Engineer z GCP (f/m/x),Data Engineer,Sii Sp. z o.o.,"Szczecin, zachodniopomorskie",2026-09-25,,,,,False,onsite/unspecified,https://www.adzuna.pl/details/5898680625?utm_medium=api&utm_source=d69e57de,
adzuna_5898680617,adzuna,Data Engineer z GCP (f/m/x),Data Engineer,Sii Sp. z o.o.,"Wrocław, dolnośląskie",2026-09-25,,,,,False,onsite/unspecified,https://www.adzuna.pl/details/5898680617?utm_medium=api&utm_source=d69e57de,
adzuna_5898680636,adzuna,Data Engineer z GCP (f/m/x),Data Engineer,Sii Sp. z o.o.,"Toruń, kujawsko-pomorskie",2026-09-25,,,,,False,onsite/unspecified,https://www.adzuna.pl/details/5898680636?utm_medium=api&utm_source=d69e57de,
adzuna_5898680633,adzuna,Data Engineer z GCP (f/m/x),Data Engineer,Sii Sp. z o.o.,"Łódź, łódzkie",2026-09-25,,,,,False,onsite/unspecified,https://www.adzuna.pl/details/5898680633?utm_medium=api&utm_source=d69e57de,
adzuna_5898680631,adzuna,Data Engineer z GCP (f/m/x),Data Engineer,Sii Sp. z o.o.,"Gdańsk, Trójmiasto",2026-09-25,,,,,False,onsite/unspecified,https://www.adzuna.pl/details/5898680631?utm_medium=api&utm_source=d69e57de,
adzuna_5876083309,adzuna,Cloud Data Engineer (Google Cloud Platform),Data Engineer,IN4GE sp. z o.o.,"Warszawa, mazowieckie",2026-09-08,,,,,False,onsite/unspecified,https://www.adzuna.pl/details/5876083309?utm_medium=api&utm_source=d69e57de,
adzuna_5853437043,adzuna,Senior Data Engineer – Microsoft Fabric / Azure,Data Engineer,GOLDENORE ITC sp. z o.o.,"Warszawa, mazowieckie",2026-08-23,,,,,False,onsite/unspecified,https://www.adzuna.pl/details/5853437043?utm_medium=api&utm_source=d69e57de,
adzuna_5849806519,adzuna,Data Engineer - Google Cloud Platform (GCP),Data Engineer,Antal,Polska,2026-08-20,,,,,False,hybrid,https://www.adzuna.pl/details/5849806519?utm_medium=api&utm_source=d69e57de,
adzuna_5887340307,adzuna,IngestOps Engineer Data Engineer (k/m),Data Engineer,B2B.NET S.A.,"Gdynia, Trójmiasto",2026-09-17,,,,,False,onsite/unspecified,https://www.adzuna.pl/details/5887340307?utm_medium=api&utm_source=d69e57de,
adzuna_5887340313,adzuna,IngestOps Engineer Data Engineer (k/m),Data Engineer,B2B.NET S.A.,"Łódź, łódzkie",2026-09-17,,,,,False,onsite/unspecified,https://www.adzuna.pl/details/5887340313?utm_medium=api&utm_source=d69e57de,
adzuna_5887340310,adzuna,IngestOps Engineer Data Engineer (k/m),Data Engineer,B2B.NET S.A.,"Gdańsk, Trójmiasto",2026-09-17,,,,,False,onsite/unspecified,https://www.adzuna.pl/details/5887340310?utm_medium=api&utm_source=d69e57de,
adzuna_5887340308,adzuna,IngestOps Engineer Data Engineer (k/m),Data Engineer,B2B.NET S.A.,"Warszawa, mazowieckie",2026-09-17,,,,,False,onsite/unspecified,https://www.adzuna.pl/details/5887340308?utm_medium=api&utm_source=d69e57de,
adzuna_5869319786,adzuna,"Data Engineer, Operations Technology (all genders)",Data Engineer,HelloFresh,Polska,2026-09-03,,,,,False,onsite/unspecified,https://www.adzuna.pl/details/5869319786?utm_medium=api&utm_source=d69e57de,
adzuna_5872873629,adzuna,Senior Data Engineer – Scala / Spark / Hadoop,Data Engineer,B2B.NET S.A.,"Gdańsk, Trójmiasto",2026-09-06,,,,,False,onsite/unspecified,https://www.adzuna.pl/details/5872873629?utm_medium=api&utm_source=d69e57de,
adzuna_5872873631,adzuna,Senior Data Engineer – Scala / Spark / Hadoop,Data Engineer,B2B.NET S.A.,"Warszawa, mazowieckie",2026-09-06,,,,,False,onsite/unspecified,https://www.adzuna.pl/details/5872873631?utm_medium=api&utm_source=d69e57de,
adzuna_5849556230,adzuna,Data Engineer - Google Cloud Platform GCP,Data Engineer,Antal Sp. z o.o.,"Kraków, małopolskie",2026-08-20,,,,,False,hybrid,https://www.adzuna.pl/details/5849556230?utm_medium=api&utm_source=d69e57de,
adzuna_5882400210,adzuna,Cloud Data Engineer (f/m/x),Data Engineer,Sii Sp. z o.o.,"Toruń, kujawsko-pomorskie",2026-09-13,,,,,False,onsite/unspecified,https://www.adzuna.pl/details/5882400210?utm_medium=api&utm_source=d69e57de,
adzuna_5882400213,adzuna,Cloud Data Engineer (f/m/x),Data Engineer,Sii Sp. z o.o.,"Łódź, łódzkie",2026-09-13,,,,,False,onsite/unspecified,https://www.adzuna.pl/details/5882400213?utm_medium=api&utm_source=d69e57de,
adzuna_5882400219,adzuna,Cloud Data Engineer (f/m/x),Data Engineer,Sii Sp. z o.o.,"Gdańsk, Trójmiasto",2026-09-13,,,,,False,onsite/unspecified,https://www.adzuna.pl/details/5882400219?utm_medium=api&utm_source=d69e57de,
adzuna_5882400211,adzuna,Cloud Data Engineer (f/m/x),Data Engineer,Sii Sp. z o.o.,"Rzeszów, podkarpackie",2026-09-13,,,,,False,onsite/unspecified,https://www.adzuna.pl/details/5882400211?utm_medium=api&utm_source=d69e57de,
adzuna_5882400222,adzuna,Cloud Data Engineer (f/m/x),Data Engineer,Sii Sp. z o.o.,"Poznań, wielkopolskie",2026-09-13,,,,,False,onsite/unspecified,https://www.adzuna.pl/details/5882400222?utm_medium=api&utm_source=d69e57de,
adzuna_5882400218,adzuna,Cloud Data Engineer (f/m/x),Data Engineer,Sii Sp. z o.o.,"Warszawa, mazowieckie",2026-09-13,,,,,False,onsite/unspecified,https://www.adzuna.pl/details/5882400218?utm_medium=api&utm_source=d69e57de,
adzuna_5882400220,adzuna,Cloud Data Engineer (f/m/x),Data Engineer,Sii Sp. z o.o.,"Szczecin, zachodniopomorskie",2026-09-13,,,,,False,onsite/unspecified,https://www.adzuna.pl/details/5882400220?utm_medium=api&utm_source=d69e57de,
adzuna_5882400214,adzuna,Cloud Data Engineer (f/m/x),Data Engineer,Sii Sp. z o.o.,"Gliwice, śląskie",2026-09-13,,,,,False,onsite/unspecified,https://www.adzuna.pl/details/5882400214?utm_medium=api&utm_source=d69e57de,
adzuna_5882400216,adzuna,Cloud Data Engineer (f/m/x),Data Engineer,Sii Sp. z o.o.,"Piła, wielkopolskie",2026-09-13,,,,,False,onsite/unspecified,https://www.adzuna.pl/details/5882400216?utm_medium=api&utm_source=d69e57de,
adzuna_5882400221,adzuna,Cloud Data Engineer (f/m/x),Data Engineer,Sii Sp. z o.o.,"Kielce, świętokrzyskie",2026-09-13,,,,,False,onsite/unspecified,https://www.adzuna.pl/details/5882400221?utm_medium=api&utm_source=d69e57de,
adzuna_5882400224,adzuna,Cloud Data Engineer (f/m/x),Data Engineer,Sii Sp. z o.o.,"Częstochowa, śląskie",2026-09-13,,,,,False,onsite/unspecified,https://www.adzuna.pl/details/5882400224?utm_medium=api&utm_source=d69e57de,
adzuna_5882400223,adzuna,Cloud Data Engineer (f/m/x),Data Engineer,Sii Sp. z o.o.,"Bydgoszcz, kujawsko-pomorskie",2026-09-13,,,,,False,onsite/unspecified,https://www.adzuna.pl/details/5882400223?utm_medium=api&utm_source=d69e57de,
adzuna_5882400217,adzuna,Cloud Data Engineer (f/m/x),Data Engineer,Sii Sp. z o.o.,"Kraków, małopolskie",2026-09-13,,,,,False,onsite/unspecified,https://www.adzuna.pl/details/5882400217?utm_medium=api&utm_source=d69e57de,
adzuna_5882400225,adzuna,Cloud Data Engineer (f/m/x),Data Engineer,Sii Sp. z o.o.,"Katowice, śląskie",2026-09-13,,,,,False,onsite/unspecified,https://www.adzuna.pl/details/5882400225?utm_medium=api&utm_source=d69e57de,
adzuna_5882400212,adzuna,Cloud Data Engineer (f/m/x),Data Engineer,Sii Sp. z o.o.,"Lublin, lubelskie",2026-09-13,,,,,False,onsite/unspecified,https://www.adzuna.pl/details/5882400212?utm_medium=api&utm_source=d69e57de,
adzuna_5882400208,adzuna,Cloud Data Engineer (f/m/x),Data Engineer,Sii Sp. z o.o.,"Wrocław, dolnośląskie",2026-09-13,,,,,False,onsite/unspecified,https://www.adzuna.pl/details/5882400208?utm_medium=api&utm_source=d69e57de,
adzuna_5882400215,adzuna,Cloud Data Engineer (f/m/x),Data Engineer,Sii Sp. z o.o.,"Białystok, podlaskie",2026-09-13,,,,,False,onsite/unspecified,https://www.adzuna.pl/details/5882400215?utm_medium=api&utm_source=d69e57de,
adzuna_5829012506,adzuna,Snowflake Data Engineer Energy sector project,Data Engineer,Link Group,"Warszawa, mazowieckie",2026-08-05,,,18480.0,22680.0,False,onsite/unspecified,https://www.adzuna.pl/details/5829012506?utm_medium=api&utm_source=d69e57de,20580.0
adzuna_5899446100,adzuna,Senior Data Engineer / Tech Lead (Spark),Data Engineer,Addepto,"Poznań, wielkopolskie",2026-09-26,,,,,False,onsite/unspecified,https://www.adzuna.pl/details/5899446100?utm_medium=api&utm_source=d69e57de,
adzuna_5899446070,adzuna,Senior Data Engineer / Tech Lead (Spark),Data Engineer,Addepto,"Białystok, podlaskie",2026-09-26,,,,,False,onsite/unspecified,https://www.adzuna.pl/details/5899446070?utm_medium=api&utm_source=d69e57de,
adzuna_5899446099,adzuna,Senior Data Engineer / Tech Lead (Spark),Data Engineer,Addepto,"Katowice, śląskie",2026-09-26,,,,,False,onsite/unspecified,https://www.adzuna.pl/details/5899446099?utm_medium=api&utm_source=d69e57de,
adzuna_5899446091,adzuna,Senior Data Engineer / Tech Lead (Spark),Data Engineer,Addepto,"Kraków, małopolskie",2026-09-26,,,,,False,onsite/unspecified,https://www.adzuna.pl/details/5899446091?utm_medium=api&utm_source=d69e57de,
adzuna_5899446087,adzuna,Senior Data Engineer / Tech Lead (Spark),Data Engineer,Addepto,"Warszawa, mazowieckie",2026-09-26,,,,,False,onsite/unspecified,https://www.adzuna.pl/details/5899446087?utm_medium=api&utm_source=d69e57de,
adzuna_5899446121,adzuna,Senior Data Engineer / Tech Lead (Spark),Data Engineer,Addepto,"Gdańsk, Trójmiasto",2026-09-26,,,,,False,onsite/unspecified,https://www.adzuna.pl/details/5899446121?utm_medium=api&utm_source=d69e57de,
adzuna_5899446163,adzuna,Senior Data Engineer / Tech Lead (Spark),Data Engineer,Addepto,"Wrocław, dolnośląskie",2026-09-26,,,,,False,onsite/unspecified,https://www.adzuna.pl/details/5899446163?utm_medium=api&utm_source=d69e57de,
adzuna_5882401109,adzuna,Snowflake AI / Cortex Data Engineer (Consultant),Data Engineer,ZS.com,"Warszawa, mazowieckie",2026-09-13,,,,,False,onsite/unspecified,https://www.adzuna.pl/details/5882401109?utm_medium=api&utm_source=d69e57de,
adzuna_5899446184,adzuna,Senior Backend / Data Engineer (Python/Django),Data Engineer,Addepto,"Katowice, śląskie",2026-09-26,,,,,False,onsite/unspecified,https://www.adzuna.pl/details/5899446184?utm_medium=api&utm_source=d69e57de,
adzuna_5899446124,adzuna,Senior Backend / Data Engineer (Python/Django),Data Engineer,Addepto,"Warszawa, mazowieckie",2026-09-26,,,,,False,onsite/unspecified,https://www.adzuna.pl/details/5899446124?utm_medium=api&utm_source=d69e57de,
adzuna_5899446112,adzuna,Senior Backend / Data Engineer (Python/Django),Data Engineer,Addepto,"Gdańsk, Trójmiasto",2026-09-26,,,,,False,onsite/unspecified,https://www.adzuna.pl/details/5899446112?utm_medium=api&utm_source=d69e57de,
adzuna_5899446114,adzuna,Senior Backend / Data Engineer (Python/Django),Data Engineer,Addepto,"Poznań, wielkopolskie",2026-09-26,,,,,False,onsite/unspecified,https://www.adzuna.pl/details/5899446114?utm_medium=api&utm_source=d69e57de,
adzuna_5899446164,adzuna,Senior Backend / Data Engineer (Python/Django),Data Engineer,Addepto,"Wrocław, dolnośląskie",2026-09-26,,,,,False,onsite/unspecified,https://www.adzuna.pl/details/5899446164?utm_medium=api&utm_source=d69e57de,
adzuna_5899446176,adzuna,Senior Backend / Data Engineer (Python/Django),Data Engineer,Addepto,"Białystok, podlaskie",2026-09-26,,,,,False,onsite/unspecified,https://www.adzuna.pl/details/5899446176?utm_medium=api&utm_source=d69e57de,
adzuna_5899446108,adzuna,Senior Backend / Data Engineer (Python/Django),Data Engineer,Addepto,"Kraków, małopolskie",2026-09-26,,,,,False,onsite/unspecified,https://www.adzuna.pl/details/5899446108?utm_medium=api&utm_source=d69e57de,
adzuna_5900449830,adzuna,T Hub - Data Engineer (Microsoft Fabric),Data Engineer,T-Mobile,"Warszawa, mazowieckie",2026-09-27,,,,,False,onsite/unspecified,https://www.adzuna.pl/details/5900449830?utm_medium=api&utm_source=d69e57de,
adzuna_5756799925,adzuna,Senior Data Engineer Marketing Customer Profile,Data Engineer,HelloFresh,"Warszawa, mazowieckie",2026-06-09,,,23000.0,36000.0,False,onsite/unspecified,https://www.adzuna.pl/details/5756799925?utm_medium=api&utm_source=d69e57de,29500.0
adzuna_5679690120,adzuna,Senior Data Engineer | FCU Technology Team,Data Engineer,PwC,"Warszawa, mazowieckie",2026-03-26,,,,,False,onsite/unspecified,https://www.adzuna.pl/details/5679690120?utm_medium=api&utm_source=d69e57de,
adzuna_5679690122,adzuna,Senior Data Engineer | FCU Technology Team,Data Engineer,PwC,"Wrocław, dolnośląskie",2026-03-26,,,,,False,onsite/unspecified,https://www.adzuna.pl/details/5679690122?utm_medium=api&utm_source=d69e57de,
adzuna_5679690119,adzuna,Senior Data Engineer | FCU Technology Team,Data Engineer,PwC,"Lublin, lubelskie",2026-03-26,,,,,False,onsite/unspecified,https://www.adzuna.pl/details/5679690119?utm_medium=api&utm_source=d69e57de,
adzuna_5679690121,adzuna,Senior Data Engineer | FCU Technology Team,Data Engineer,PwC,"Łódź, łódzkie",2026-03-26,,,,,False,onsite/unspecified,https://www.adzuna.pl/details/5679690121?utm_medium=api&utm_source=d69e57de,
adzuna_5895450520,adzuna,Senior Big Data Engineer (FastAPI expert),Data Engineer,IQVIA,"Warszawa, mazowieckie",2026-09-23,full_time,,,,False,onsite/unspecified,https://www.adzuna.pl/details/5895450520?utm_medium=api&utm_source=d69e57de,
adzuna_5780563522,adzuna,Senior Data Engineer | FCU Technology Team,Data Engineer,PwC,"Katowice, śląskie",2026-06-29,,,,,False,onsite/unspecified,https://www.adzuna.pl/details/5780563522?utm_medium=api&utm_source=d69e57de,
adzuna_5679690126,adzuna,Senior Data Engineer | FCU Technology Team,Data Engineer,PwC,"Kraków, małopolskie",2026-03-26,,,,,False,onsite/unspecified,https://www.adzuna.pl/details/5679690126?utm_medium=api&utm_source=d69e57de,
adzuna_5679690118,adzuna,Senior Data Engineer | FCU Technology Team,Data Engineer,PwC,"Gdańsk, Trójmiasto",2026-03-26,,,,,False,onsite/unspecified,https://www.adzuna.pl/details/5679690118?utm_medium=api&utm_source=d69e57de,
adzuna_5679690117,adzuna,Senior Data Engineer | FCU Technology Team,Data Engineer,PwC,"Poznań, wielkopolskie",2026-03-26,,,,,False,onsite/unspecified,https://www.adzuna.pl/details/5679690117?utm_medium=api&utm_source=d69e57de,
adzuna_5896402173,adzuna,Senior Big Data Engineer (FastAPI expert),Data Engineer,IQVIA,"Warszawa, mazowieckie",2026-09-24,,,,,False,onsite/unspecified,https://www.adzuna.pl/details/5896402173?utm_medium=api&utm_source=d69e57de,
adzuna_5878157609,adzuna,Senior Data Engineer (m/f/d),Data Engineer,Commerzbank AG,"Łódź, łódzkie",2026-09-10,,,,,False,onsite/unspecified,https://www.adzuna.pl/details/5878157609?utm_medium=api&utm_source=d69e57de,
adzuna_5903542246,adzuna,"Agentic AI, Data Engineer COA Accelerator",Data Engineer,IQVIA,"Warszawa, mazowieckie",2026-09-30,,,,,False,onsite/unspecified,https://www.adzuna.pl/details/5903542246?utm_medium=api&utm_source=d69e57de,
adzuna_5766045638,adzuna,Cloud Data Engineer (Google Cloud Platform),Data Engineer,In4Ge,Polska,2026-06-17,,,,,False,onsite/unspecified,https://www.adzuna.pl/details/5766045638?utm_medium=api&utm_source=d69e57de,
adzuna_5871030173,adzuna,Senior Data Engineer with Airflow (Remote),Data Engineer,CYCLAD,Polska,2026-09-04,full_time,,28600.0,30200.0,False,remote,https://www.adzuna.pl/details/5871030173?utm_medium=api&utm_source=d69e57de,29400.0
adzuna_5886520106,adzuna,Senior Data Engineer (with GCP experience),Data Engineer,Accenture,Polska,2026-09-16,full_time,,,,False,onsite/unspecified,https://www.adzuna.pl/details/5886520106?utm_medium=api&utm_source=d69e57de,
adzuna_5819005798,adzuna,(Senior) Snowflake Data Engineer - IT Contracting,Data Engineer,Unknown,"Warszawa, mazowieckie",2026-07-29,,,,,False,onsite/unspecified,https://www.adzuna.pl/details/5819005798?utm_medium=api&utm_source=d69e57de,
adzuna_5839010031,adzuna,Senior Data Engineer (Azure) - IT Contracting,Data Engineer,Unknown,"Wrocław, dolnośląskie",2026-08-13,,,,,False,onsite/unspecified,https://www.adzuna.pl/details/5839010031?utm_medium=api&utm_source=d69e57de,
adzuna_5796896168,adzuna,Data Engineer Analytics Engineer Mid-Senior,Analytics Engineer,emagine Polska,Polska,2026-07-11,,,,,False,onsite/unspecified,https://www.adzuna.pl/details/5796896168?utm_medium=api&utm_source=d69e57de,
adzuna_5869810279,adzuna,Data Contracts Engineer - Customer Value and Digital Engagement Department @ T-Mobile Polska,Other,T-Mobile Polska,"Warszawa, mazowieckie",2026-09-04,full_time,,,,False,onsite/unspecified,https://www.adzuna.pl/land/ad/5869810279?se=yI6zpm--8RG0RdnJYGRL3A&utm_medium=api&utm_source=d69e57de&v=7FC72550D830E82F0D850B6D9538AA00F1AA22E6,
adzuna_5880763102,adzuna,Senior PySpark Data Engineer – Big Data & Cloud Integration,Data Engineer,ITDS Polska Sp. z o.o.,"Kraków, małopolskie",2026-09-12,,,,,False,onsite/unspecified,https://www.adzuna.pl/details/5880763102?utm_medium=api&utm_source=d69e57de,
adzuna_5906882992,adzuna,Python Developer @ Connectis_,Other,Connectis,"Warszawa, mazowieckie",2026-10-02,full_time,,,,False,onsite/unspecified,https://www.adzuna.pl/land/ad/5906882992?se=yI6zpm--8RG0RdnJYGRL3A&utm_medium=api&utm_source=d69e57de&v=73F078325157DDB14157BEE2F0DE23AEF596A9D1,
adzuna_5799902113,adzuna,Senior Data Engineer - Join Our Data Engineering Team,Data Engineer,emagine Polska,Polska,2026-07-14,,,,,False,onsite/unspecified,https://www.adzuna.pl/details/5799902113?utm_medium=api&utm_source=d69e57de,
adzuna_5789438100,adzuna,Junior Azure Data Engineer with Databricks (AI&Data),Data Engineer,Accenture,Polska,2026-07-06,full_time,,,,False,onsite/unspecified,https://www.adzuna.pl/details/5789438100?utm_medium=api&utm_source=d69e57de,
adzuna_5795555767,adzuna,Junior Azure Data Engineer with Databricks AI&Data,Data Engineer,Accenture,"Warszawa, mazowieckie",2026-07-10,,,,,False,onsite/unspecified,https://www.adzuna.pl/details/5795555767?utm_medium=api&utm_source=d69e57de,
adzuna_5741765658,adzuna,Data Security Policy Engineer @ Mindbox Sp. z o.o.,Other,Mindbox Sp. z o.o.,"Kraków, małopolskie",2026-05-27,full_time,,,,False,onsite/unspecified,https://www.adzuna.pl/land/ad/5741765658?se=yI6zpm--8RG0RdnJYGRL3A&utm_medium=api&utm_source=d69e57de&v=25B6D80F386DEE9FB4E932A68C8DCDD59D59A04A,
adzuna_5856738885,adzuna,Data Engineer - Java & Scala f m x,Data Engineer,Sii,"Warszawa, mazowieckie",2026-08-26,,,27300.0,29400.0,False,hybrid,https://www.adzuna.pl/details/5856738885?utm_medium=api&utm_source=d69e57de,28350.0
adzuna_5752477302,adzuna,Data Engineer / Streaming Platform Engineer (Kafka & Flink),Data Engineer,In4Ge,Polska,2026-06-05,,,,,False,onsite/unspecified,https://www.adzuna.pl/details/5752477302?utm_medium=api&utm_source=d69e57de,
adzuna_5906151123,adzuna,"Senior Data Engineer (AI-Native project, JR803)",Data Engineer,Eleks,Polska,2026-10-01,,,,,False,onsite/unspecified,https://www.adzuna.pl/details/5906151123?utm_medium=api&utm_source=d69e57de,
adzuna_5853436562,adzuna,Data Engineer - Java & Scala (f/m/x),Data Engineer,Sii Sp. z o.o.,"Warszawa, mazowieckie",2026-08-23,,,,,False,onsite/unspecified,https://www.adzuna.pl/details/5853436562?utm_medium=api&utm_source=d69e57de,
adzuna_5860869608,adzuna,GCP Data Engineer/Consultant (m/k/n),Data Engineer,Nexio Management Sp. z o.o.,"Warszawa, mazowieckie",2026-08-29,,,,,False,onsite/unspecified,https://www.adzuna.pl/details/5860869608?utm_medium=api&utm_source=d69e57de,
adzuna_5852205362,adzuna,Data Engineer – Snowflake / Snowpark / DBT (k/m),Data Engineer,B2B.NET S.A.,"Gdańsk, Trójmiasto",2026-08-22,,,,,False,hybrid,https://www.adzuna.pl/details/5852205362?utm_medium=api&utm_source=d69e57de,
adzuna_5872873227,adzuna,"Senior Data Engineer (Java/Scala, Spark, AWS)",Data Engineer,EPAM Systems  sp. z o.o.,"Warszawa, mazowieckie",2026-09-06,,,,,False,onsite/unspecified,https://www.adzuna.pl/details/5872873227?utm_medium=api&utm_source=d69e57de,
adzuna_5896531654,adzuna,Expert Data Engineer in Rating & Limit Management,Data Engineer,NORDEA Bank Abp SA Oddział w Polsce,"Warszawa, mazowieckie",2026-09-24,,,,,False,onsite/unspecified,https://www.adzuna.pl/details/5896531654?utm_medium=api&utm_source=d69e57de,
adzuna_5836636984,adzuna,Senior Big Data Engineer – Java and Spark,Data Engineer,ITDS,"Warszawa, mazowieckie",2026-08-11,,,23100.0,31500.0,False,hybrid,https://www.adzuna.pl/details/5836636984?utm_medium=api&utm_source=d69e57de,27300.0
adzuna_5871030046,adzuna,Fullstack Data Engineer (Azure /Python /Angular) (Remote),Data Engineer,CYCLAD,Polska,2026-09-04,full_time,,16800.0,20200.0,False,remote,https://www.adzuna.pl/details/5871030046?utm_medium=api&utm_source=d69e57de,18500.0
adzuna_5898610630,adzuna,Senior Data Engineer (Middle East / Poland / Snowflake),Data Engineer,Capco,Polska,2026-09-25,,,,,False,onsite/unspecified,https://www.adzuna.pl/details/5898610630?utm_medium=api&utm_source=d69e57de,
adzuna_5883409893,adzuna,Cloud Data Engineer (GCP / Azure / Snowflake / BigQuery),Data Engineer,DATUMO sp. z o.o.,"Warszawa, mazowieckie",2026-09-14,,,,,False,onsite/unspecified,https://www.adzuna.pl/details/5883409893?utm_medium=api&utm_source=d69e57de,
adzuna_5860869789,adzuna,Data Engineer (BigQuery / GCP) (m/f/d),Data Engineer,Commerzbank AG,"Łódź, łódzkie",2026-08-29,,,,,False,onsite/unspecified,https://www.adzuna.pl/details/5860869789?utm_medium=api&utm_source=d69e57de,
adzuna_5780598592,adzuna,Junior Mid-Level Machine Learning Data Engineer,Data Engineer,PredictX,"Gdańsk, Trójmiasto",2026-06-29,full_time,,,,False,onsite/unspecified,https://www.adzuna.pl/details/5780598592?utm_medium=api&utm_source=d69e57de,
adzuna_5816886898,adzuna,(Junior or Mid) Data Engineer with Snowflake,Data Engineer,Aviva Employment Services,Polska,2026-07-27,,,,,False,onsite/unspecified,https://www.adzuna.pl/details/5816886898?utm_medium=api&utm_source=d69e57de,
adzuna_5782588888,adzuna,Senior/Lead Software Data Engineer (Roads Team),Data Engineer,Mapbox,Polska,2026-07-01,full_time,,75000.0,,False,onsite/unspecified,https://www.adzuna.pl/details/5782588888?utm_medium=api&utm_source=d69e57de,75000.0
adzuna_5843285225,adzuna,AI-First Data Engineer (m/f/d),Data Engineer,Sport Alliance,Polska,2026-08-15,full_time,,24000.0,28000.0,False,onsite/unspecified,https://www.adzuna.pl/details/5843285225?utm_medium=api&utm_source=d69e57de,26000.0
adzuna_5855514636,adzuna,Databricks DATA Enginner,Data Engineer,Devapo,"Warszawa, mazowieckie",2026-08-25,,,,,False,onsite/unspecified,https://www.adzuna.pl/land/ad/5855514636?se=yI6zpm--8RG0RdnJYGRL3A&utm_medium=api&utm_source=d69e57de&v=FFBE51495933BF04AD713B44E03ACC46D4BF076D,
adzuna_5805604873,adzuna,Principal Data Consultant @ GFT Poland,Other,GFT Poland,Polska,2026-07-18,full_time,,,,False,onsite/unspecified,https://www.adzuna.pl/land/ad/5805604873?se=yI6zpm--8RG0RdnJYGRL3A&utm_medium=api&utm_source=d69e57de&v=929EA8CFDB3FE8E4030308EB00E6484CE7DB8B9B,
adzuna_5846620562,adzuna,Data & AI Engineer,ML Engineer,Antal Sp. z o.o.,"Kraków, małopolskie",2026-08-18,,,,,False,hybrid,https://www.adzuna.pl/details/5846620562?utm_medium=api&utm_source=d69e57de,
adzuna_5882795738,adzuna,Data & AI Engineer,ML Engineer,Avanade,Polska,2026-09-13,full_time,,,,False,onsite/unspecified,https://www.adzuna.pl/details/5882795738?utm_medium=api&utm_source=d69e57de,
adzuna_5884382280,adzuna,Data & AI Engineer,ML Engineer,Avanade Inc.,"Kraków, małopolskie",2026-09-15,,,,,False,onsite/unspecified,https://www.adzuna.pl/details/5884382280?utm_medium=api&utm_source=d69e57de,
adzuna_5872872195,adzuna,Data Warehouse Engineer,Other,Capgemini Polska,"Wrocław, dolnośląskie",2026-09-06,,,,,False,onsite/unspecified,https://www.adzuna.pl/details/5872872195?utm_medium=api&utm_source=d69e57de,
adzuna_5713939018,adzuna,Data Platform Engineer,Data Engineer,QED.ai,"Warszawa, mazowieckie",2026-04-29,full_time,,,,False,onsite/unspecified,https://www.adzuna.pl/details/5713939018?utm_medium=api&utm_source=d69e57de,
adzuna_5647487682,adzuna,Data Platform Engineer,Data Engineer,Brightstar Lottery,"Warszawa, mazowieckie",2026-02-27,,,,,False,onsite/unspecified,https://www.adzuna.pl/details/5647487682?utm_medium=api&utm_source=d69e57de,
adzuna_5718234268,adzuna,Data Software Engineer,Data Engineer,ActiveCampaign,"Kraków, małopolskie",2026-05-03,full_time,,,,False,onsite/unspecified,https://www.adzuna.pl/details/5718234268?utm_medium=api&utm_source=d69e57de,
adzuna_5867273807,adzuna,Data Platform Engineer,Data Engineer,B2spin,Polska,2026-09-02,full_time,,,,False,onsite/unspecified,https://www.adzuna.pl/details/5867273807?utm_medium=api&utm_source=d69e57de,
adzuna_5869316885,adzuna,Data Analytics Engineer,Analytics Engineer,P&G,Polska,2026-09-03,full_time,,,,False,onsite/unspecified,https://www.adzuna.pl/details/5869316885?utm_medium=api&utm_source=d69e57de,
adzuna_5870127367,adzuna,Data Analytics Engineer,Analytics Engineer,Procter & Gamble,"Warszawa, mazowieckie",2026-09-04,,,,,False,onsite/unspecified,https://www.adzuna.pl/details/5870127367?utm_medium=api&utm_source=d69e57de,
adzuna_5899446428,adzuna,Senior Data Engineer - financial industry (f/m/x),Data Engineer,Sii Sp. z o.o.,"Bydgoszcz, kujawsko-pomorskie",2026-09-26,,,,,False,onsite/unspecified,https://www.adzuna.pl/details/5899446428?utm_medium=api&utm_source=d69e57de,
adzuna_5899446353,adzuna,Senior Data Engineer - financial industry (f/m/x),Data Engineer,Sii Sp. z o.o.,"Piła, wielkopolskie",2026-09-26,,,,,False,onsite/unspecified,https://www.adzuna.pl/details/5899446353?utm_medium=api&utm_source=d69e57de,
adzuna_5899446417,adzuna,Senior Data Engineer - financial industry (f/m/x),Data Engineer,Sii Sp. z o.o.,"Kraków, małopolskie",2026-09-26,,,,,False,onsite/unspecified,https://www.adzuna.pl/details/5899446417?utm_medium=api&utm_source=d69e57de,
adzuna_5899446454,adzuna,Senior Data Engineer - financial industry (f/m/x),Data Engineer,Sii Sp. z o.o.,"Gdańsk, Trójmiasto",2026-09-26,,,,,False,onsite/unspecified,https://www.adzuna.pl/details/5899446454?utm_medium=api&utm_source=d69e57de,
adzuna_5899446354,adzuna,Senior Data Engineer - financial industry (f/m/x),Data Engineer,Sii Sp. z o.o.,"Warszawa, mazowieckie",2026-09-26,,,,,False,onsite/unspecified,https://www.adzuna.pl/details/5899446354?utm_medium=api&utm_source=d69e57de,
adzuna_5899446450,adzuna,Senior Data Engineer - financial industry (f/m/x),Data Engineer,Sii Sp. z o.o.,"Szczecin, zachodniopomorskie",2026-09-26,,,,,False,onsite/unspecified,https://www.adzuna.pl/details/5899446450?utm_medium=api&utm_source=d69e57de,
adzuna_5899446341,adzuna,Senior Data Engineer - financial industry (f/m/x),Data Engineer,Sii Sp. z o.o.,"Toruń, kujawsko-pomorskie",2026-09-26,,,,,False,onsite/unspecified,https://www.adzuna.pl/details/5899446341?utm_medium=api&utm_source=d69e57de,
adzuna_5899446361,adzuna,Senior Data Engineer - financial industry (f/m/x),Data Engineer,Sii Sp. z o.o.,"Wrocław, dolnośląskie",2026-09-26,,,,,False,onsite/unspecified,https://www.adzuna.pl/details/5899446361?utm_medium=api&utm_source=d69e57de,
adzuna_5899446355,adzuna,Senior Data Engineer - financial industry (f/m/x),Data Engineer,Sii Sp. z o.o.,"Katowice, śląskie",2026-09-26,,,,,False,onsite/unspecified,https://www.adzuna.pl/details/5899446355?utm_medium=api&utm_source=d69e57de,
adzuna_5899446385,adzuna,Senior Data Engineer - financial industry (f/m/x),Data Engineer,Sii Sp. z o.o.,"Lublin, lubelskie",2026-09-26,,,,,False,onsite/unspecified,https://www.adzuna.pl/details/5899446385?utm_medium=api&utm_source=d69e57de,
adzuna_5899446408,adzuna,Senior Data Engineer - financial industry (f/m/x),Data Engineer,Sii Sp. z o.o.,"Rzeszów, podkarpackie",2026-09-26,,,,,False,onsite/unspecified,https://www.adzuna.pl/details/5899446408?utm_medium=api&utm_source=d69e57de,
adzuna_5899446318,adzuna,Senior Data Engineer - financial industry (f/m/x),Data Engineer,Sii Sp. z o.o.,"Łódź, łódzkie",2026-09-26,,,,,False,onsite/unspecified,https://www.adzuna.pl/details/5899446318?utm_medium=api&utm_source=d69e57de,
adzuna_5899446388,adzuna,Senior Data Engineer - financial industry (f/m/x),Data Engineer,Sii Sp. z o.o.,"Białystok, podlaskie",2026-09-26,,,,,False,onsite/unspecified,https://www.adzuna.pl/details/5899446388?utm_medium=api&utm_source=d69e57de,
adzuna_5899446395,adzuna,Senior Data Engineer - financial industry (f/m/x),Data Engineer,Sii Sp. z o.o.,"Poznań, wielkopolskie",2026-09-26,,,,,False,onsite/unspecified,https://www.adzuna.pl/details/5899446395?utm_medium=api&utm_source=d69e57de,
adzuna_5878157901,adzuna,Senior Data Engineer / Spark Developer (m/k/n),Data Engineer,UPVANTA SPÓŁKA Z OGRANICZONĄ ODPOWIEDZIALNOŚCIĄ,"Wrocław, dolnośląskie",2026-09-10,,,,,False,onsite/unspecified,https://www.adzuna.pl/details/5878157901?utm_medium=api&utm_source=d69e57de,
adzuna_5860870374,adzuna,Senior Data Engineer – pharmaceutical sector (f/m/x),Data Engineer,Sii Sp. z o.o.,"Szczecin, zachodniopomorskie",2026-08-29,,,,,False,onsite/unspecified,https://www.adzuna.pl/details/5860870374?utm_medium=api&utm_source=d69e57de,
adzuna_5860870367,adzuna,Senior Data Engineer – pharmaceutical sector (f/m/x),Data Engineer,Sii Sp. z o.o.,"Warszawa, mazowieckie",2026-08-29,,,,,False,onsite/unspecified,https://www.adzuna.pl/details/5860870367?utm_medium=api&utm_source=d69e57de,
adzuna_5860870375,adzuna,Senior Data Engineer – pharmaceutical sector (f/m/x),Data Engineer,Sii Sp. z o.o.,"Piła, wielkopolskie",2026-08-29,,,,,False,onsite/unspecified,https://www.adzuna.pl/details/5860870375?utm_medium=api&utm_source=d69e57de,
adzuna_5860870365,adzuna,Senior Data Engineer – pharmaceutical sector (f/m/x),Data Engineer,Sii Sp. z o.o.,"Kraków, małopolskie",2026-08-29,,,,,False,onsite/unspecified,https://www.adzuna.pl/details/5860870365?utm_medium=api&utm_source=d69e57de,
adzuna_5860870363,adzuna,Senior Data Engineer – pharmaceutical sector (f/m/x),Data Engineer,Sii Sp. z o.o.,"Toruń, kujawsko-pomorskie",2026-08-29,,,,,False,onsite/unspecified,https://www.adzuna.pl/details/5860870363?utm_medium=api&utm_source=d69e57de,
adzuna_5860870361,adzuna,Senior Data Engineer – pharmaceutical sector (f/m/x),Data Engineer,Sii Sp. z o.o.,"Wrocław, dolnośląskie",2026-08-29,,,,,False,onsite/unspecified,https://www.adzuna.pl/details/5860870361?utm_medium=api&utm_source=d69e57de,
adzuna_5860870366,adzuna,Senior Data Engineer – pharmaceutical sector (f/m/x),Data Engineer,Sii Sp. z o.o.,"Łódź, łódzkie",2026-08-29,,,,,False,onsite/unspecified,https://www.adzuna.pl/details/5860870366?utm_medium=api&utm_source=d69e57de,
adzuna_5860870376,adzuna,Senior Data Engineer – pharmaceutical sector (f/m/x),Data Engineer,Sii Sp. z o.o.,"Rzeszów, podkarpackie",2026-08-29,,,,,False,onsite/unspecified,https://www.adzuna.pl/details/5860870376?utm_medium=api&utm_source=d69e57de,
adzuna_5860870362,adzuna,Senior Data Engineer – pharmaceutical sector (f/m/x),Data Engineer,Sii Sp. z o.o.,"Bydgoszcz, kujawsko-pomorskie",2026-08-29,,,,,False,onsite/unspecified,https://www.adzuna.pl/details/5860870362?utm_medium=api&utm_source=d69e57de,
adzuna_5860870369,adzuna,Senior Data Engineer – pharmaceutical sector (f/m/x),Data Engineer,Sii Sp. z o.o.,"Białystok, podlaskie",2026-08-29,,,,,False,onsite/unspecified,https://www.adzuna.pl/details/5860870369?utm_medium=api&utm_source=d69e57de,
adzuna_5860870371,adzuna,Senior Data Engineer – pharmaceutical sector (f/m/x),Data Engineer,Sii Sp. z o.o.,"Katowice, śląskie",2026-08-29,,,,,False,onsite/unspecified,https://www.adzuna.pl/details/5860870371?utm_medium=api&utm_source=d69e57de,
adzuna_5860870370,adzuna,Senior Data Engineer – pharmaceutical sector (f/m/x),Data Engineer,Sii Sp. z o.o.,"Gdańsk, Trójmiasto",2026-08-29,,,,,False,onsite/unspecified,https://www.adzuna.pl/details/5860870370?utm_medium=api&utm_source=d69e57de,
adzuna_5860870372,adzuna,Senior Data Engineer – pharmaceutical sector (f/m/x),Data Engineer,Sii Sp. z o.o.,"Poznań, wielkopolskie",2026-08-29,,,,,False,onsite/unspecified,https://www.adzuna.pl/details/5860870372?utm_medium=api&utm_source=d69e57de,
adzuna_5860870364,adzuna,Senior Data Engineer – pharmaceutical sector (f/m/x),Data Engineer,Sii Sp. z o.o.,"Lublin, lubelskie",2026-08-29,,,,,False,onsite/unspecified,https://www.adzuna.pl/details/5860870364?utm_medium=api&utm_source=d69e57de,
adzuna_5907674859,adzuna,Senior Data Engineer – automotive sector (f/m/x),Data Engineer,Sii Sp. z o.o.,"Wrocław, dolnośląskie",2026-10-02,,,,,False,onsite/unspecified,https://www.adzuna.pl/details/5907674859?utm_medium=api&utm_source=d69e57de,
adzuna_5885095368,adzuna,GCP Data Engineer with Java (f/m/x),Data Engineer,Sii Sp. z o.o.,"Kraków, małopolskie",2026-09-15,,,,,False,onsite/unspecified,https://www.adzuna.pl/details/5885095368?utm_medium=api&utm_source=d69e57de,
adzuna_5894947412,adzuna,Senior Data Engineer - immediate start (f/m/x),Data Engineer,Sii Sp. z o.o.,"Piła, wielkopolskie",2026-09-23,,,,,False,onsite/unspecified,https://www.adzuna.pl/details/5894947412?utm_medium=api&utm_source=d69e57de,
adzuna_5899446483,adzuna,GCP Data Engineer with Java (f/m/x),Data Engineer,Sii Sp. z o.o.,"Kraków, małopolskie",2026-09-26,,,,,False,onsite/unspecified,https://www.adzuna.pl/details/5899446483?utm_medium=api&utm_source=d69e57de,
adzuna_5894947406,adzuna,Senior Data Engineer - immediate start (f/m/x),Data Engineer,Sii Sp. z o.o.,"Gdańsk, Trójmiasto",2026-09-23,,,,,False,onsite/unspecified,https://www.adzuna.pl/details/5894947406?utm_medium=api&utm_source=d69e57de,
adzuna_5894947354,adzuna,Senior Data Engineer - immediate start (f/m/x),Data Engineer,Sii Sp. z o.o.,"Poznań, wielkopolskie",2026-09-23,,,,,False,onsite/unspecified,https://www.adzuna.pl/details/5894947354?utm_medium=api&utm_source=d69e57de,
adzuna_5894947343,adzuna,Senior Data Engineer - immediate start (f/m/x),Data Engineer,Sii Sp. z o.o.,"Kraków, małopolskie",2026-09-23,,,,,False,onsite/unspecified,https://www.adzuna.pl/details/5894947343?utm_medium=api&utm_source=d69e57de,
adzuna_5894947356,adzuna,Senior Data Engineer - immediate start (f/m/x),Data Engineer,Sii Sp. z o.o.,"Katowice, śląskie",2026-09-23,,,,,False,onsite/unspecified,https://www.adzuna.pl/details/5894947356?utm_medium=api&utm_source=d69e57de,
adzuna_5894947459,adzuna,Senior Data Engineer - immediate start (f/m/x),Data Engineer,Sii Sp. z o.o.,"Bydgoszcz, kujawsko-pomorskie",2026-09-23,,,,,False,onsite/unspecified,https://www.adzuna.pl/details/5894947459?utm_medium=api&utm_source=d69e57de,
adzuna_5894947364,adzuna,Senior Data Engineer - immediate start (f/m/x),Data Engineer,Sii Sp. z o.o.,"Szczecin, zachodniopomorskie",2026-09-23,,,,,False,onsite/unspecified,https://www.adzuna.pl/details/5894947364?utm_medium=api&utm_source=d69e57de,
adzuna_5894947396,adzuna,Senior Data Engineer - immediate start (f/m/x),Data Engineer,Sii Sp. z o.o.,"Wrocław, dolnośląskie",2026-09-23,,,,,False,onsite/unspecified,https://www.adzuna.pl/details/5894947396?utm_medium=api&utm_source=d69e57de,
adzuna_5894947462,adzuna,Senior Data Engineer - immediate start (f/m/x),Data Engineer,Sii Sp. z o.o.,"Łódź, łódzkie",2026-09-23,,,,,False,onsite/unspecified,https://www.adzuna.pl/details/5894947462?utm_medium=api&utm_source=d69e57de,
adzuna_5894947416,adzuna,Senior Data Engineer - immediate start (f/m/x),Data Engineer,Sii Sp. z o.o.,"Lublin, lubelskie",2026-09-23,,,,,False,onsite/unspecified,https://www.adzuna.pl/details/5894947416?utm_medium=api&utm_source=d69e57de,
adzuna_5894947413,adzuna,Senior Data Engineer - immediate start (f/m/x),Data Engineer,Sii Sp. z o.o.,"Białystok, podlaskie",2026-09-23,,,,,False,onsite/unspecified,https://www.adzuna.pl/details/5894947413?utm_medium=api&utm_source=d69e57de,
adzuna_5894947408,adzuna,Senior Data Engineer - immediate start (f/m/x),Data Engineer,Sii Sp. z o.o.,"Toruń, kujawsko-pomorskie",2026-09-23,,,,,False,onsite/unspecified,https://www.adzuna.pl/details/5894947408?utm_medium=api&utm_source=d69e57de,
adzuna_5894947395,adzuna,Senior Data Engineer - immediate start (f/m/x),Data Engineer,Sii Sp. z o.o.,"Rzeszów, podkarpackie",2026-09-23,,,,,False,onsite/unspecified,https://www.adzuna.pl/details/5894947395?utm_medium=api&utm_source=d69e57de,
adzuna_5894947370,adzuna,Senior Data Engineer - immediate start (f/m/x),Data Engineer,Sii Sp. z o.o.,"Warszawa, mazowieckie",2026-09-23,,,,,False,onsite/unspecified,https://www.adzuna.pl/details/5894947370?utm_medium=api&utm_source=d69e57de,
adzuna_5799901685,adzuna,Senior Data Engineer BI & KI Consultant m w d,Data Engineer,emagine Polska,Polska,2026-07-14,,,,,False,onsite/unspecified,https://www.adzuna.pl/details/5799901685?utm_medium=api&utm_source=d69e57de,
adzuna_5871673959,adzuna,Data Engineer with Microsoft Fabric (f/m/x),Data Engineer,Sii Sp. z o.o.,"Gdańsk, Trójmiasto",2026-09-05,,,,,False,onsite/unspecified,https://www.adzuna.pl/details/5871673959?utm_medium=api&utm_source=d69e57de,
adzuna_5871673948,adzuna,Data Engineer with Microsoft Fabric (f/m/x),Data Engineer,Sii Sp. z o.o.,"Wrocław, dolnośląskie",2026-09-05,,,,,False,onsite/unspecified,https://www.adzuna.pl/details/5871673948?utm_medium=api&utm_source=d69e57de,
adzuna_5871673951,adzuna,Data Engineer with Microsoft Fabric (f/m/x),Data Engineer,Sii Sp. z o.o.,"Lublin, lubelskie",2026-09-05,,,,,False,onsite/unspecified,https://www.adzuna.pl/details/5871673951?utm_medium=api&utm_source=d69e57de,
adzuna_5871673949,adzuna,Data Engineer with Microsoft Fabric (f/m/x),Data Engineer,Sii Sp. z o.o.,"Bydgoszcz, kujawsko-pomorskie",2026-09-05,,,,,False,onsite/unspecified,https://www.adzuna.pl/details/5871673949?utm_medium=api&utm_source=d69e57de,
adzuna_5871673955,adzuna,Data Engineer with Microsoft Fabric (f/m/x),Data Engineer,Sii Sp. z o.o.,"Rzeszów, podkarpackie",2026-09-05,,,,,False,onsite/unspecified,https://www.adzuna.pl/details/5871673955?utm_medium=api&utm_source=d69e57de,
adzuna_5871673960,adzuna,Data Engineer with Microsoft Fabric (f/m/x),Data Engineer,Sii Sp. z o.o.,"Poznań, wielkopolskie",2026-09-05,,,,,False,onsite/unspecified,https://www.adzuna.pl/details/5871673960?utm_medium=api&utm_source=d69e57de,
adzuna_5871673961,adzuna,Data Engineer with Microsoft Fabric (f/m/x),Data Engineer,Sii Sp. z o.o.,"Piła, wielkopolskie",2026-09-05,,,,,False,onsite/unspecified,https://www.adzuna.pl/details/5871673961?utm_medium=api&utm_source=d69e57de,
adzuna_5871673957,adzuna,Data Engineer with Microsoft Fabric (f/m/x),Data Engineer,Sii Sp. z o.o.,"Białystok, podlaskie",2026-09-05,,,,,False,onsite/unspecified,https://www.adzuna.pl/details/5871673957?utm_medium=api&utm_source=d69e57de,
adzuna_5871673954,adzuna,Data Engineer with Microsoft Fabric (f/m/x),Data Engineer,Sii Sp. z o.o.,"Łódź, łódzkie",2026-09-05,,,,,False,onsite/unspecified,https://www.adzuna.pl/details/5871673954?utm_medium=api&utm_source=d69e57de,
adzuna_5871673953,adzuna,Data Engineer with Microsoft Fabric (f/m/x),Data Engineer,Sii Sp. z o.o.,"Kraków, małopolskie",2026-09-05,,,,,False,onsite/unspecified,https://www.adzuna.pl/details/5871673953?utm_medium=api&utm_source=d69e57de,
adzuna_5871673952,adzuna,Data Engineer with Microsoft Fabric (f/m/x),Data Engineer,Sii Sp. z o.o.,"Toruń, kujawsko-pomorskie",2026-09-05,,,,,False,onsite/unspecified,https://www.adzuna.pl/details/5871673952?utm_medium=api&utm_source=d69e57de,
adzuna_5871673962,adzuna,Data Engineer with Microsoft Fabric (f/m/x),Data Engineer,Sii Sp. z o.o.,"Szczecin, zachodniopomorskie",2026-09-05,,,,,False,onsite/unspecified,https://www.adzuna.pl/details/5871673962?utm_medium=api&utm_source=d69e57de,
adzuna_5871673956,adzuna,Data Engineer with Microsoft Fabric (f/m/x),Data Engineer,Sii Sp. z o.o.,"Warszawa, mazowieckie",2026-09-05,,,,,False,onsite/unspecified,https://www.adzuna.pl/details/5871673956?utm_medium=api&utm_source=d69e57de,
adzuna_5871673958,adzuna,Data Engineer with Microsoft Fabric (f/m/x),Data Engineer,Sii Sp. z o.o.,"Katowice, śląskie",2026-09-05,,,,,False,onsite/unspecified,https://www.adzuna.pl/details/5871673958?utm_medium=api&utm_source=d69e57de,
adzuna_5882401294,adzuna,MLOps Specialist/Data Scientist/Data Engineer | Branża Ubezpieczeniowa,ML Engineer,Edge One Solutions Sp. z o.o.,"Warszawa, mazowieckie",2026-09-13,,,,,False,onsite/unspecified,https://www.adzuna.pl/details/5882401294?utm_medium=api&utm_source=d69e57de,
adzuna_5810818317,adzuna,Data Engineer – AI-Accelerated Development Snowflake Airflow Python,Data Engineer,Accenture,"Warszawa, mazowieckie",2026-07-22,,,,,False,onsite/unspecified,https://www.adzuna.pl/details/5810818317?utm_medium=api&utm_source=d69e57de,
adzuna_5884652815,adzuna,Senior Data Platform Engineer,Data Engineer,Globaldev Group,Polska,2026-09-15,,,,,False,onsite/unspecified,https://www.adzuna.pl/details/5884652815?utm_medium=api&utm_source=d69e57de,
adzuna_5898310230,adzuna,Senior Data Platform Engineer,Data Engineer,Creditstar,Polska,2026-09-25,full_time,,,,False,onsite/unspecified,https://www.adzuna.pl/details/5898310230?utm_medium=api&utm_source=d69e57de,
adzuna_5890063513,adzuna,Structured Data Security Infrastructure DevOps Engineer @ Antal,Other,Antal,"Kraków, małopolskie",2026-09-19,full_time,,,,False,onsite/unspecified,https://www.adzuna.pl/land/ad/5890063513?se=8kZDqG--8RGWpIcaDn7MMA&utm_medium=api&utm_source=d69e57de&v=FCB340B55BE43AB57D68C61F97DA9BB14F507529,
adzuna_5833388636,adzuna,Senior Big Data Engineer – Spark and Scala in Finance,Data Engineer,ITDS,"Warszawa, mazowieckie",2026-08-08,,,23100.0,31500.0,False,hybrid,https://www.adzuna.pl/details/5833388636?utm_medium=api&utm_source=d69e57de,27300.0
adzuna_5794822526,adzuna,Data Engineer – AI-Accelerated Development for Modern Data Platform,Data Engineer,Accenture,Polska,2026-07-10,full_time,,,,False,onsite/unspecified,https://www.adzuna.pl/details/5794822526?utm_medium=api&utm_source=d69e57de,
adzuna_5872872189,adzuna,Data Platform Engineer (DevOps),Data Engineer,Capgemini Polska,"Wrocław, dolnośląskie",2026-09-06,,,,,False,onsite/unspecified,https://www.adzuna.pl/details/5872872189?utm_medium=api&utm_source=d69e57de,
adzuna_5872872190,adzuna,Data Platform Engineer (DevOps),Data Engineer,Capgemini Polska,"Warszawa, mazowieckie",2026-09-06,,,,,False,onsite/unspecified,https://www.adzuna.pl/details/5872872190?utm_medium=api&utm_source=d69e57de,
adzuna_5872872187,adzuna,Data Platform Engineer (DevOps),Data Engineer,Capgemini Polska,"Kraków, małopolskie",2026-09-06,,,,,False,onsite/unspecified,https://www.adzuna.pl/details/5872872187?utm_medium=api&utm_source=d69e57de,
adzuna_5872872191,adzuna,Data Platform Engineer (DevOps),Data Engineer,Capgemini Polska,"Poznań, wielkopolskie",2026-09-06,,,,,False,onsite/unspecified,https://www.adzuna.pl/details/5872872191?utm_medium=api&utm_source=d69e57de,
adzuna_5872872192,adzuna,Data Platform Engineer (DevOps),Data Engineer,Capgemini Polska,"Gdańsk, Trójmiasto",2026-09-06,,,,,False,onsite/unspecified,https://www.adzuna.pl/details/5872872192?utm_medium=api&utm_source=d69e57de,
adzuna_5870231388,adzuna,Experienced Data Platform Engineer,Data Engineer,Arla Global Shared Services Sp. z o.o.,"Gdańsk, Trójmiasto",2026-09-04,,,,,False,onsite/unspecified,https://www.adzuna.pl/details/5870231388?utm_medium=api&utm_source=d69e57de,
adzuna_5890333451,adzuna,Senior Data Platform Engineer,Data Engineer,Motife Sp. z o.o.,"Kraków, małopolskie",2026-09-19,,,,,False,onsite/unspecified,https://www.adzuna.pl/details/5890333451?utm_medium=api&utm_source=d69e57de,
adzuna_5810820101,adzuna,Data Science Engineer AWS,Data Scientist,Reply Polska Sp. z o.o.,"Katowice, śląskie",2026-07-22,,,10000.0,19000.0,False,onsite/unspecified,https://www.adzuna.pl/details/5810820101?utm_medium=api&utm_source=d69e57de,14500.0
adzuna_5878751551,adzuna,Middle Data Analytics Engineer,Analytics Engineer,N-iX,Polska,2026-09-10,,,,,False,onsite/unspecified,https://www.adzuna.pl/details/5878751551?utm_medium=api&utm_source=d69e57de,
adzuna_5812257379,adzuna,Azure Data Integration Engineer,Other,emagine Polska,"Warszawa, mazowieckie",2026-07-23,,,26880.0,28560.0,False,remote,https://www.adzuna.pl/details/5812257379?utm_medium=api&utm_source=d69e57de,27720.0
adzuna_5840702613,adzuna,Senior Data & Integration Engineer,Other,Brightstar Lottery,"Warszawa, mazowieckie",2026-08-13,,,,,False,onsite/unspecified,https://www.adzuna.pl/details/5840702613?utm_medium=api&utm_source=d69e57de,
adzuna_5900920905,adzuna,Senior Data & AI Engineer,ML Engineer,APN Promise S.A.,"Warszawa, mazowieckie",2026-09-27,,,,,False,onsite/unspecified,https://www.adzuna.pl/details/5900920905?utm_medium=api&utm_source=d69e57de,
adzuna_5849806206,adzuna,Senior Data Platform Engineer,Data Engineer,CRDF Global,Polska,2026-08-20,full_time,,,,False,onsite/unspecified,https://www.adzuna.pl/details/5849806206?utm_medium=api&utm_source=d69e57de,
adzuna_5895445213,adzuna,Flight Data Reporting Engineer,Other,Swarmer,"Warszawa, mazowieckie",2026-09-23,full_time,,,,False,onsite/unspecified,https://www.adzuna.pl/details/5895445213?utm_medium=api&utm_source=d69e57de,
adzuna_5856737720,adzuna,Senior Data Software Engineer,Data Engineer,EPAM Systems,"Katowice, śląskie",2026-08-26,,,,,False,onsite/unspecified,https://www.adzuna.pl/details/5856737720?utm_medium=api&utm_source=d69e57de,
adzuna_5856737710,adzuna,Senior Data Software Engineer,Data Engineer,EPAM Systems,"Wrocław, dolnośląskie",2026-08-26,,,,,False,onsite/unspecified,https://www.adzuna.pl/details/5856737710?utm_medium=api&utm_source=d69e57de,
adzuna_5856737733,adzuna,Senior Data Software Engineer,Data Engineer,EPAM Systems,"Gdańsk, Trójmiasto",2026-08-26,,,,,False,onsite/unspecified,https://www.adzuna.pl/details/5856737733?utm_medium=api&utm_source=d69e57de,
adzuna_5856737735,adzuna,Senior Data Software Engineer,Data Engineer,EPAM Systems,"Kraków, małopolskie",2026-08-26,,,,,False,onsite/unspecified,https://www.adzuna.pl/details/5856737735?utm_medium=api&utm_source=d69e57de,
adzuna_5856737741,adzuna,Senior Data Software Engineer,Data Engineer,EPAM Systems,"Łódź, łódzkie",2026-08-26,,,,,False,onsite/unspecified,https://www.adzuna.pl/details/5856737741?utm_medium=api&utm_source=d69e57de,
adzuna_5856737734,adzuna,Senior Data Software Engineer,Data Engineer,EPAM Systems,"Poznań, wielkopolskie",2026-08-26,,,,,False,onsite/unspecified,https://www.adzuna.pl/details/5856737734?utm_medium=api&utm_source=d69e57de,
adzuna_5856737730,adzuna,Senior Data Software Engineer,Data Engineer,EPAM Systems,"Warszawa, mazowieckie",2026-08-26,,,,,False,onsite/unspecified,https://www.adzuna.pl/details/5856737730?utm_medium=api&utm_source=d69e57de,
adzuna_5704009881,adzuna,Senior Data Science Engineer,Data Scientist,Sabre,"Kraków, małopolskie",2026-04-18,full_time,,2500.0,2500.0,False,onsite/unspecified,https://www.adzuna.pl/details/5704009881?utm_medium=api&utm_source=d69e57de,2500.0
adzuna_5855567332,adzuna,Senior Data Platform Engineer,Data Engineer,Motife,"Warszawa, mazowieckie",2026-08-25,full_time,,23000.0,30000.0,False,onsite/unspecified,https://www.adzuna.pl/details/5855567332?utm_medium=api&utm_source=d69e57de,26500.0
adzuna_5822519821,adzuna,Senior Data Platform Engineer,Data Engineer,Motife,"Kraków, małopolskie",2026-07-31,full_time,,30000.0,35000.0,False,onsite/unspecified,https://www.adzuna.pl/details/5822519821?utm_medium=api&utm_source=d69e57de,32500.0
adzuna_5899446717,adzuna,Senior Data Platform Engineer,Data Engineer,Motife Sp. z o.o.,"Warszawa, mazowieckie",2026-09-26,,,,,False,onsite/unspecified,https://www.adzuna.pl/details/5899446717?utm_medium=api&utm_source=d69e57de,
adzuna_5858489202,adzuna,Cloud Data Modelling Engineer,Data Engineer,PricewaterhouseCoopers,Polska,2026-08-27,full_time,,,,False,onsite/unspecified,https://www.adzuna.pl/details/5858489202?utm_medium=api&utm_source=d69e57de,
adzuna_5907675137,adzuna,Lead Data Support Engineer,Other,BitPeak Sp. z o.o.,"Warszawa, mazowieckie",2026-10-02,,,,,False,onsite/unspecified,https://www.adzuna.pl/details/5907675137?utm_medium=api&utm_source=d69e57de,
adzuna_5857504198,adzuna,Cloud Data Modelling Engineer,Data Engineer,PwC,"Warszawa, mazowieckie",2026-08-27,,,,,False,onsite/unspecified,https://www.adzuna.pl/details/5857504198?utm_medium=api&utm_source=d69e57de,
adzuna_5801923126,adzuna,Cybersecurity Data Analytics Engineer,Analytics Engineer,Danaher,Polska,2026-07-16,full_time,,,,False,onsite/unspecified,https://www.adzuna.pl/details/5801923126?utm_medium=api&utm_source=d69e57de,
adzuna_5793798630,adzuna,Cybersecurity Data Analytics Engineer,Analytics Engineer,Danaher Corporation,"Kraków, małopolskie",2026-07-09,,,,,False,onsite/unspecified,https://www.adzuna.pl/details/5793798630?utm_medium=api&utm_source=d69e57de,
adzuna_5828013962,adzuna,Lead Data Platform Engineer,Data Engineer,Poland and Eastern Europe,Polska,2026-08-04,,,,,False,onsite/unspecified,https://www.adzuna.pl/details/5828013962?utm_medium=api&utm_source=d69e57de,
adzuna_5792268139,adzuna,Programista / Data Engineer (BI) (k/m) Lokalizacja: Aleje Stanów Zjednoczonych 61,Data Engineer,Cyfrowy Polsat S.A.,"Warszawa, mazowieckie",2026-07-08,,,,,False,onsite/unspecified,https://www.adzuna.pl/details/5792268139?utm_medium=api&utm_source=d69e57de,
adzuna_5905236029,adzuna,Senior Data Engineer with GCP and PowerBI (f/m/x),Data Engineer,Sii Sp. z o.o.,"Łódź, łódzkie",2026-10-01,,,,,False,onsite/unspecified,https://www.adzuna.pl/details/5905236029?utm_medium=api&utm_source=d69e57de,
adzuna_5905236034,adzuna,Senior Data Engineer with GCP and PowerBI (f/m/x),Data Engineer,Sii Sp. z o.o.,"Rzeszów, podkarpackie",2026-10-01,,,,,False,onsite/unspecified,https://www.adzuna.pl/details/5905236034?utm_medium=api&utm_source=d69e57de,
adzuna_5905236035,adzuna,Senior Data Engineer with GCP and PowerBI (f/m/x),Data Engineer,Sii Sp. z o.o.,"Białystok, podlaskie",2026-10-01,,,,,False,onsite/unspecified,https://www.adzuna.pl/details/5905236035?utm_medium=api&utm_source=d69e57de,
adzuna_5905236027,adzuna,Senior Data Engineer with GCP and PowerBI (f/m/x),Data Engineer,Sii Sp. z o.o.,"Lublin, lubelskie",2026-10-01,,,,,False,onsite/unspecified,https://www.adzuna.pl/details/5905236027?utm_medium=api&utm_source=d69e57de,
adzuna_5905236026,adzuna,Senior Data Engineer with GCP and PowerBI (f/m/x),Data Engineer,Sii Sp. z o.o.,"Wrocław, dolnośląskie",2026-10-01,,,,,False,onsite/unspecified,https://www.adzuna.pl/details/5905236026?utm_medium=api&utm_source=d69e57de,
adzuna_5905236036,adzuna,Senior Data Engineer with GCP and PowerBI (f/m/x),Data Engineer,Sii Sp. z o.o.,"Gdańsk, Trójmiasto",2026-10-01,,,,,False,onsite/unspecified,https://www.adzuna.pl/details/5905236036?utm_medium=api&utm_source=d69e57de,
adzuna_5905236039,adzuna,Senior Data Engineer with GCP and PowerBI (f/m/x),Data Engineer,Sii Sp. z o.o.,"Szczecin, zachodniopomorskie",2026-10-01,,,,,False,onsite/unspecified,https://www.adzuna.pl/details/5905236039?utm_medium=api&utm_source=d69e57de,
adzuna_5905236040,adzuna,Senior Data Engineer with GCP and PowerBI (f/m/x),Data Engineer,Sii Sp. z o.o.,"Piła, wielkopolskie",2026-10-01,,,,,False,onsite/unspecified,https://www.adzuna.pl/details/5905236040?utm_medium=api&utm_source=d69e57de,
adzuna_5905236037,adzuna,Senior Data Engineer with GCP and PowerBI (f/m/x),Data Engineer,Sii Sp. z o.o.,"Katowice, śląskie",2026-10-01,,,,,False,onsite/unspecified,https://www.adzuna.pl/details/5905236037?utm_medium=api&utm_source=d69e57de,
adzuna_5905236028,adzuna,Senior Data Engineer with GCP and PowerBI (f/m/x),Data Engineer,Sii Sp. z o.o.,"Toruń, kujawsko-pomorskie",2026-10-01,,,,,False,onsite/unspecified,https://www.adzuna.pl/details/5905236028?utm_medium=api&utm_source=d69e57de,
adzuna_5905236033,adzuna,Senior Data Engineer with GCP and PowerBI (f/m/x),Data Engineer,Sii Sp. z o.o.,"Warszawa, mazowieckie",2026-10-01,,,,,False,onsite/unspecified,https://www.adzuna.pl/details/5905236033?utm_medium=api&utm_source=d69e57de,
adzuna_5905236031,adzuna,Senior Data Engineer with GCP and PowerBI (f/m/x),Data Engineer,Sii Sp. z o.o.,"Bydgoszcz, kujawsko-pomorskie",2026-10-01,,,,,False,onsite/unspecified,https://www.adzuna.pl/details/5905236031?utm_medium=api&utm_source=d69e57de,
adzuna_5905236038,adzuna,Senior Data Engineer with GCP and PowerBI (f/m/x),Data Engineer,Sii Sp. z o.o.,"Poznań, wielkopolskie",2026-10-01,,,,,False,onsite/unspecified,https://www.adzuna.pl/details/5905236038?utm_medium=api&utm_source=d69e57de,
adzuna_5905236032,adzuna,Senior Data Engineer with GCP and PowerBI (f/m/x),Data Engineer,Sii Sp. z o.o.,"Kraków, małopolskie",2026-10-01,,,,,False,onsite/unspecified,https://www.adzuna.pl/details/5905236032?utm_medium=api&utm_source=d69e57de,
adzuna_5869310726,adzuna,"Senior Data Engineer (energy, JR633, JR634, JR669, JR737, JR738, JR804)",Data Engineer,Eleks,"Kraków, małopolskie",2026-09-03,full_time,,,,False,onsite/unspecified,https://www.adzuna.pl/details/5869310726?utm_medium=api&utm_source=d69e57de,
adzuna_5896531241,adzuna,Specjalista(-tka) ds. inżynierii analitycznej | Inżynier(-ka) analityki danych (Data Engineer),Data Engineer,FarmaProm Spółka z ograniczoną odpowiedzialnością,"Poznań, wielkopolskie",2026-09-24,,,,,False,onsite/unspecified,https://www.adzuna.pl/details/5896531241?utm_medium=api&utm_source=d69e57de,
adzuna_5636067287,adzuna,524 | Senior Data Support Engineer,Other,Intetics,Polska,2026-02-19,,,,,False,onsite/unspecified,https://www.adzuna.pl/details/5636067287?utm_medium=api&utm_source=d69e57de,
adzuna_5869810212,adzuna,Azure AI Architect @ Diverse CG Sp. z o.o. Sp.k.,Data Scientist,Diverse CG Sp. z o.o. Sp.k.,Polska,2026-09-04,full_time,,,,False,onsite/unspecified,https://www.adzuna.pl/land/ad/5869810212?se=JNLzqG--8RGWpIcaDn7MMA&utm_medium=api&utm_source=d69e57de&v=AFD4C03B0C35B2D1BA8EB6D18E26D850F9B27618,
adzuna_5814793247,adzuna,Data Tech Lead @ Group One,Other,Group One,"Warszawa, mazowieckie",2026-07-25,full_time,,,,False,onsite/unspecified,https://www.adzuna.pl/land/ad/5814793247?se=JNLzqG--8RGWpIcaDn7MMA&utm_medium=api&utm_source=d69e57de&v=C2180D082CB83F1E323E2202B75E7C138B4A3863,
adzuna_5845835185,adzuna,Solution Engineer (AI & Big Data) @ Addepto,Data Scientist,Addepto,Polska,2026-08-18,full_time,,21000.0,33000.0,False,onsite/unspecified,https://www.adzuna.pl/land/ad/5845835185?se=JNLzqG--8RGWpIcaDn7MMA&utm_medium=api&utm_source=d69e57de&v=C63EFE10A196463F33D04290C2FD65395D8B030B,27000.0
adzuna_5850362533,adzuna,Distributed Systems Engineer 4 - Data Platform Poland @ Netflix,Data Engineer,Netflix,"Warszawa, mazowieckie",2026-08-21,full_time,,,,False,onsite/unspecified,https://www.adzuna.pl/land/ad/5850362533?se=JNLzqG--8RGWpIcaDn7MMA&utm_medium=api&utm_source=d69e57de&v=3CE8F8987E565EA87079D9FF1FD7E86236D5E67D,
adzuna_5850362521,adzuna,Distributed Systems Engineer 5 - Data Platform Poland @ Netflix,Data Engineer,Netflix,"Warszawa, mazowieckie",2026-08-21,full_time,,,,False,onsite/unspecified,https://www.adzuna.pl/land/ad/5850362521?se=JNLzqG--8RGWpIcaDn7MMA&utm_medium=api&utm_source=d69e57de&v=8BEC338F7EB6DD9E8EAFC84B62CAE4018355A1E6,
adzuna_5823875196,adzuna,Mid Senior Cloud Data Engineer GCP Azure Snowflake BigQuery 100% Remote,Data Engineer,Datumo,"Warszawa, mazowieckie",2026-08-01,,,20000.0,30000.0,False,remote,https://www.adzuna.pl/details/5823875196?utm_medium=api&utm_source=d69e57de,25000.0
adzuna_5797915629,adzuna,Mid Senior Cloud Data Engineer GCP Azure Snowflake BigQuery 100% Remote,Data Engineer,Datumo,"Warszawa, mazowieckie",2026-07-12,,,20000.0,30000.0,False,remote,https://www.adzuna.pl/details/5797915629?utm_medium=api&utm_source=d69e57de,25000.0
adzuna_5893454766,adzuna,Microsoft Database Administrator @ Devire,Other,Devire,"Warszawa, mazowieckie",2026-09-22,full_time,,,,False,onsite/unspecified,https://www.adzuna.pl/land/ad/5893454766?se=JNLzqG--8RGWpIcaDn7MMA&utm_medium=api&utm_source=d69e57de&v=FBD056F1EEE977F0D59BCEE55AF7BF81BA34082B,
adzuna_5852206335,adzuna,Data Platform Engineer (Kafka/Streaming),Data Engineer,SQUARE ONE RESOURCES sp. z o.o.,"Warszawa, mazowieckie",2026-08-22,,,,,False,onsite/unspecified,https://www.adzuna.pl/details/5852206335?utm_medium=api&utm_source=d69e57de,
adzuna_5831914143,adzuna,Data Integration Engineer SnapLogic & Snowflake,Other,ITELENCE,"Warszawa, mazowieckie",2026-08-07,,,23520.0,26880.0,False,remote,https://www.adzuna.pl/details/5831914143?utm_medium=api&utm_source=d69e57de,25200.0
adzuna_5846619696,adzuna,Senior Data Platform Engineer Kafka,Data Engineer,Upvanta sp. z o.o.,"Wrocław, dolnośląskie",2026-08-18,,,23100.0,27300.0,False,onsite/unspecified,https://www.adzuna.pl/details/5846619696?utm_medium=api&utm_source=d69e57de,25200.0
adzuna_5388168153,adzuna,Data Solutions Engineer (rola projektowa),Other,PricewaterhouseCoopers,Polska,2025-09-07,full_time,,,,False,onsite/unspecified,https://www.adzuna.pl/details/5388168153?utm_medium=api&utm_source=d69e57de,
adzuna_5810817583,adzuna,Data Science Engineer AWS B2B,Data Scientist,Reply Polska Sp. z o.o.,"Katowice, śląskie",2026-07-22,,,18480.0,26880.0,False,onsite/unspecified,https://www.adzuna.pl/details/5810817583?utm_medium=api&utm_source=d69e57de,22680.0
adzuna_5872872981,adzuna,Senior AI Data Software Engineer,Data Engineer,EPAM Systems  sp. z o.o.,"Kraków, małopolskie",2026-09-06,,,,,False,onsite/unspecified,https://www.adzuna.pl/details/5872872981?utm_medium=api&utm_source=d69e57de,
adzuna_5872872972,adzuna,Lead AI Data Software Engineer,Data Engineer,EPAM Systems  sp. z o.o.,"Kraków, małopolskie",2026-09-06,,,,,False,onsite/unspecified,https://www.adzuna.pl/details/5872872972?utm_medium=api&utm_source=d69e57de,
adzuna_5790509943,adzuna,Senior AI Data Software Engineer,Data Engineer,EPAM Systems,"Warszawa, mazowieckie",2026-07-07,,,,,False,onsite/unspecified,https://www.adzuna.pl/details/5790509943?utm_medium=api&utm_source=d69e57de,
adzuna_5790509932,adzuna,Senior AI Data Software Engineer,Data Engineer,EPAM Systems,"Kraków, małopolskie",2026-07-07,,,,,False,onsite/unspecified,https://www.adzuna.pl/details/5790509932?utm_medium=api&utm_source=d69e57de,
adzuna_5790509942,adzuna,Lead AI Data Software Engineer,Data Engineer,EPAM Systems,"Katowice, śląskie",2026-07-07,,,,,False,onsite/unspecified,https://www.adzuna.pl/details/5790509942?utm_medium=api&utm_source=d69e57de,
adzuna_5790509924,adzuna,Senior AI Data Software Engineer,Data Engineer,EPAM Systems,"Poznań, wielkopolskie",2026-07-07,,,,,False,onsite/unspecified,https://www.adzuna.pl/details/5790509924?utm_medium=api&utm_source=d69e57de,
adzuna_5790509915,adzuna,Senior AI Data Software Engineer,Data Engineer,EPAM Systems,"Gdańsk, Trójmiasto",2026-07-07,,,,,False,onsite/unspecified,https://www.adzuna.pl/details/5790509915?utm_medium=api&utm_source=d69e57de,
adzuna_5790509937,adzuna,Lead AI Data Software Engineer,Data Engineer,EPAM Systems,"Kraków, małopolskie",2026-07-07,,,,,False,onsite/unspecified,https://www.adzuna.pl/details/5790509937?utm_medium=api&utm_source=d69e57de,
adzuna_5790509918,adzuna,Lead AI Data Software Engineer,Data Engineer,EPAM Systems,"Łódź, łódzkie",2026-07-07,,,,,False,onsite/unspecified,https://www.adzuna.pl/details/5790509918?utm_medium=api&utm_source=d69e57de,
adzuna_5790509923,adzuna,Senior AI Data Software Engineer,Data Engineer,EPAM Systems,"Wrocław, dolnośląskie",2026-07-07,,,,,False,onsite/unspecified,https://www.adzuna.pl/details/5790509923?utm_medium=api&utm_source=d69e57de,
adzuna_5790509926,adzuna,Lead AI Data Software Engineer,Data Engineer,EPAM Systems,"Wrocław, dolnośląskie",2026-07-07,,,,,False,onsite/unspecified,https://www.adzuna.pl/details/5790509926?utm_medium=api&utm_source=d69e57de,
adzuna_5790509933,adzuna,Lead AI Data Software Engineer,Data Engineer,EPAM Systems,"Poznań, wielkopolskie",2026-07-07,,,,,False,onsite/unspecified,https://www.adzuna.pl/details/5790509933?utm_medium=api&utm_source=d69e57de,
adzuna_5790509919,adzuna,Senior AI Data Software Engineer,Data Engineer,EPAM Systems,"Katowice, śląskie",2026-07-07,,,,,False,onsite/unspecified,https://www.adzuna.pl/details/5790509919?utm_medium=api&utm_source=d69e57de,
adzuna_5790509925,adzuna,Lead AI Data Software Engineer,Data Engineer,EPAM Systems,"Warszawa, mazowieckie",2026-07-07,,,,,False,onsite/unspecified,https://www.adzuna.pl/details/5790509925?utm_medium=api&utm_source=d69e57de,
adzuna_5790509934,adzuna,Senior AI Data Software Engineer,Data Engineer,EPAM Systems,"Łódź, łódzkie",2026-07-07,,,,,False,onsite/unspecified,https://www.adzuna.pl/details/5790509934?utm_medium=api&utm_source=d69e57de,
adzuna_5811518069,adzuna,DBA & Bulk Data Management Engineer,Other,Webbing,"Warszawa, mazowieckie",2026-07-23,,,,,False,onsite/unspecified,https://www.adzuna.pl/details/5811518069?utm_medium=api&utm_source=d69e57de,
adzuna_5891500285,adzuna,Principal Data Platform Engineer (Databricks),Data Engineer,IN4GE sp. z o.o.,"Warszawa, mazowieckie",2026-09-20,,,,,False,onsite/unspecified,https://www.adzuna.pl/details/5891500285?utm_medium=api&utm_source=d69e57de,
adzuna_5889647244,adzuna,Senior Cloud Data Platform Engineer,Data Engineer,CommIT,"Warszawa, mazowieckie",2026-09-18,full_time,,,,False,onsite/unspecified,https://www.adzuna.pl/details/5889647244?utm_medium=api&utm_source=d69e57de,
adzuna_5889647556,adzuna,Junior Python Data Platform Engineer,Data Engineer,Cisco,"Kraków, małopolskie",2026-09-18,full_time,,,,False,onsite/unspecified,https://www.adzuna.pl/details/5889647556?utm_medium=api&utm_source=d69e57de,
adzuna_5873241100,adzuna,Python Data Platform Engineer - splunk,Data Engineer,Cisco,"Kraków, małopolskie",2026-09-06,full_time,,,,False,onsite/unspecified,https://www.adzuna.pl/details/5873241100?utm_medium=api&utm_source=d69e57de,
adzuna_5832321314,adzuna,Lead Data Platform Engineer (Remote),Data Engineer,Xebia,Polska,2026-08-07,full_time,,30200.0,42000.0,False,remote,https://www.adzuna.pl/details/5832321314?utm_medium=api&utm_source=d69e57de,36100.0
adzuna_5872793087,adzuna,Python Data Platform Engineer - splunk,Data Engineer,Cisco,"Kraków, małopolskie",2026-09-06,,,,,False,onsite/unspecified,https://www.adzuna.pl/details/5872793087?utm_medium=api&utm_source=d69e57de,
adzuna_5825806537,adzuna,Data & Platform Engineer - Elasticsearch / Datadog,Other,Diebold Nixdorf,Polska,2026-08-02,full_time,,13000.0,13000.0,False,onsite/unspecified,https://www.adzuna.pl/details/5825806537?utm_medium=api&utm_source=d69e57de,13000.0
adzuna_5883917743,adzuna,Senior Data DevOps Engineer (Remote),Other,Appliscale,Polska,2026-09-14,full_time,,26000.0,28000.0,False,remote,https://www.adzuna.pl/details/5883917743?utm_medium=api&utm_source=d69e57de,27000.0
adzuna_5906436610,adzuna,AWS Data & Integration Engineer (Remote),Other,Infolet,Polska,2026-10-02,full_time,,25200.0,31900.0,False,remote,https://www.adzuna.pl/details/5906436610?utm_medium=api&utm_source=d69e57de,28550.0
adzuna_5898310243,adzuna,Senior Python Data Scraping Engineer (Freelance),Other,Mindrift,Polska,2026-09-25,part_time,,,,False,onsite/unspecified,https://www.adzuna.pl/details/5898310243?utm_medium=api&utm_source=d69e57de,
adzuna_5804136779,adzuna,Senior Software Engineer / Lead Software Engineer (Big Data) @ Antal,Data Engineer,Antal,"Kraków, małopolskie",2026-07-17,full_time,,,,False,onsite/unspecified,https://www.adzuna.pl/land/ad/5804136779?se=HAmmqW--8RGTrvtqlpq4qw&utm_medium=api&utm_source=d69e57de&v=B253CE703891CA4F5CCBEBF5C6FF9D25FDF6E94C,
adzuna_5850362613,adzuna,Senior Software Engineer / Lead Software Engineer (Big Data) @ Antal,Data Engineer,Antal,"Kraków, małopolskie",2026-08-21,full_time,,,,False,onsite/unspecified,https://www.adzuna.pl/land/ad/5850362613?se=HAmmqW--8RGTrvtqlpq4qw&utm_medium=api&utm_source=d69e57de&v=B488FCBD2AED9A8FE04C82FEB61BE353CC2CFDB2,
adzuna_5891501533,adzuna,Senior Data Engineer in Default Management in SD High Risk and SD C&I,Data Engineer,NORDEA Bank Abp SA Oddział w Polsce,"Gdańsk, Trójmiasto",2026-09-20,,,,,False,onsite/unspecified,https://www.adzuna.pl/details/5891501533?utm_medium=api&utm_source=d69e57de,
adzuna_5894947505,adzuna,Data Governance Engineer (with GCP/BQ),Other,YOUR ITEAMS sp. z o.o.,"Warszawa, mazowieckie",2026-09-23,,,,,False,onsite/unspecified,https://www.adzuna.pl/details/5894947505?utm_medium=api&utm_source=d69e57de,
adzuna_5833388526,adzuna,AI & Data Science Engineer m w d,Data Scientist,emagine Polska,Polska,2026-08-08,,,,,False,onsite/unspecified,https://www.adzuna.pl/details/5833388526?utm_medium=api&utm_source=d69e57de,
adzuna_5882400790,adzuna,Cloud Data Platform Engineer – GCP & DevOps,Data Engineer,ITDS Polska Sp. z o.o.,"Kraków, małopolskie",2026-09-13,,,,,False,hybrid,https://www.adzuna.pl/details/5882400790?utm_medium=api&utm_source=d69e57de,
adzuna_5894305885,adzuna,Data Platform Engineer (K/M/N),Data Engineer,Brunata ZENNER Sp. z o.o.,"Gdańsk, Trójmiasto",2026-09-22,,,,,False,onsite/unspecified,https://www.adzuna.pl/details/5894305885?utm_medium=api&utm_source=d69e57de,
adzuna_5857133583,adzuna,Data Platform Engineer (Kafka & Event Streaming),Data Engineer,Mindboxgroup,Polska,2026-08-26,,,,,False,hybrid,https://www.adzuna.pl/details/5857133583?utm_medium=api&utm_source=d69e57de,
adzuna_5888793850,adzuna,Junior Python Data Platform Engineer - splunk,Data Engineer,Cisco,"Kraków, małopolskie",2026-09-18,,,,,False,onsite/unspecified,https://www.adzuna.pl/details/5888793850?utm_medium=api&utm_source=d69e57de,
adzuna_5871006321,adzuna,Principal Data Platform Engineer (Swedish Ad Platform),Data Engineer,Sigma Software,Polska,2026-09-04,,,,,False,onsite/unspecified,https://www.adzuna.pl/details/5871006321?utm_medium=api&utm_source=d69e57de,
adzuna_5714996641,adzuna,Senior Snowflake Engineer/Architect with Data Security @ Spyrosoft,Other,Spyrosoft,Polska,2026-05-01,full_time,,,,False,onsite/unspecified,https://www.adzuna.pl/land/ad/5714996641?se=HAmmqW--8RGTrvtqlpq4qw&utm_medium=api&utm_source=d69e57de&v=D05D23CF3E25176DF7E4E4FC4583BD08E503C70C,
adzuna_5643007854,adzuna,Dataflow Engineer @ Mindbox Sp. z o.o.,Other,Mindbox Sp. z o.o.,"Kraków, małopolskie",2026-02-24,full_time,,,,False,onsite/unspecified,https://www.adzuna.pl/land/ad/5643007854?se=HAmmqW--8RGTrvtqlpq4qw&utm_medium=api&utm_source=d69e57de&v=6BF97280FFBE8CA94BE1B6F5412F3349E1491295,
adzuna_5774809525,adzuna,Senior Databricks Engineer,Data Engineer,Entrada AI,"Kraków, małopolskie",2026-06-24,,,26880.0,35280.0,False,remote,https://www.adzuna.pl/land/ad/5774809525?se=HAmmqW--8RGTrvtqlpq4qw&utm_medium=api&utm_source=d69e57de&v=94DC15F3DD3495504D261AB86BA1C1B5B95A90C5,31080.0
adzuna_5889647054,adzuna,Data Test Automation Engineer,Other,Beinit,Polska,2026-09-18,,,,,False,onsite/unspecified,https://www.adzuna.pl/details/5889647054?utm_medium=api&utm_source=d69e57de,
adzuna_5835779150,adzuna,AI Engineer - Data & Analytics,ML Engineer,Tango,"Raszyn, mazowieckie",2026-08-10,full_time,,,,False,onsite/unspecified,https://www.adzuna.pl/details/5835779150?utm_medium=api&utm_source=d69e57de,
adzuna_5894946727,adzuna,Data Test Automation Engineer,Other,Cyclad,"Wrocław, dolnośląskie",2026-09-23,,,,,False,onsite/unspecified,https://www.adzuna.pl/details/5894946727?utm_medium=api&utm_source=d69e57de,
adzuna_5906149597,adzuna,Data Test Automation Engineer,Other,In4Ge,Polska,2026-10-01,,,,,False,onsite/unspecified,https://www.adzuna.pl/details/5906149597?utm_medium=api&utm_source=d69e57de,
adzuna_5885832335,adzuna,Data Test Automation Engineer,Other,Cyclad,"Wrocław, dolnośląskie",2026-09-16,,,,,False,hybrid,https://www.adzuna.pl/details/5885832335?utm_medium=api&utm_source=d69e57de,
adzuna_5905235396,adzuna,Data Test Automation Engineer,Other,IN4GE sp. z o.o.,"Poznań, wielkopolskie",2026-10-01,,,,,False,onsite/unspecified,https://www.adzuna.pl/details/5905235396?utm_medium=api&utm_source=d69e57de,
adzuna_5905235395,adzuna,Data Test Automation Engineer,Other,IN4GE sp. z o.o.,"Wrocław, dolnośląskie",2026-10-01,,,,,False,onsite/unspecified,https://www.adzuna.pl/details/5905235395?utm_medium=api&utm_source=d69e57de,
adzuna_5830747512,adzuna,Data Integration & Systems Engineer,Other,Professionals Group,"Warszawa, mazowieckie",2026-08-06,,,,,False,hybrid,https://www.adzuna.pl/details/5830747512?utm_medium=api&utm_source=d69e57de,
adzuna_5891498740,adzuna,Data Scientist / ML Engineer,ML Engineer,Addepto,"Warszawa, mazowieckie",2026-09-20,,,,,False,onsite/unspecified,https://www.adzuna.pl/details/5891498740?utm_medium=api&utm_source=d69e57de,
adzuna_5872873549,adzuna,Data Scientist / ML Engineer,ML Engineer,Addepto,"Białystok, podlaskie",2026-09-06,,,,,False,onsite/unspecified,https://www.adzuna.pl/details/5872873549?utm_medium=api&utm_source=d69e57de,
adzuna_5894305816,adzuna,Data Scientist / ML Engineer,ML Engineer,Addepto,"Kraków, małopolskie",2026-09-22,,,,,False,onsite/unspecified,https://www.adzuna.pl/details/5894305816?utm_medium=api&utm_source=d69e57de,
adzuna_5893118492,adzuna,Data Scientist / ML Engineer,ML Engineer,Addepto,"Poznań, wielkopolskie",2026-09-21,,,,,False,onsite/unspecified,https://www.adzuna.pl/details/5893118492?utm_medium=api&utm_source=d69e57de,
adzuna_5894305817,adzuna,Data Scientist / ML Engineer,ML Engineer,Addepto,"Katowice, śląskie",2026-09-22,,,,,False,onsite/unspecified,https://www.adzuna.pl/details/5894305817?utm_medium=api&utm_source=d69e57de,
adzuna_5893118489,adzuna,Data Scientist / ML Engineer,ML Engineer,Addepto,"Gdańsk, Trójmiasto",2026-09-21,,,,,False,onsite/unspecified,https://www.adzuna.pl/details/5893118489?utm_medium=api&utm_source=d69e57de,
adzuna_5732662937,adzuna,Data Center Shift Engineer,Other,Salute,"Warszawa, mazowieckie",2026-05-17,full_time,,,,False,onsite/unspecified,https://www.adzuna.pl/details/5732662937?utm_medium=api&utm_source=d69e57de,
adzuna_5678479836,adzuna,Data Governance & Metadata Engineer,Data Engineer,Euroclear,"Kraków, małopolskie",2026-03-25,,,,,False,onsite/unspecified,https://www.adzuna.pl/details/5678479836?utm_medium=api&utm_source=d69e57de,
adzuna_5842027982,adzuna,Mulesoft Engineer (Data Center),Other,Coherent Solutions,Polska,2026-08-14,,,,,False,onsite/unspecified,https://www.adzuna.pl/details/5842027982?utm_medium=api&utm_source=d69e57de,
adzuna_5871029989,adzuna,"Software Engineer, Data Infrastructure",Other,Asana,Polska,2026-09-04,full_time,,25000.0,28900.0,False,onsite/unspecified,https://www.adzuna.pl/details/5871029989?utm_medium=api&utm_source=d69e57de,26950.0
adzuna_5829010794,adzuna,Data Governance & Metadata Engineer,Data Engineer,Euroclear,"Kraków, małopolskie",2026-08-05,,,,,False,onsite/unspecified,https://www.adzuna.pl/details/5829010794?utm_medium=api&utm_source=d69e57de,
adzuna_5888928222,adzuna,Senior Cloud Data Security Engineer – Infrastructure & Automation,Other,ITDS Polska Sp. z o.o.,"Kraków, małopolskie",2026-09-18,,,,,False,onsite/unspecified,https://www.adzuna.pl/details/5888928222?utm_medium=api&utm_source=d69e57de,
adzuna_5880763099,adzuna,Lead Data Platform Engineer – Apache Iceberg & PySpark,Data Engineer,ITDS Polska Sp. z o.o.,"Kraków, małopolskie",2026-09-12,,,,,False,onsite/unspecified,https://www.adzuna.pl/details/5880763099?utm_medium=api&utm_source=d69e57de,
adzuna_5879137056,adzuna,Starsza Ekspertka / Starszy Ekspert w Zespole Digitalizacji i Sztucznej Inteligencji @ PGE Polska Grupa Energetyczna S.A.,Other,PGE Polska Grupa Energetyczna S.A.,"Warszawa, mazowieckie",2026-09-11,full_time,,,,False,onsite/unspecified,https://www.adzuna.pl/land/ad/5879137056?se=HAmmqW--8RGTrvtqlpq4qw&utm_medium=api&utm_source=d69e57de&v=50E8865D3E51F1EE92FF6BEADF715DB9482DF182,
adzuna_5867274702,adzuna,"Senior Data Product Engineer, Intelligent Platforms (all genders)",Other,HelloFresh,Polska,2026-09-02,,,,,False,onsite/unspecified,https://www.adzuna.pl/details/5867274702?utm_medium=api&utm_source=d69e57de,
adzuna_5872872795,adzuna,"Senior / Lead Data Software Engineer (Python, Spark, Azure)",Data Engineer,EPAM Systems  sp. z o.o.,"Wrocław, dolnośląskie",2026-09-06,,,,,False,onsite/unspecified,https://www.adzuna.pl/details/5872872795?utm_medium=api&utm_source=d69e57de,
adzuna_5770108617,adzuna,Senior Lead Data Software Engineer Python Spark Azure,Data Engineer,EPAM Systems,"Wrocław, dolnośląskie",2026-06-20,,,,,False,onsite/unspecified,https://www.adzuna.pl/details/5770108617?utm_medium=api&utm_source=d69e57de,
adzuna_5770108566,adzuna,Senior Lead Data Software Engineer Python Spark Azure,Data Engineer,EPAM Systems,"Kraków, małopolskie",2026-06-20,,,,,False,onsite/unspecified,https://www.adzuna.pl/details/5770108566?utm_medium=api&utm_source=d69e57de,
adzuna_5801917820,adzuna,Data & AI Engineer Full Stack Developer with Italian,ML Engineer,DXC Technology,Polska,2026-07-16,full_time,,,,False,onsite/unspecified,https://www.adzuna.pl/details/5801917820?utm_medium=api&utm_source=d69e57de,
adzuna_5790509863,adzuna,Senior Data Solutions Engineer SQL & Python for banking,Other,emagine Polska,"Warszawa, mazowieckie",2026-07-07,,,25200.0,27720.0,False,hybrid,https://www.adzuna.pl/details/5790509863?utm_medium=api&utm_source=d69e57de,26460.0
adzuna_5887339151,adzuna,Senior Data Mesh Platforms Engineer,Other,NORDEA Bank Abp SA Oddział w Polsce,"Gdańsk, Trójmiasto",2026-09-17,,,,,False,onsite/unspecified,https://www.adzuna.pl/details/5887339151?utm_medium=api&utm_source=d69e57de,
adzuna_5895445801,adzuna,MLOps/AI Engineer/ Data Scientist,ML Engineer,Capco,"Kraków, małopolskie",2026-09-23,,,,,False,onsite/unspecified,https://www.adzuna.pl/details/5895445801?utm_medium=api&utm_source=d69e57de,
adzuna_5898610337,adzuna,Expert Data Processing Software Engineer,Other,Aptiv,Polska,2026-09-25,full_time,,,,False,onsite/unspecified,https://www.adzuna.pl/details/5898610337?utm_medium=api&utm_source=d69e57de,
adzuna_5880761907,adzuna,Senior Data Scientist / ML Engineer,ML Engineer,Addepto,"Poznań, wielkopolskie",2026-09-12,,,,,False,onsite/unspecified,https://www.adzuna.pl/details/5880761907?utm_medium=api&utm_source=d69e57de,
adzuna_5880761905,adzuna,Senior Data Scientist / ML Engineer,ML Engineer,Addepto,"Wrocław, dolnośląskie",2026-09-12,,,,,False,onsite/unspecified,https://www.adzuna.pl/details/5880761905?utm_medium=api&utm_source=d69e57de,
adzuna_5891501705,adzuna,Senior Data Scientist / ML Engineer,ML Engineer,Addepto,"Katowice, śląskie",2026-09-20,,,,,False,onsite/unspecified,https://www.adzuna.pl/details/5891501705?utm_medium=api&utm_source=d69e57de,
adzuna_5892032542,adzuna,Lead Data Scientist / ML Engineer,ML Engineer,Addepto,"Warszawa, mazowieckie",2026-09-20,,,,,False,onsite/unspecified,https://www.adzuna.pl/details/5892032542?utm_medium=api&utm_source=d69e57de,
adzuna_5892032545,adzuna,Lead Data Scientist / ML Engineer,ML Engineer,Addepto,"Gdańsk, Trójmiasto",2026-09-20,,,,,False,onsite/unspecified,https://www.adzuna.pl/details/5892032545?utm_medium=api&utm_source=d69e57de,
adzuna_5891501717,adzuna,Senior Data Scientist / ML Engineer,ML Engineer,Addepto,"Warszawa, mazowieckie",2026-09-20,,,,,False,onsite/unspecified,https://www.adzuna.pl/details/5891501717?utm_medium=api&utm_source=d69e57de,
adzuna_5872873531,adzuna,Lead Data Scientist / ML Engineer,ML Engineer,Addepto,"Wrocław, dolnośląskie",2026-09-06,,,,,False,onsite/unspecified,https://www.adzuna.pl/details/5872873531?utm_medium=api&utm_source=d69e57de,
adzuna_5880761904,adzuna,Senior Data Scientist / ML Engineer,ML Engineer,Addepto,"Gdańsk, Trójmiasto",2026-09-12,,,,,False,onsite/unspecified,https://www.adzuna.pl/details/5880761904?utm_medium=api&utm_source=d69e57de,
adzuna_5880761903,adzuna,Senior Data Scientist / ML Engineer,ML Engineer,Addepto,"Kraków, małopolskie",2026-09-12,,,,,False,onsite/unspecified,https://www.adzuna.pl/details/5880761903?utm_medium=api&utm_source=d69e57de,
adzuna_5891498756,adzuna,Lead Data Scientist / ML Engineer,ML Engineer,Addepto,"Poznań, wielkopolskie",2026-09-20,,,,,False,onsite/unspecified,https://www.adzuna.pl/details/5891498756?utm_medium=api&utm_source=d69e57de,
adzuna_5892032533,adzuna,Lead Data Scientist / ML Engineer,ML Engineer,Addepto,"Katowice, śląskie",2026-09-20,,,,,False,onsite/unspecified,https://www.adzuna.pl/details/5892032533?utm_medium=api&utm_source=d69e57de,
adzuna_5892032544,adzuna,Lead Data Scientist / ML Engineer,ML Engineer,Addepto,"Kraków, małopolskie",2026-09-20,,,,,False,onsite/unspecified,https://www.adzuna.pl/details/5892032544?utm_medium=api&utm_source=d69e57de,
adzuna_5891501328,adzuna,Azure Databricks Engineer (Data & AI),Data Engineer,Atos Poland Global Services Sp. z o.o.,"Wrocław, dolnośląskie",2026-09-20,,,,,False,onsite/unspecified,https://www.adzuna.pl/details/5891501328?utm_medium=api&utm_source=d69e57de,
adzuna_5882800210,adzuna,Middleware Engineer – Data Center Migration,Other,CGI,"Warszawa, mazowieckie",2026-09-13,full_time,,6000.0,6000.0,False,remote,https://www.adzuna.pl/details/5882800210?utm_medium=api&utm_source=d69e57de,6000.0
adzuna_5904129063,adzuna,"Cybersecurity Engineer, Data & AI SME",Data Scientist,GSK,Polska,2026-09-30,full_time,,,,False,onsite/unspecified,https://www.adzuna.pl/details/5904129063?utm_medium=api&utm_source=d69e57de,
adzuna_5791659552,adzuna,Senior Software Engineer - Engineering Productivity @ Starburst Data Polska,Other,Starburst Data Polska,"Warszawa, mazowieckie",2026-07-08,full_time,,30000.0,37000.0,False,onsite/unspecified,https://www.adzuna.pl/land/ad/5791659552?se=9DiTqm--8RG0RdnJYGRL3A&utm_medium=api&utm_source=d69e57de&v=3B52B809672B7F27F0644A31E6C67DE6A7A37D8E,33500.0
adzuna_5881185454,adzuna,Site Reliability Engineer – Data & AI,Data Scientist,P&G,Polska,2026-09-12,full_time,,,,False,onsite/unspecified,https://www.adzuna.pl/details/5881185454?utm_medium=api&utm_source=d69e57de,
adzuna_5900787898,adzuna,"Senior Software Engineer, Data Foundations",Other,Box,"Warszawa, mazowieckie",2026-09-27,,,,,False,onsite/unspecified,https://www.adzuna.pl/details/5900787898?utm_medium=api&utm_source=d69e57de,
adzuna_5880679757,adzuna,Site Reliability Engineer - Data & AI,Data Scientist,Procter & Gamble,"Warszawa, mazowieckie",2026-09-12,,,,,False,onsite/unspecified,https://www.adzuna.pl/details/5880679757?utm_medium=api&utm_source=d69e57de,
adzuna_5808076064,adzuna,Senior Software Engineer Data Platform,Data Engineer,The Stepstone Group Polska,"Warszawa, mazowieckie",2026-07-20,,,,,False,onsite/unspecified,https://www.adzuna.pl/details/5808076064?utm_medium=api&utm_source=d69e57de,
adzuna_5871674478,adzuna,Data Contracts Engineer - Customer Value and Digital Engagement Department,Other,T-Mobile,"Warszawa, mazowieckie",2026-09-05,,,,,False,onsite/unspecified,https://www.adzuna.pl/details/5871674478?utm_medium=api&utm_source=d69e57de,
adzuna_5754867327,adzuna,"Senior Data Product Engineer, Marketing Customer Profile (all genders)",Other,HelloFresh,Polska,2026-06-07,,,,,False,onsite/unspecified,https://www.adzuna.pl/details/5754867327?utm_medium=api&utm_source=d69e57de,
adzuna_5856829784,adzuna,Senior Data & Document Ingestion Engineer (OCR / RAG),Other,Gramian Consulting Group,Polska,2026-08-26,,,,,False,onsite/unspecified,https://www.adzuna.pl/details/5856829784?utm_medium=api&utm_source=d69e57de,
adzuna_5908180868,adzuna,"Senior Backend Engineer - Data Core (remote, Europe)",Other,Modash,Polska,2026-10-02,full_time,,,,False,remote,https://www.adzuna.pl/details/5908180868?utm_medium=api&utm_source=d69e57de,
adzuna_5908180869,adzuna,"Senior Software Engineer - Data Search (remote, Europe)",Other,Modash,Polska,2026-10-02,full_time,,,,False,remote,https://www.adzuna.pl/details/5908180869?utm_medium=api&utm_source=d69e57de,
adzuna_5810004131,adzuna,Graph Engineer (AI&Data),Data Scientist,Accenture,Polska,2026-07-22,full_time,,,,False,onsite/unspecified,https://www.adzuna.pl/details/5810004131?utm_medium=api&utm_source=d69e57de,
adzuna_5810818310,adzuna,Graph Engineer AI&Data,Data Scientist,Accenture,"Warszawa, mazowieckie",2026-07-22,,,,,False,onsite/unspecified,https://www.adzuna.pl/details/5810818310?utm_medium=api&utm_source=d69e57de,
adzuna_5849555469,adzuna,Senior Software Engineer – Data Platforms & AI,Data Engineer,Harvey Nash Technology,"Warszawa, mazowieckie",2026-08-20,,,26880.0,33600.0,False,hybrid,https://www.adzuna.pl/details/5849555469?utm_medium=api&utm_source=d69e57de,30240.0
adzuna_5858014543,adzuna,Senior Python Backend Engineer – Data / GCP,Other,SQUARE ONE RESOURCES sp. z o.o.,"Warszawa, mazowieckie",2026-08-27,,,,,False,onsite/unspecified,https://www.adzuna.pl/details/5858014543?utm_medium=api&utm_source=d69e57de,
adzuna_5900450042,adzuna,Senior Data Platform & NLP Engineer (migrations),Data Engineer,ALTEN Polska,"Kraków, małopolskie",2026-09-27,,,,,False,onsite/unspecified,https://www.adzuna.pl/details/5900450042?utm_medium=api&utm_source=d69e57de,
adzuna_5900789970,adzuna,Data Center Operations Engineer (DCOE) Poland,Other,Data4,"Ożarów Mazowiecki, mazowieckie",2026-09-27,full_time,,,,False,onsite/unspecified,https://www.adzuna.pl/details/5900789970?utm_medium=api&utm_source=d69e57de,
adzuna_5780598519,adzuna,Senior Software Engineer — Data Modeling (Europe),Data Engineer,Backstory,Polska,2026-06-29,,,,,False,onsite/unspecified,https://www.adzuna.pl/details/5780598519?utm_medium=api&utm_source=d69e57de,
adzuna_5789438604,adzuna,"Platform Customer Success Engineer, Data & AI",Data Scientist,P&G,Polska,2026-07-06,full_time,,,,False,onsite/unspecified,https://www.adzuna.pl/details/5789438604?utm_medium=api&utm_source=d69e57de,
adzuna_5897132124,adzuna,Senior Golang Software Engineer (Data & Infrastructure),Other,Invia CEE x Travelplanet.pl x Wakacje.pl,Polska,2026-09-24,,,,,False,onsite/unspecified,https://www.adzuna.pl/details/5897132124?utm_medium=api&utm_source=d69e57de,
adzuna_5898610909,adzuna,Data Processing Software Engineer (Support & Development),Other,Aptiv,Polska,2026-09-25,full_time,,,,False,onsite/unspecified,https://www.adzuna.pl/details/5898610909?utm_medium=api&utm_source=d69e57de,
adzuna_5779853156,adzuna,"Platform Customer Success Engineer, Data & AI",Data Scientist,Procter & Gamble,"Warszawa, mazowieckie",2026-06-28,,,,,False,onsite/unspecified,https://www.adzuna.pl/details/5779853156?utm_medium=api&utm_source=d69e57de,
adzuna_5804815852,adzuna,Platform Customer Success Engineer Data & AI,Data Scientist,Procter & Gamble,"Warszawa, mazowieckie",2026-07-17,,,,,False,onsite/unspecified,https://www.adzuna.pl/details/5804815852?utm_medium=api&utm_source=d69e57de,
adzuna_5809265692,adzuna,AI Privacy Engineer Data Protection Coordinator,Data Scientist,emagine Polska,Polska,2026-07-21,,,,,False,onsite/unspecified,https://www.adzuna.pl/details/5809265692?utm_medium=api&utm_source=d69e57de,
adzuna_5829291318,adzuna,Senior Data / Power BI Engineer | KD Pharma,BI Developer,Offshore Software Development and Product Studio,Polska,2026-08-05,,,,,False,onsite/unspecified,https://www.adzuna.pl/details/5829291318?utm_medium=api&utm_source=d69e57de,
adzuna_5890333058,adzuna,Machine Learning Engineer / Data Scientist – Geospatial Data,ML Engineer,SQUARE ONE RESOURCES sp. z o.o.,"Warszawa, mazowieckie",2026-09-19,,,,,False,onsite/unspecified,https://www.adzuna.pl/details/5890333058?utm_medium=api&utm_source=d69e57de,
adzuna_5821043627,adzuna,Senior DLP Engineer- Data Protection Solution Owner,Other,Bayer Sp. z o.o.,"Warszawa, mazowieckie",2026-07-30,,,20240.0,25300.0,False,onsite/unspecified,https://www.adzuna.pl/details/5821043627?utm_medium=api&utm_source=d69e57de,22770.0
adzuna_5876874859,adzuna,Senior Software Engineer (Data) | f/m/d,Data Engineer,ERGO Technology & Services S.A.,"Warszawa, mazowieckie",2026-09-09,,,,,False,onsite/unspecified,https://www.adzuna.pl/details/5876874859?utm_medium=api&utm_source=d69e57de,
adzuna_5876874860,adzuna,Senior Software Engineer (Data) | f/m/d,Data Engineer,ERGO Technology & Services S.A.,"Gdańsk, Trójmiasto",2026-09-09,,,,,False,onsite/unspecified,https://www.adzuna.pl/details/5876874860?utm_medium=api&utm_source=d69e57de,
adzuna_5882799673,adzuna,Data Scientist / AI Engineer – Generative AI / GCP,ML Engineer,In4Ge,Polska,2026-09-13,,,,,False,onsite/unspecified,https://www.adzuna.pl/details/5882799673?utm_medium=api&utm_source=d69e57de,
adzuna_5799902506,adzuna,Cloud Azure DevOps Engineer – Data Platform bankowość,Data Engineer,emagine Polska,"Warszawa, mazowieckie",2026-07-14,,,21840.0,23520.0,False,hybrid,https://www.adzuna.pl/details/5799902506?utm_medium=api&utm_source=d69e57de,22680.0
adzuna_5469838063,adzuna,Data and AI Solutions Engineer,Data Scientist,EY,"Warszawa, mazowieckie",2025-10-29,,,,,False,onsite/unspecified,https://www.adzuna.pl/details/5469838063?utm_medium=api&utm_source=d69e57de,
adzuna_5461263420,adzuna,Data and AI DevOps Engineer,Data Scientist,EY,"Warszawa, mazowieckie",2025-10-23,,,,,False,onsite/unspecified,https://www.adzuna.pl/details/5461263420?utm_medium=api&utm_source=d69e57de,
adzuna_5855309619,adzuna,Platform Engineer Analytics Data & AI,Data Scientist,ISS World Services A/S,"Warszawa, mazowieckie",2026-08-25,,,,,False,onsite/unspecified,https://www.adzuna.pl/details/5855309619?utm_medium=api&utm_source=d69e57de,
adzuna_5899905002,adzuna,Junior GenAI Engineer (AI&Data),Data Scientist,Accenture,Polska,2026-09-26,full_time,,,,False,onsite/unspecified,https://www.adzuna.pl/details/5899905002?utm_medium=api&utm_source=d69e57de,
adzuna_5744997855,adzuna,Data/Information Architect,Other,Billennium,Polska,2026-05-29,,,,,False,onsite/unspecified,https://www.adzuna.pl/details/5744997855?utm_medium=api&utm_source=d69e57de,
adzuna_5821043139,adzuna,Data Processing Systems Expert m f,Other,Medicover,"Kraków, małopolskie",2026-07-30,,,,,False,remote,https://www.adzuna.pl/details/5821043139?utm_medium=api&utm_source=d69e57de,
adzuna_5893438689,adzuna,Platform Engineer,Other,RED Global,Polska,2026-09-22,full_time,,,,False,remote,https://www.adzuna.pl/details/5893438689?utm_medium=api&utm_source=d69e57de,
adzuna_5859471081,adzuna,"Senior Security Software Engineer - Data, Assistant Vice President",Other,STATE STREET BANK INTERNATIONAL GMBH,"Kraków, małopolskie",2026-08-28,,,,,False,onsite/unspecified,https://www.adzuna.pl/details/5859471081?utm_medium=api&utm_source=d69e57de,
adzuna_5881188848,adzuna,Data and AI Engineer - RDT Pharma R&D,ML Engineer,Roche,Polska,2026-09-12,full_time,,,,False,onsite/unspecified,https://www.adzuna.pl/details/5881188848?utm_medium=api&utm_source=d69e57de,
adzuna_5880679649,adzuna,Data and AI Engineer - RDT Pharma R&D,ML Engineer,Roche,"Warszawa, mazowieckie",2026-09-12,,,,,False,onsite/unspecified,https://www.adzuna.pl/details/5880679649?utm_medium=api&utm_source=d69e57de,
adzuna_5906151966,adzuna,Data & AI Engineer with MS Fabric or Databricks - Junior/Mid/Senior - ICH Europe,ML Engineer,Accenture,Polska,2026-10-01,full_time,,,,False,onsite/unspecified,https://www.adzuna.pl/details/5906151966?utm_medium=api&utm_source=d69e57de,
adzuna_5900450071,adzuna,Senior Network Engineer - CCIE Data Center,Other,BCF Software Sp. z o.o.,"Warszawa, mazowieckie",2026-09-27,,,,,False,onsite/unspecified,https://www.adzuna.pl/details/5900450071?utm_medium=api&utm_source=d69e57de,
adzuna_5852206864,adzuna,IT Semantic Engineer - RDT Data Platforms,Data Engineer,Roche Polska Sp. z o.o.,"Poznań, wielkopolskie",2026-08-22,,,,,False,onsite/unspecified,https://www.adzuna.pl/details/5852206864?utm_medium=api&utm_source=d69e57de,
adzuna_5852206824,adzuna,IT Semantic Engineer - RDT Data Platforms,Data Engineer,Roche Polska Sp. z o.o.,"Warszawa, mazowieckie",2026-08-22,,,,,False,onsite/unspecified,https://www.adzuna.pl/details/5852206824?utm_medium=api&utm_source=d69e57de,
adzuna_5824229240,adzuna,IT Semantic Engineer - RDT Data Platforms,Data Engineer,Roche,Polska,2026-08-01,full_time,,,,False,onsite/unspecified,https://www.adzuna.pl/details/5824229240?utm_medium=api&utm_source=d69e57de,
adzuna_5823380550,adzuna,IT Semantic Engineer - RDT Data Platforms,Data Engineer,Roche,"Warszawa, mazowieckie",2026-08-01,,,,,False,onsite/unspecified,https://www.adzuna.pl/details/5823380550?utm_medium=api&utm_source=d69e57de,
adzuna_5899446213,adzuna,Senior Software Engineer II - Data Platform,Data Engineer,The Stepstone Group Polska sp. z o.o.,"Warszawa, mazowieckie",2026-09-26,,,,,False,onsite/unspecified,https://www.adzuna.pl/details/5899446213?utm_medium=api&utm_source=d69e57de,
adzuna_5823380537,adzuna,IT Semantic Engineer - RDT Data Platforms,Data Engineer,Roche,"Poznań, wielkopolskie",2026-08-01,,,,,False,onsite/unspecified,https://www.adzuna.pl/details/5823380537?utm_medium=api&utm_source=d69e57de,
adzuna_5881189729,adzuna,"MCIP Data Analytics, Tools, Process Engineer",Data Analyst,Aptiv,Polska,2026-09-12,full_time,,,,False,onsite/unspecified,https://www.adzuna.pl/details/5881189729?utm_medium=api&utm_source=d69e57de,
adzuna_5871030090,adzuna,Senior Software Engineer (AWS & Data) (Remote),Other,CYCLAD,Polska,2026-09-04,full_time,,21800.0,25200.0,False,remote,https://www.adzuna.pl/details/5871030090?utm_medium=api&utm_source=d69e57de,23500.0
adzuna_5808076070,adzuna,Senior Software Engineer II Data Platform,Data Engineer,The Stepstone Group Polska,"Warszawa, mazowieckie",2026-07-20,,,,,False,onsite/unspecified,https://www.adzuna.pl/details/5808076070?utm_medium=api&utm_source=d69e57de,
adzuna_5872873210,adzuna,"AI Gateway Engineer, Data Mesh and AI Platforms team",Data Scientist,NORDEA Bank Abp SA Oddział w Polsce,"Gdańsk, Trójmiasto",2026-09-06,,,,,False,onsite/unspecified,https://www.adzuna.pl/details/5872873210?utm_medium=api&utm_source=d69e57de,
adzuna_5872873353,adzuna,"Azure Cloud Engineer, Data Mesh and AI Platforms team",Data Scientist,NORDEA Bank Abp SA Oddział w Polsce,"Gdańsk, Trójmiasto",2026-09-06,,,,,False,onsite/unspecified,https://www.adzuna.pl/details/5872873353?utm_medium=api&utm_source=d69e57de,
adzuna_5872873283,adzuna,"GCP Cloud Engineer, Data Mesh and AI Platforms team",Data Scientist,NORDEA Bank Abp SA Oddział w Polsce,"Gdańsk, Trójmiasto",2026-09-06,,,,,False,onsite/unspecified,https://www.adzuna.pl/details/5872873283?utm_medium=api&utm_source=d69e57de,
adzuna_5900449374,adzuna,Senior Cloud Engineer (Data Platforms & Optimization) (m/f/d),Data Engineer,Commerzbank AG,"Łódź, łódzkie",2026-09-27,,,,,False,onsite/unspecified,https://www.adzuna.pl/details/5900449374?utm_medium=api&utm_source=d69e57de,
adzuna_5898746693,adzuna,AWS Data Lakehouse Developer,Other,H2B Group,Polska,2026-09-25,full_time,,3200.0,4200.0,False,onsite/unspecified,https://www.adzuna.pl/details/5898746693?utm_medium=api&utm_source=d69e57de,3700.0
adzuna_5906151687,adzuna,GenAI Engineer (Mid) (AI&Data),Data Scientist,Accenture,Polska,2026-10-01,full_time,,,,False,onsite/unspecified,https://www.adzuna.pl/details/5906151687?utm_medium=api&utm_source=d69e57de,
adzuna_5846624969,adzuna,Solution Engineer AI & Big Data,Data Scientist,Addepto,"Warszawa, mazowieckie",2026-08-18,,,21000.0,33000.0,False,onsite/unspecified,https://www.adzuna.pl/details/5846624969?utm_medium=api&utm_source=d69e57de,27000.0
adzuna_5880763403,adzuna,Senior MLOps Engineer – Cloud Data & Machine Learning,ML Engineer,ITDS Polska Sp. z o.o.,"Kraków, małopolskie",2026-09-12,,,,,False,onsite/unspecified,https://www.adzuna.pl/details/5880763403?utm_medium=api&utm_source=d69e57de,
adzuna_5737669895,adzuna,Analyst HR Operational Excellence,Data Analyst,Capgemini,"Kraków, małopolskie",2026-05-22,,,,,False,onsite/unspecified,https://www.adzuna.pl/land/ad/5737669895?se=Ts9lq2--8RGj4ahyJ5qRKw&utm_medium=api&utm_source=d69e57de&v=8B86AE87222ECA2F386BEDD378D40F8C6645F600,
adzuna_5827407630,adzuna,Marketing & Product Analyst (SQL | GA4 | Looker Studio),Data Analyst,Grupa Morizon-Gratka Sp. z o.o.,Polska,2026-08-04,,,,,False,onsite/unspecified,https://www.adzuna.pl/details/5827407630?utm_medium=api&utm_source=d69e57de,
adzuna_5860681656,adzuna,Tech Lead Data Platform,Data Engineer,It-factory,"Warszawa, mazowieckie",2026-08-29,full_time,,,,False,hybrid,https://www.adzuna.pl/details/5860681656?utm_medium=api&utm_source=d69e57de,
adzuna_5838146587,adzuna,Konsultant IT – GCP Data Engineering NET f m x,Data Engineer,B2Bnetwork,"Płock, mazowieckie",2026-08-12,,,,,False,onsite/unspecified,https://www.adzuna.pl/details/5838146587?utm_medium=api&utm_source=d69e57de,
adzuna_5848523539,adzuna,Senior AI Engineer,ML Engineer,Next Technology,Polska,2026-08-19,,,,,False,onsite/unspecified,https://www.adzuna.pl/details/5848523539?utm_medium=api&utm_source=d69e57de,
adzuna_5787596864,adzuna,AI/ML Engineer,ML Engineer,Rankomat,Polska,2026-07-04,full_time,,,,False,onsite/unspecified,https://www.adzuna.pl/details/5787596864?utm_medium=api&utm_source=d69e57de,
adzuna_5828185391,adzuna,Snowflake Architect,Other,ITFS,Polska,2026-08-04,full_time,,30200.0,37000.0,False,onsite/unspecified,https://www.adzuna.pl/details/5828185391?utm_medium=api&utm_source=d69e57de,33600.0
adzuna_5852206781,adzuna,Data Platform Developer,Data Engineer,SQUARE ONE RESOURCES sp. z o.o.,"Warszawa, mazowieckie",2026-08-22,,,,,False,onsite/unspecified,https://www.adzuna.pl/details/5852206781?utm_medium=api&utm_source=d69e57de,
adzuna_5868439717,adzuna,"Staff Software Engineer, Health Data Foundations and Analytics",Other,Google,"Warszawa, mazowieckie",2026-09-03,,,,,False,onsite/unspecified,https://www.adzuna.pl/details/5868439717?utm_medium=api&utm_source=d69e57de,
adzuna_5843272759,adzuna,Senior Software Engineer / Lead Software Engineer (Big Data),Data Engineer,Antal,Polska,2026-08-15,,,,,False,hybrid,https://www.adzuna.pl/details/5843272759?utm_medium=api&utm_source=d69e57de,
adzuna_5846625102,adzuna,Senior Software Engineer Lead Software Engineer Big Data,Other,Antal Sp. z o.o.,"Kraków, małopolskie",2026-08-18,,,30240.0,42000.0,False,hybrid,https://www.adzuna.pl/details/5846625102?utm_medium=api&utm_source=d69e57de,36120.0
adzuna_5899052842,adzuna,Senior Full Stack Python/React/AI Developer @ Ework Group,Data Scientist,Ework Group,"Warszawa, mazowieckie",2026-09-26,full_time,,,,False,onsite/unspecified,https://www.adzuna.pl/land/ad/5899052842?se=Ts9lq2--8RGj4ahyJ5qRKw&utm_medium=api&utm_source=d69e57de&v=5F479281D9015FC4F9C30F679065CF907D497B5A,
adzuna_5761842979,adzuna,Data Engineering Manager,Data Engineer,Enloyd,Polska,2026-06-13,,,,,False,onsite/unspecified,https://www.adzuna.pl/details/5761842979?utm_medium=api&utm_source=d69e57de,
adzuna_5840228955,adzuna,Data Platform Developer,Data Engineer,B2Bnetwork,"Wrocław, dolnośląskie",2026-08-13,,,,,False,remote,https://www.adzuna.pl/details/5840228955?utm_medium=api&utm_source=d69e57de,
adzuna_5836636993,adzuna,Lead Solutions Data Architect,Other,DCG,"Warszawa, mazowieckie",2026-08-11,,,,,False,onsite/unspecified,https://www.adzuna.pl/details/5836636993?utm_medium=api&utm_source=d69e57de,
adzuna_5840228851,adzuna,Data Platform Developer,Data Engineer,Upvanta sp. z o.o.,"Wrocław, dolnośląskie",2026-08-13,,,23100.0,27300.0,False,onsite/unspecified,https://www.adzuna.pl/details/5840228851?utm_medium=api&utm_source=d69e57de,25200.0
adzuna_5871029905,adzuna,Senior Databricks Engineer (Remote),Data Engineer,Entrada,Polska,2026-09-04,full_time,,26900.0,35300.0,False,remote,https://www.adzuna.pl/details/5871029905?utm_medium=api&utm_source=d69e57de,31100.0
adzuna_5904130910,adzuna,Senior Machine Learning/ AI Engineer,ML Engineer,Future Processing,"Gliwice, śląskie",2026-09-30,,,,,False,onsite/unspecified,https://www.adzuna.pl/details/5904130910?utm_medium=api&utm_source=d69e57de,
adzuna_5792383291,adzuna,Data Scientist k m n,Data Scientist,Nexio Management,"Warszawa, mazowieckie",2026-07-08,,,,,False,onsite/unspecified,https://www.adzuna.pl/details/5792383291?utm_medium=api&utm_source=d69e57de,
adzuna_5841764105,adzuna,Data Platform Developer Kafka,Data Engineer,Upvanta sp. z o.o.,"Wrocław, dolnośląskie",2026-08-14,,,23100.0,27300.0,False,onsite/unspecified,https://www.adzuna.pl/details/5841764105?utm_medium=api&utm_source=d69e57de,25200.0
adzuna_5794129450,adzuna,AI LLMOps Engineer,Data Scientist,Rossmann,"Łódź, łódzkie",2026-07-09,,,,,False,onsite/unspecified,https://www.adzuna.pl/details/5794129450?utm_medium=api&utm_source=d69e57de,
adzuna_5841764182,adzuna,Senior Data Platform Developer Kafka,Data Engineer,Upvanta sp. z o.o.,"Wrocław, dolnośląskie",2026-08-14,,,23100.0,27300.0,False,onsite/unspecified,https://www.adzuna.pl/details/5841764182?utm_medium=api&utm_source=d69e57de,25200.0
adzuna_5888927565,adzuna,Python Developer / Developerka,Other,SORIGO Sp. z o.o.,"Warszawa, mazowieckie",2026-09-18,,,,,False,onsite/unspecified,https://www.adzuna.pl/details/5888927565?utm_medium=api&utm_source=d69e57de,
adzuna_5841762920,adzuna,AI Engineer,ML Engineer,Reply Polska Sp. z o. o.,"Katowice, śląskie",2026-08-14,,,11000.0,19000.0,False,onsite/unspecified,https://www.adzuna.pl/details/5841762920?utm_medium=api&utm_source=d69e57de,15000.0
adzuna_5871674701,adzuna,Senior QA Automation Engineer – ETL / Data (k/m/n),Data Engineer,Nexio Management Sp. z o.o.,"Warszawa, mazowieckie",2026-09-05,,,,,False,onsite/unspecified,https://www.adzuna.pl/details/5871674701?utm_medium=api&utm_source=d69e57de,
adzuna_5888927778,adzuna,Senior Data Scientist / Senior Machine Learning Engineer,ML Engineer,STS S.A.,"Katowice, śląskie",2026-09-18,,,,,False,onsite/unspecified,https://www.adzuna.pl/details/5888927778?utm_medium=api&utm_source=d69e57de,
adzuna_5870989068,adzuna,Senior GCP AI Developer,Data Scientist,IN4GE sp. z o.o.,"Warszawa, mazowieckie",2026-09-04,,,,,False,onsite/unspecified,https://www.adzuna.pl/details/5870989068?utm_medium=api&utm_source=d69e57de,
adzuna_5889647558,adzuna,SEM Specialist,Other,data.rocks,Polska,2026-09-18,full_time,,6500.0,8000.0,False,onsite/unspecified,https://www.adzuna.pl/details/5889647558?utm_medium=api&utm_source=d69e57de,7250.0
adzuna_5883917751,adzuna,MLOps Specialist,ML Engineer,apreel,"Warszawa, mazowieckie",2026-09-14,full_time,,28600.0,33600.0,False,onsite/unspecified,https://www.adzuna.pl/details/5883917751?utm_medium=api&utm_source=d69e57de,31100.0
adzuna_5855309942,adzuna,IT Architect,Other,Edge One Solutions Sp. z o.o,"Warszawa, mazowieckie",2026-08-25,,,,,False,onsite/unspecified,https://www.adzuna.pl/details/5855309942?utm_medium=api&utm_source=d69e57de,
adzuna_5827706716,adzuna,Data Analytics Consultant m f,Data Analyst,Antal Sp. z o.o.,"Warszawa, mazowieckie",2026-08-04,,,,,False,remote,https://www.adzuna.pl/details/5827706716?utm_medium=api&utm_source=d69e57de,
adzuna_5890334317,adzuna,Data Scientist – Python & Cloud Data Platforms (f/m/x),Data Engineer,Sii Sp. z o.o.,"Białystok, podlaskie",2026-09-19,,,,,False,onsite/unspecified,https://www.adzuna.pl/details/5890334317?utm_medium=api&utm_source=d69e57de,
adzuna_5890334313,adzuna,Data Scientist – Python & Cloud Data Platforms (f/m/x),Data Engineer,Sii Sp. z o.o.,"Gdańsk, Trójmiasto",2026-09-19,,,,,False,onsite/unspecified,https://www.adzuna.pl/details/5890334313?utm_medium=api&utm_source=d69e57de,
adzuna_5890334320,adzuna,Data Scientist – Python & Cloud Data Platforms (f/m/x),Data Engineer,Sii Sp. z o.o.,"Katowice, śląskie",2026-09-19,,,,,False,onsite/unspecified,https://www.adzuna.pl/details/5890334320?utm_medium=api&utm_source=d69e57de,
adzuna_5890334321,adzuna,Data Scientist – Python & Cloud Data Platforms (f/m/x),Data Engineer,Sii Sp. z o.o.,"Szczecin, zachodniopomorskie",2026-09-19,,,,,False,onsite/unspecified,https://www.adzuna.pl/details/5890334321?utm_medium=api&utm_source=d69e57de,
adzuna_5890334308,adzuna,Data Scientist – Python & Cloud Data Platforms (f/m/x),Data Engineer,Sii Sp. z o.o.,"Bydgoszcz, kujawsko-pomorskie",2026-09-19,,,,,False,onsite/unspecified,https://www.adzuna.pl/details/5890334308?utm_medium=api&utm_source=d69e57de,
adzuna_5890334309,adzuna,Data Scientist – Python & Cloud Data Platforms (f/m/x),Data Engineer,Sii Sp. z o.o.,"Kraków, małopolskie",2026-09-19,,,,,False,onsite/unspecified,https://www.adzuna.pl/details/5890334309?utm_medium=api&utm_source=d69e57de,
adzuna_5890334310,adzuna,Data Scientist – Python & Cloud Data Platforms (f/m/x),Data Engineer,Sii Sp. z o.o.,"Warszawa, mazowieckie",2026-09-19,,,,,False,onsite/unspecified,https://www.adzuna.pl/details/5890334310?utm_medium=api&utm_source=d69e57de,
adzuna_5890334312,adzuna,Data Scientist – Python & Cloud Data Platforms (f/m/x),Data Engineer,Sii Sp. z o.o.,"Lublin, lubelskie",2026-09-19,,,,,False,onsite/unspecified,https://www.adzuna.pl/details/5890334312?utm_medium=api&utm_source=d69e57de,
adzuna_5890334314,adzuna,Data Scientist – Python & Cloud Data Platforms (f/m/x),Data Engineer,Sii Sp. z o.o.,"Łódź, łódzkie",2026-09-19,,,,,False,onsite/unspecified,https://www.adzuna.pl/details/5890334314?utm_medium=api&utm_source=d69e57de,
adzuna_5890334316,adzuna,Data Scientist – Python & Cloud Data Platforms (f/m/x),Data Engineer,Sii Sp. z o.o.,"Rzeszów, podkarpackie",2026-09-19,,,,,False,onsite/unspecified,https://www.adzuna.pl/details/5890334316?utm_medium=api&utm_source=d69e57de,
adzuna_5890334319,adzuna,Data Scientist – Python & Cloud Data Platforms (f/m/x),Data Engineer,Sii Sp. z o.o.,"Poznań, wielkopolskie",2026-09-19,,,,,False,onsite/unspecified,https://www.adzuna.pl/details/5890334319?utm_medium=api&utm_source=d69e57de,
adzuna_5890334311,adzuna,Data Scientist – Python & Cloud Data Platforms (f/m/x),Data Engineer,Sii Sp. z o.o.,"Toruń, kujawsko-pomorskie",2026-09-19,,,,,False,onsite/unspecified,https://www.adzuna.pl/details/5890334311?utm_medium=api&utm_source=d69e57de,
adzuna_5890334315,adzuna,Data Scientist – Python & Cloud Data Platforms (f/m/x),Data Engineer,Sii Sp. z o.o.,"Piła, wielkopolskie",2026-09-19,,,,,False,onsite/unspecified,https://www.adzuna.pl/details/5890334315?utm_medium=api&utm_source=d69e57de,
adzuna_5890334318,adzuna,Data Scientist – Python & Cloud Data Platforms (f/m/x),Data Engineer,Sii Sp. z o.o.,"Wrocław, dolnośląskie",2026-09-19,,,,,False,onsite/unspecified,https://www.adzuna.pl/details/5890334318?utm_medium=api&utm_source=d69e57de,
adzuna_5890947983,adzuna,Celonis Coe - Senior Value Engineer,Other,Hitachi Energy Services Sp. z o.o.,"Kraków, małopolskie",2026-09-19,,,,,False,onsite/unspecified,https://www.adzuna.pl/details/5890947983?utm_medium=api&utm_source=d69e57de,
adzuna_5894181253,adzuna,Corporate Business Information Architect (m / f),Other,Medicover Sp. z o.o.,"Warszawa, mazowieckie",2026-09-22,,,,,False,hybrid,https://www.adzuna.pl/details/5894181253?utm_medium=api&utm_source=d69e57de,
adzuna_5894181251,adzuna,Corporate Business Information Architect (m / f),Other,Medicover Sp. z o.o.,"Poznań, wielkopolskie",2026-09-22,,,,,False,hybrid,https://www.adzuna.pl/details/5894181251?utm_medium=api&utm_source=d69e57de,
adzuna_5873242334,adzuna,Paid Media Specialist,Other,data rocks,Polska,2026-09-06,full_time,,6500.0,9000.0,False,onsite/unspecified,https://www.adzuna.pl/details/5873242334?utm_medium=api&utm_source=d69e57de,7750.0
adzuna_5855310033,adzuna,Senior Databricks Engineer,Data Engineer,Entrada AI,Polska,2026-08-25,,,26880.0,35280.0,False,remote,https://www.adzuna.pl/details/5855310033?utm_medium=api&utm_source=d69e57de,31080.0
adzuna_5843275500,adzuna,Frontend Engineer – AI Solutions (AI&Data),Data Scientist,Accenture,Polska,2026-08-15,full_time,,,,False,onsite/unspecified,https://www.adzuna.pl/details/5843275500?utm_medium=api&utm_source=d69e57de,
adzuna_5879972495,adzuna,Data Center Senior Field Engineer Controls and Building Management Systems,Other,Data4,"Ożarów Mazowiecki, mazowieckie",2026-09-11,full_time,,,,False,onsite/unspecified,https://www.adzuna.pl/details/5879972495?utm_medium=api&utm_source=d69e57de,
adzuna_5760936410,adzuna,Group Technology,Other,Kingfisher PLC,"Węgrzce, małopolskie",2026-06-12,full_time,,,,False,onsite/unspecified,https://www.adzuna.pl/details/5760936410?utm_medium=api&utm_source=d69e57de,
adzuna_5829011511,adzuna,Corporate Business Information Architect m f,Other,Medicover,"Warszawa, mazowieckie",2026-08-05,,,,,False,onsite/unspecified,https://www.adzuna.pl/details/5829011511?utm_medium=api&utm_source=d69e57de,
adzuna_5880762997,adzuna,Mid-Level AI Engineer – Generative AI Data Integration,ML Engineer,ITDS Polska Sp. z o.o.,"Łódź, łódzkie",2026-09-12,,,,,False,onsite/unspecified,https://www.adzuna.pl/details/5880762997?utm_medium=api&utm_source=d69e57de,
adzuna_5706531437,adzuna,Senior Software Engineer,Other,Akamai,Polska,2026-04-21,full_time,,,,False,onsite/unspecified,https://www.adzuna.pl/details/5706531437?utm_medium=api&utm_source=d69e57de,
adzuna_5801917558,adzuna,SEM Specialist,Other,data rocks,Polska,2026-07-16,full_time,,6500.0,9000.0,False,onsite/unspecified,https://www.adzuna.pl/details/5801917558?utm_medium=api&utm_source=d69e57de,7750.0
adzuna_5868516695,adzuna,ETL Data Engineering Practitioner,Data Engineer,SQUARE ONE RESOURCES sp. z o.o.,"Warszawa, mazowieckie",2026-09-03,,,,,False,onsite/unspecified,https://www.adzuna.pl/details/5868516695?utm_medium=api&utm_source=d69e57de,
adzuna_5827706324,adzuna,Architekt Danych Tech Lead Data Platform,Data Engineer,Antal Sp. z o.o.,"Warszawa, mazowieckie",2026-08-04,,,28560.0,33600.0,False,hybrid,https://www.adzuna.pl/details/5827706324?utm_medium=api&utm_source=d69e57de,31080.0
adzuna_5885831396,adzuna,Senior Data Architect,Other,KUBO,"Warszawa, mazowieckie",2026-09-16,,,,,False,onsite/unspecified,https://www.adzuna.pl/details/5885831396?utm_medium=api&utm_source=d69e57de,
adzuna_5838648034,adzuna,Senior Data Architect - fully remote,Other,Sowelo Consulting sp. z o.o.,Polska,2026-08-12,,,,,False,remote,https://www.adzuna.pl/details/5838648034?utm_medium=api&utm_source=d69e57de,
adzuna_5897761326,adzuna,Fullstack AI Engineer @ Connectis_,ML Engineer,Connectis,"Warszawa, mazowieckie",2026-09-25,full_time,,24000.0,29500.0,False,onsite/unspecified,https://www.adzuna.pl/land/ad/5897761326?se=xq1ArG--8RGSfYHHW1SRSw&utm_medium=api&utm_source=d69e57de&v=2FC16D52E40C034B543B8A2EF2C3832717D93232,26750.0
adzuna_5906151413,adzuna,ML/AI Engineer with Snowflake (AI&Data),ML Engineer,Accenture,Polska,2026-10-01,full_time,,,,False,onsite/unspecified,https://www.adzuna.pl/details/5906151413?utm_medium=api&utm_source=d69e57de,
adzuna_5777287073,adzuna,SME Engineer - Artificial Intelligence & Data Science (F/M/D),Data Scientist,TE Connectivity,"Szczecin, zachodniopomorskie",2026-06-26,,,,,False,onsite/unspecified,https://www.adzuna.pl/details/5777287073?utm_medium=api&utm_source=d69e57de,
adzuna_5823141740,adzuna,Senior Analytics Engineer @ Asana,Analytics Engineer,Asana,"Warszawa, mazowieckie",2026-08-01,full_time,,20833.0,23700.0,False,onsite/unspecified,https://www.adzuna.pl/land/ad/5823141740?se=4qoIrW--8RGSfYHHW1SRSw&utm_medium=api&utm_source=d69e57de&v=35A1159CA6C32FB3013733740B16D9AAC987A564,22266.5
adzuna_5860510486,adzuna,Asset Analytics Engineer @ Capgemini Polska Sp. z o.o.,Analytics Engineer,Capgemini Polska Sp. z o.o.,Polska,2026-08-29,full_time,,,,False,onsite/unspecified,https://www.adzuna.pl/land/ad/5860510486?se=4qoIrW--8RGSfYHHW1SRSw&utm_medium=api&utm_source=d69e57de&v=0ED8A42BD078F0FF1206069B1ABFC9393868F9D1,
adzuna_5882109154,adzuna,Digital Analytics Engineer,Analytics Engineer,TransPerfect,Polska,2026-09-13,,,,,False,onsite/unspecified,https://www.adzuna.pl/details/5882109154?utm_medium=api&utm_source=d69e57de,
adzuna_5891927716,adzuna,Staff Analytics Engineer,Analytics Engineer,Nord Security,"Warszawa, mazowieckie",2026-09-20,full_time,,28000.0,33000.0,False,onsite/unspecified,https://www.adzuna.pl/details/5891927716?utm_medium=api&utm_source=d69e57de,30500.0
adzuna_5897130202,adzuna,Marketing Analytics Engineer,Analytics Engineer,Dietly.pl,"Gdańsk, Trójmiasto",2026-09-24,full_time,,16000.0,18000.0,False,onsite/unspecified,https://www.adzuna.pl/details/5897130202?utm_medium=api&utm_source=d69e57de,17000.0
adzuna_5809265386,adzuna,Cybersecurity Analytics Engineer,Analytics Engineer,Antal Sp. z o.o.,"Kraków, małopolskie",2026-07-21,,,,,False,hybrid,https://www.adzuna.pl/details/5809265386?utm_medium=api&utm_source=d69e57de,
adzuna_5875137668,adzuna,Senior Analytics Engineer (Semantic Layer),Analytics Engineer,Sigma Software,Polska,2026-09-08,,,,,False,onsite/unspecified,https://www.adzuna.pl/details/5875137668?utm_medium=api&utm_source=d69e57de,
adzuna_5742747042,adzuna,GCP Analytics Engineer (Semantic Layer),Analytics Engineer,In4Ge,Polska,2026-05-27,,,,,False,onsite/unspecified,https://www.adzuna.pl/details/5742747042?utm_medium=api&utm_source=d69e57de,
adzuna_5876875225,adzuna,Projekt B2B: Senior Analytics Engineer,Analytics Engineer,Hays Poland,"Kraków, małopolskie",2026-09-09,,,,,False,onsite/unspecified,https://www.adzuna.pl/details/5876875225?utm_medium=api&utm_source=d69e57de,
adzuna_5881188473,adzuna,Analytics Engineer | Mid-Senior | Finance Team,Analytics Engineer,Nord Security,"Warszawa, mazowieckie",2026-09-12,full_time,,18000.0,30000.0,False,onsite/unspecified,https://www.adzuna.pl/details/5881188473?utm_medium=api&utm_source=d69e57de,24000.0
adzuna_5879136932,adzuna,GenAI Engineer – Conversational Analytics @ PKO Finat Sp. z o.o.,Other,PKO Finat Sp. z o.o.,"Warszawa, mazowieckie",2026-09-11,full_time,,,,False,onsite/unspecified,https://www.adzuna.pl/land/ad/5879136932?se=4qoIrW--8RGSfYHHW1SRSw&utm_medium=api&utm_source=d69e57de&v=CCED148B9C4A05BA3470825E586FCFF78413F8AA,
adzuna_5731848743,adzuna,Lead Software Engineer - Operations and Portfolio Analytics,Other,SimCorp,"Warszawa, mazowieckie",2026-05-16,full_time,,,,False,onsite/unspecified,https://www.adzuna.pl/details/5731848743?utm_medium=api&utm_source=d69e57de,
adzuna_5861999366,adzuna,Power Platform Specialist,Other,Meritoros SA,"Warszawa, mazowieckie",2026-08-30,,,,,False,onsite/unspecified,https://www.adzuna.pl/details/5861999366?utm_medium=api&utm_source=d69e57de,
adzuna_5861999328,adzuna,Power Platform Specialist,Other,Meritoros SA,"Katowice, śląskie",2026-08-30,,,,,False,onsite/unspecified,https://www.adzuna.pl/details/5861999328?utm_medium=api&utm_source=d69e57de,
adzuna_5861999468,adzuna,Power Platform Specialist,Other,Meritoros SA,"Białystok, podlaskie",2026-08-30,,,,,False,onsite/unspecified,https://www.adzuna.pl/details/5861999468?utm_medium=api&utm_source=d69e57de,
adzuna_5861999352,adzuna,Power Platform Specialist,Other,Meritoros SA,"Olsztyn, warmińsko-mazurskie",2026-08-30,,,,,False,onsite/unspecified,https://www.adzuna.pl/details/5861999352?utm_medium=api&utm_source=d69e57de,
adzuna_5861999482,adzuna,Power Platform Specialist,Other,Meritoros SA,"Wrocław, dolnośląskie",2026-08-30,,,,,False,onsite/unspecified,https://www.adzuna.pl/details/5861999482?utm_medium=api&utm_source=d69e57de,
adzuna_5861999333,adzuna,Power Platform Specialist,Other,Meritoros SA,"Bydgoszcz, kujawsko-pomorskie",2026-08-30,,,,,False,onsite/unspecified,https://www.adzuna.pl/details/5861999333?utm_medium=api&utm_source=d69e57de,
adzuna_5861999360,adzuna,Power Platform Specialist,Other,Meritoros SA,"Lublin, lubelskie",2026-08-30,,,,,False,onsite/unspecified,https://www.adzuna.pl/details/5861999360?utm_medium=api&utm_source=d69e57de,
adzuna_5861999395,adzuna,Power Platform Specialist,Other,Meritoros SA,"Łódź, łódzkie",2026-08-30,,,,,False,onsite/unspecified,https://www.adzuna.pl/details/5861999395?utm_medium=api&utm_source=d69e57de,
adzuna_5861999404,adzuna,Power Platform Specialist,Other,Meritoros SA,"Toruń, kujawsko-pomorskie",2026-08-30,,,,,False,onsite/unspecified,https://www.adzuna.pl/details/5861999404?utm_medium=api&utm_source=d69e57de,
adzuna_5861999379,adzuna,Power Platform Specialist,Other,Meritoros SA,"Kielce, świętokrzyskie",2026-08-30,,,,,False,onsite/unspecified,https://www.adzuna.pl/details/5861999379?utm_medium=api&utm_source=d69e57de,
adzuna_5861999354,adzuna,Power Platform Specialist,Other,Meritoros SA,"Gdańsk, Trójmiasto",2026-08-30,,,,,False,onsite/unspecified,https://www.adzuna.pl/details/5861999354?utm_medium=api&utm_source=d69e57de,
adzuna_5861999385,adzuna,Power Platform Specialist,Other,Meritoros SA,"Poznań, wielkopolskie",2026-08-30,,,,,False,onsite/unspecified,https://www.adzuna.pl/details/5861999385?utm_medium=api&utm_source=d69e57de,
adzuna_5861999377,adzuna,Power Platform Specialist,Other,Meritoros SA,"Opole, opolskie",2026-08-30,,,,,False,onsite/unspecified,https://www.adzuna.pl/details/5861999377?utm_medium=api&utm_source=d69e57de,
adzuna_5861999437,adzuna,Power Platform Specialist,Other,Meritoros SA,"Gorzów Wielkopolski, lubuskie",2026-08-30,,,,,False,onsite/unspecified,https://www.adzuna.pl/details/5861999437?utm_medium=api&utm_source=d69e57de,
adzuna_5861999357,adzuna,Power Platform Specialist,Other,Meritoros SA,"Rzeszów, podkarpackie",2026-08-30,,,,,False,onsite/unspecified,https://www.adzuna.pl/details/5861999357?utm_medium=api&utm_source=d69e57de,
adzuna_5861999439,adzuna,Power Platform Specialist,Other,Meritoros SA,"Szczecin, zachodniopomorskie",2026-08-30,,,,,False,onsite/unspecified,https://www.adzuna.pl/details/5861999439?utm_medium=api&utm_source=d69e57de,
adzuna_5723515218,adzuna,VP of Product,Other,Medvidi,"Warszawa, mazowieckie",2026-05-08,,,,,False,onsite/unspecified,https://www.adzuna.pl/details/5723515218?utm_medium=api&utm_source=d69e57de,
adzuna_5869317013,adzuna,Software Quality Intelligence Engineer,Other,Logitech,"Kraków, małopolskie",2026-09-03,full_time,,,,False,onsite/unspecified,https://www.adzuna.pl/details/5869317013?utm_medium=api&utm_source=d69e57de,
adzuna_5873242924,adzuna,Principal Engineer - Service Delivery,Other,Sabre,"Kraków, małopolskie",2026-09-06,full_time,,2500.0,2500.0,False,onsite/unspecified,https://www.adzuna.pl/details/5873242924?utm_medium=api&utm_source=d69e57de,2500.0
adzuna_5886519805,adzuna,Data Scientist - Junior/Mid/Senior,Data Scientist,Accenture,Polska,2026-09-16,full_time,,,,False,onsite/unspecified,https://www.adzuna.pl/details/5886519805?utm_medium=api&utm_source=d69e57de,
adzuna_5821309829,adzuna,Software Engineer II - IOS,Other,Alarm.com,Polska,2026-07-30,,,,,False,onsite/unspecified,https://www.adzuna.pl/details/5821309829?utm_medium=api&utm_source=d69e57de,
adzuna_5856529188,adzuna,Software Engineer II - IOS,Other,EBS Sp.z.o.o,"Kraków, małopolskie",2026-08-26,,,,,False,onsite/unspecified,https://www.adzuna.pl/details/5856529188?utm_medium=api&utm_source=d69e57de,
adzuna_5796896367,adzuna,Frontend Engineer – AI Solutions AI&Data Evergreen Open,Data Scientist,Accenture,"Warszawa, mazowieckie",2026-07-11,,,,,False,onsite/unspecified,https://www.adzuna.pl/details/5796896367?utm_medium=api&utm_source=d69e57de,
adzuna_5868439775,adzuna,Software Quality Intelligence Engineer,Other,Logitech,"Warszawa, mazowieckie",2026-09-03,,,,,False,hybrid,https://www.adzuna.pl/details/5868439775?utm_medium=api&utm_source=d69e57de,
adzuna_5833045936,adzuna,Software Quality Intelligence Engineer,Other,Logitech,"Kraków, małopolskie",2026-08-08,,,,,False,hybrid,https://www.adzuna.pl/details/5833045936?utm_medium=api&utm_source=d69e57de,
adzuna_5906150593,adzuna,AI Architect (Lead/Manager) - Mid/Senior - ICH Europe,Data Scientist,Accenture,Polska,2026-10-01,full_time,,,,False,onsite/unspecified,https://www.adzuna.pl/details/5906150593?utm_medium=api&utm_source=d69e57de,
adzuna_5853748046,adzuna,BI Developer,BI Developer,Primaris,Polska,2026-08-23,,,,,False,hybrid,https://www.adzuna.pl/details/5853748046?utm_medium=api&utm_source=d69e57de,
adzuna_5852443604,adzuna,BI Developer,BI Developer,Primaris Services Sp. z o.o.,"Warszawa, mazowieckie",2026-08-22,,,21840.0,25200.0,False,hybrid,https://www.adzuna.pl/details/5852443604?utm_medium=api&utm_source=d69e57de,23520.0
adzuna_5898061312,adzuna,BI Developer,BI Developer,Franke Foodservice Systems Poland Sp. z o.o.,"Gdynia, Trójmiasto",2026-09-25,,,,,False,onsite/unspecified,https://www.adzuna.pl/details/5898061312?utm_medium=api&utm_source=d69e57de,
adzuna_5879137048,adzuna,Senior BI / Tableau Developer @ Square One Resources,BI Developer,Square One Resources,Polska,2026-09-11,full_time,,,,False,onsite/unspecified,https://www.adzuna.pl/land/ad/5879137048?se=uDAVrm--8RGTrvtqlpq4qw&utm_medium=api&utm_source=d69e57de&v=A3374EA3B21ECA20B990FAFCB827770B059D4FA2,
adzuna_5904533512,adzuna,Power Bi Developer,BI Developer,TechBiz Global GmbH,"Łomianki, mazowieckie",2026-10-01,full_time,,,,False,onsite/unspecified,https://www.adzuna.pl/details/5904533512?utm_medium=api&utm_source=d69e57de,
adzuna_5879434443,adzuna,Power BI Developer,BI Developer,Connectis,"Warszawa, mazowieckie",2026-09-11,,,,,False,onsite/unspecified,https://www.adzuna.pl/details/5879434443?utm_medium=api&utm_source=d69e57de,
adzuna_5828185503,adzuna,Power BI Developer,BI Developer,Jit Team,Polska,2026-08-04,full_time,,16800.0,21000.0,False,hybrid,https://www.adzuna.pl/details/5828185503?utm_medium=api&utm_source=d69e57de,18900.0
adzuna_5885168417,adzuna,Power BI Developer,BI Developer,ITELENCE,Polska,2026-09-15,full_time,,20200.0,25200.0,False,onsite/unspecified,https://www.adzuna.pl/details/5885168417?utm_medium=api&utm_source=d69e57de,22700.0
adzuna_5855311207,adzuna,Power BI Developer,BI Developer,UNIVIO,"Wrocław, dolnośląskie",2026-08-25,,,13440.0,23520.0,False,onsite/unspecified,https://www.adzuna.pl/details/5855311207?utm_medium=api&utm_source=d69e57de,18480.0
adzuna_5826863316,adzuna,Power BI Developer/ Analyst,BI Developer,CYCLAD,Polska,2026-08-03,full_time,,18500.0,21800.0,False,onsite/unspecified,https://www.adzuna.pl/details/5826863316?utm_medium=api&utm_source=d69e57de,20150.0
adzuna_5826863298,adzuna,Power BI Developer / Analyst,BI Developer,CYCLAD,Polska,2026-08-03,full_time,,18500.0,21800.0,False,onsite/unspecified,https://www.adzuna.pl/details/5826863298?utm_medium=api&utm_source=d69e57de,20150.0
adzuna_5868518167,adzuna,Power BI Developer with German,BI Developer,FRISTA,"Warszawa, mazowieckie",2026-09-03,,,,,False,onsite/unspecified,https://www.adzuna.pl/details/5868518167?utm_medium=api&utm_source=d69e57de,
adzuna_5882401537,adzuna,Power BI Developer (k/m),BI Developer,Grupa Maspex,"Białystok, podlaskie",2026-09-13,,,,,False,onsite/unspecified,https://www.adzuna.pl/details/5882401537?utm_medium=api&utm_source=d69e57de,
adzuna_5882401535,adzuna,Power BI Developer (k/m),BI Developer,Grupa Maspex,"Wadowice, małopolskie",2026-09-13,,,,,False,onsite/unspecified,https://www.adzuna.pl/details/5882401535?utm_medium=api&utm_source=d69e57de,
adzuna_5891502095,adzuna,Power BI Developer | Branża bankowa,BI Developer,Edge One Solutions Sp. z o.o.,"Warszawa, mazowieckie",2026-09-20,,,,,False,onsite/unspecified,https://www.adzuna.pl/details/5891502095?utm_medium=api&utm_source=d69e57de,
adzuna_5897124820,adzuna,Power BI Developer (k/m),BI Developer,Maspex,"Wadowice, małopolskie",2026-09-24,,,,,False,onsite/unspecified,https://www.adzuna.pl/details/5897124820?utm_medium=api&utm_source=d69e57de,
adzuna_5478998144,adzuna,BI Developer / Apache Superset Dashboard Engineer,BI Developer,Intetics,Polska,2025-11-03,,,,,False,remote,https://www.adzuna.pl/details/5478998144?utm_medium=api&utm_source=d69e57de,
adzuna_5858013821,adzuna,Power BI Developer (m/k/n),BI Developer,Nexio Management Sp. z o.o.,"Warszawa, mazowieckie",2026-08-27,,,,,False,onsite/unspecified,https://www.adzuna.pl/details/5858013821?utm_medium=api&utm_source=d69e57de,
adzuna_5816881946,adzuna,Senior BI Developer | Digital&IPA (freelance),BI Developer,PricewaterhouseCoopers,Polska,2026-07-27,full_time,,,,False,onsite/unspecified,https://www.adzuna.pl/details/5816881946?utm_medium=api&utm_source=d69e57de,
adzuna_5817709088,adzuna,Senior BI Developer | Digital&IPA (freelance),BI Developer,PwC,"Warszawa, mazowieckie",2026-07-28,,,,,False,onsite/unspecified,https://www.adzuna.pl/details/5817709088?utm_medium=api&utm_source=d69e57de,
adzuna_5829428035,adzuna,Senior .NET / Power BI Developer (Remote),BI Developer,Scalo,Polska,2026-08-05,full_time,,23500.0,28600.0,False,remote,https://www.adzuna.pl/details/5829428035?utm_medium=api&utm_source=d69e57de,26050.0
adzuna_5855309696,adzuna,Senior Power BI Developer | Branża Bankowa,BI Developer,Edge One Solutions Sp. z o.o,"Warszawa, mazowieckie",2026-08-25,,,,,False,onsite/unspecified,https://www.adzuna.pl/details/5855309696?utm_medium=api&utm_source=d69e57de,
adzuna_5899445887,adzuna,Senior BI Developer / Databricks  Genie and/or AI Foundry,Data Engineer,KMD Poland Sp. z o.o.,"Warszawa, mazowieckie",2026-09-26,,,,,False,onsite/unspecified,https://www.adzuna.pl/details/5899445887?utm_medium=api&utm_source=d69e57de,
adzuna_5798339304,adzuna,BI Analyst/Looker Developer,BI Developer,IG Group,"Kraków, małopolskie",2026-07-13,full_time,,,,False,onsite/unspecified,https://www.adzuna.pl/details/5798339304?utm_medium=api&utm_source=d69e57de,
adzuna_5852443988,adzuna,Programista Developer Power BI,BI Developer,Antal Sp. z o.o.,"Warszawa, mazowieckie",2026-08-22,,,23520.0,28560.0,False,hybrid,https://www.adzuna.pl/details/5852443988?utm_medium=api&utm_source=d69e57de,26040.0
adzuna_4905675500,adzuna,Mid/Senior Power BI Consultant,BI Developer,Cloudica Sp. z o.o.,Polska,2024-10-17,,,,,False,onsite/unspecified,https://www.adzuna.pl/details/4905675500?utm_medium=api&utm_source=d69e57de,
adzuna_5829035209,adzuna,Business Intelligence Developer,BI Developer,Globaldev Group,Polska,2026-08-05,,,,,False,onsite/unspecified,https://www.adzuna.pl/details/5829035209?utm_medium=api&utm_source=d69e57de,
adzuna_5829011429,adzuna,Senior NET Software Developer Power BI BI,BI Developer,ITLT,"Warszawa, mazowieckie",2026-08-05,,,30240.0,33600.0,False,remote,https://www.adzuna.pl/details/5829011429?utm_medium=api&utm_source=d69e57de,31920.0
adzuna_5902291769,adzuna,Informatica PowerCenter Developer @ Scalo,Other,Scalo,"Dobrzyków, mazowieckie",2026-09-29,full_time,,,,False,onsite/unspecified,https://www.adzuna.pl/land/ad/5902291769?se=uDAVrm--8RGTrvtqlpq4qw&utm_medium=api&utm_source=d69e57de&v=C5EA3801567B0BC6856DB9574380CD668E57DF23,
adzuna_5830747186,adzuna,"Senior .Net Developer (Power BI, ETL) - m/k",Data Engineer,Teamup Recruitment,Polska,2026-08-06,,,,,False,onsite/unspecified,https://www.adzuna.pl/details/5830747186?utm_medium=api&utm_source=d69e57de,
adzuna_5903636840,adzuna,MS Power Platform Developer,Other,IT CONNECT Sp. z o.o. Sp. k.,"Warszawa, mazowieckie",2026-09-30,,,,,False,onsite/unspecified,https://www.adzuna.pl/details/5903636840?utm_medium=api&utm_source=d69e57de,
adzuna_5882401060,adzuna,Senior Power BI & Business Intelligence Engineer,BI Developer,SQUARE ONE RESOURCES sp. z o.o.,"Poznań, wielkopolskie",2026-09-13,,,,,False,onsite/unspecified,https://www.adzuna.pl/details/5882401060?utm_medium=api&utm_source=d69e57de,
adzuna_5830372637,adzuna,QlikView Developer,Other,Relout,"Łódź, łódzkie",2026-08-06,,,20000.0,28000.0,False,onsite/unspecified,https://www.adzuna.pl/details/5830372637?utm_medium=api&utm_source=d69e57de,24000.0
adzuna_5834199219,adzuna,Power Platform Deweloper @ Mindbox Sp. z o.o.,Other,Mindbox Sp. z o.o.,"Kraków, małopolskie",2026-08-09,full_time,,,,False,onsite/unspecified,https://www.adzuna.pl/land/ad/5834199219?se=uDAVrm--8RGTrvtqlpq4qw&utm_medium=api&utm_source=d69e57de&v=A3A819D32F6B537BB9A9650BD8C42BD9DBFC387B,
adzuna_5903635918,adzuna,Informatica PowerCenter Developer,Other,Scalo Sp. z o.o.,"Warszawa, mazowieckie",2026-09-30,,,,,False,onsite/unspecified,https://www.adzuna.pl/details/5903635918?utm_medium=api&utm_source=d69e57de,
adzuna_5880762129,adzuna,Technical Lead – Power BI & dbt | Hands-on BI Development,BI Developer,SQUARE ONE RESOURCES sp. z o.o.,"Warszawa, mazowieckie",2026-09-12,,,,,False,onsite/unspecified,https://www.adzuna.pl/details/5880762129?utm_medium=api&utm_source=d69e57de,
adzuna_5876475362,adzuna,Data Scientist @ Scalo,Data Scientist,Scalo,"Warszawa, mazowieckie",2026-09-09,full_time,,,,False,onsite/unspecified,https://www.adzuna.pl/land/ad/5876475362?se=BPmHrm--8RGzyrvt2Q_iTw&utm_medium=api&utm_source=d69e57de&v=85C4696EEB461E9CF6D1C500FB56BD45705698A8,
adzuna_5856185840,adzuna,Data Scientist @ Scalo,Data Scientist,Scalo,"Warszawa, mazowieckie",2026-08-26,full_time,,,,False,onsite/unspecified,https://www.adzuna.pl/land/ad/5856185840?se=BPmHrm--8RGzyrvt2Q_iTw&utm_medium=api&utm_source=d69e57de&v=0A3A788155FEEC8D82E6695A7CAFFCFFD910E4D4,
adzuna_5886996424,adzuna,Data Scientist (genAI) @ Lingaro,Data Scientist,Lingaro,Polska,2026-09-17,full_time,,21000.0,25500.0,False,onsite/unspecified,https://www.adzuna.pl/land/ad/5886996424?se=BPmHrm--8RGzyrvt2Q_iTw&utm_medium=api&utm_source=d69e57de&v=5CDE75B19EC2DEC5A7C3105B347C96C6985D8605,23250.0
adzuna_5856185795,adzuna,Senior Data Scientist @ Belvedere Recruitment,Data Scientist,Belvedere Recruitment,"Kraków, małopolskie",2026-08-26,full_time,,,,False,onsite/unspecified,https://www.adzuna.pl/land/ad/5856185795?se=BPmHrm--8RGzyrvt2Q_iTw&utm_medium=api&utm_source=d69e57de&v=A06662A284DE68DC1119CEB45078E5D7CB04C14D,
adzuna_5886996421,adzuna,Senior Fullstack Data Scientist @ Lingaro,Data Scientist,Lingaro,Polska,2026-09-17,full_time,,24000.0,31500.0,False,onsite/unspecified,https://www.adzuna.pl/land/ad/5886996421?se=BPmHrm--8RGzyrvt2Q_iTw&utm_medium=api&utm_source=d69e57de&v=669FE80369E85FA29C04FE070D5487E24B32A5C2,27750.0
adzuna_5843808593,adzuna,Senior Data Scientist - Data Quality Management @ Belvedere Recruitment,Data Scientist,Belvedere Recruitment,"Warszawa, mazowieckie",2026-08-16,full_time,,,,False,onsite/unspecified,https://www.adzuna.pl/land/ad/5843808593?se=BPmHrm--8RGzyrvt2Q_iTw&utm_medium=api&utm_source=d69e57de&v=98CD78CBFA02518C4F18ACA63FCDFCDB348E3F0A,
adzuna_5583147805,adzuna,Data Scientist @ Mindbox Sp. z o.o.,Data Scientist,Mindbox Sp. z o.o.,Polska,2026-01-14,full_time,,,,False,onsite/unspecified,https://www.adzuna.pl/land/ad/5583147805?se=BPmHrm--8RGzyrvt2Q_iTw&utm_medium=api&utm_source=d69e57de&v=D46A83D6D97BBDAE1BD0A3D2E97C872A9F98A733,
adzuna_5845835172,adzuna,Senior Data Scientist / Tech Lead @ Addepto,Data Scientist,Addepto,Polska,2026-08-18,full_time,,19320.0,28560.0,False,onsite/unspecified,https://www.adzuna.pl/land/ad/5845835172?se=BPmHrm--8RGzyrvt2Q_iTw&utm_medium=api&utm_source=d69e57de&v=284F02343B70CB3654028BDD01DFC0A861137626,23940.0
adzuna_5890063637,adzuna,"Senior Data Scientist, Growth Alliance @ HelloFresh",Data Scientist,HelloFresh,"Warszawa, mazowieckie",2026-09-19,full_time,,23000.0,36000.0,False,onsite/unspecified,https://www.adzuna.pl/land/ad/5890063637?se=BPmHrm--8RGzyrvt2Q_iTw&utm_medium=api&utm_source=d69e57de&v=0635D9C06AD55B66D9BDE1CDDF98E5D42D933619,29500.0
adzuna_5903298376,adzuna,Senior Data Scientist – GenAI @ Link Group,Data Scientist,Link Group,Polska,2026-09-30,full_time,,,,False,onsite/unspecified,https://www.adzuna.pl/land/ad/5903298376?se=BPmHrm--8RGzyrvt2Q_iTw&utm_medium=api&utm_source=d69e57de&v=59B7F785E1359B1D97A9E9CF26CE380013EB54C5,
adzuna_5869810316,adzuna,Senior Data Scientist @ Square One Resources,Data Scientist,Square One Resources,Polska,2026-09-04,full_time,,,,False,onsite/unspecified,https://www.adzuna.pl/land/ad/5869810316?se=BPmHrm--8RGzyrvt2Q_iTw&utm_medium=api&utm_source=d69e57de&v=3DB65BCB3218587726952FEA23616D80D95796E8,
adzuna_5890063597,adzuna,"Senior Data Scientist, Demand Forecasting, Food Systems @ HelloFresh",Data Scientist,HelloFresh,"Warszawa, mazowieckie",2026-09-19,full_time,,23000.0,36000.0,False,onsite/unspecified,https://www.adzuna.pl/land/ad/5890063597?se=BPmHrm--8RGzyrvt2Q_iTw&utm_medium=api&utm_source=d69e57de&v=AAA46BACB038FE2A87539289381B4C684E1E5DFF,29500.0
adzuna_5885467620,adzuna,Junior Data Scientist @ Grupa Allegro Sp. z o. o.,Data Scientist,Grupa Allegro Sp. z o. o.,"Warszawa, mazowieckie",2026-09-16,full_time,,11200.0,15250.0,False,onsite/unspecified,https://www.adzuna.pl/land/ad/5885467620?se=BPmHrm--8RGzyrvt2Q_iTw&utm_medium=api&utm_source=d69e57de&v=5C8E01EEDEA935CEC4895C5D75BE82A70F4A25B7,13225.0
adzuna_5903298453,adzuna,Data Scientist @ VERITA HR POLSKA SP. Z O.O.,Data Scientist,VERITA HR POLSKA SP. Z O.O.,"Kraków, małopolskie",2026-09-30,full_time,,25000.0,32000.0,False,hybrid,https://www.adzuna.pl/land/ad/5903298453?se=BPmHrm--8RGzyrvt2Q_iTw&utm_medium=api&utm_source=d69e57de&v=11085D40E86052F46AAAF7B6D9E8513FD425799D,28500.0
adzuna_5893454723,adzuna,Senior Data Scientist @ deepsense.ai Sp. z o.o.,Data Scientist,deepsense.ai Sp. z o.o.,Polska,2026-09-22,full_time,,19000.0,28000.0,False,onsite/unspecified,https://www.adzuna.pl/land/ad/5893454723?se=BPmHrm--8RGzyrvt2Q_iTw&utm_medium=api&utm_source=d69e57de&v=8F3AA44E19E03584CA9F8F8A1DDCF301DD1D5A16,23500.0
adzuna_5906882753,adzuna,"Senior Data Scientist, Growth Alliance (f/m/x) @ HelloFresh",Data Scientist,HelloFresh,"Warszawa, mazowieckie",2026-10-02,full_time,,23000.0,36000.0,False,onsite/unspecified,https://www.adzuna.pl/land/ad/5906882753?se=BPmHrm--8RGzyrvt2Q_iTw&utm_medium=api&utm_source=d69e57de&v=2476934446C79332721E04216C4C901550B88869,29500.0
adzuna_5795555616,adzuna,Data Scientist,Data Scientist,Transition Technologies PSC,"Warszawa, mazowieckie",2026-07-10,,,,,False,onsite/unspecified,https://www.adzuna.pl/details/5795555616?utm_medium=api&utm_source=d69e57de,
adzuna_5810820248,adzuna,Data Scientist,Data Scientist,RITS,"Warszawa, mazowieckie",2026-07-22,,,16800.0,21840.0,False,remote,https://www.adzuna.pl/details/5810820248?utm_medium=api&utm_source=d69e57de,19320.0
adzuna_5822519871,adzuna,Data Scientist,Data Scientist,Smith & Nephew,Polska,2026-07-31,full_time,,,,False,onsite/unspecified,https://www.adzuna.pl/details/5822519871?utm_medium=api&utm_source=d69e57de,
adzuna_5879433833,adzuna,Data Scientist,Data Scientist,Scalo Sp. z o.o.,"Warszawa, mazowieckie",2026-09-11,,,,,False,hybrid,https://www.adzuna.pl/details/5879433833?utm_medium=api&utm_source=d69e57de,
adzuna_5882108963,adzuna,Data Scientist,Data Scientist,TechBiz Global GmbH,"Łomianki, mazowieckie",2026-09-13,full_time,,,,False,onsite/unspecified,https://www.adzuna.pl/details/5882108963?utm_medium=api&utm_source=d69e57de,
adzuna_5882108955,adzuna,Data Scientist,Data Scientist,TechBiz Global GmbH,Polska,2026-09-13,full_time,,,,False,onsite/unspecified,https://www.adzuna.pl/details/5882108955?utm_medium=api&utm_source=d69e57de,
adzuna_5847010295,adzuna,Data Scientist,Data Scientist,Fetcherr,"Wrocław, dolnośląskie",2026-08-18,full_time,,,,False,onsite/unspecified,https://www.adzuna.pl/details/5847010295?utm_medium=api&utm_source=d69e57de,
adzuna_5890333946,adzuna,Data Scientist,Data Scientist,Wirtualna Polska Media S.A.,"Gdańsk, Trójmiasto",2026-09-19,,,,,False,onsite/unspecified,https://www.adzuna.pl/details/5890333946?utm_medium=api&utm_source=d69e57de,
adzuna_5890333947,adzuna,Data Scientist,Data Scientist,Wirtualna Polska Media S.A.,"Warszawa, mazowieckie",2026-09-19,,,,,False,onsite/unspecified,https://www.adzuna.pl/details/5890333947?utm_medium=api&utm_source=d69e57de,
adzuna_4599787936,adzuna,Data Scientist,Data Scientist,ALGOMINE Group Sp. z o.o.,Polska,2024-03-09,,,,,False,onsite/unspecified,https://www.adzuna.pl/details/4599787936?utm_medium=api&utm_source=d69e57de,
adzuna_5890333148,adzuna,Data Scientist,Data Scientist,Allegro,"Poznań, wielkopolskie",2026-09-19,,,,,False,onsite/unspecified,https://www.adzuna.pl/details/5890333148?utm_medium=api&utm_source=d69e57de,
adzuna_5801919656,adzuna,Data Scientist,Data Scientist,Asana,"Warszawa, mazowieckie",2026-07-16,full_time,,29000.0,32900.0,False,onsite/unspecified,https://www.adzuna.pl/details/5801919656?utm_medium=api&utm_source=d69e57de,30950.0
adzuna_5858487881,adzuna,Data Scientist,Data Scientist,Meniga Ltd,"Ząbki, mazowieckie",2026-08-27,,,18000.0,22000.0,False,onsite/unspecified,https://www.adzuna.pl/details/5858487881?utm_medium=api&utm_source=d69e57de,20000.0
adzuna_5897122761,adzuna,Data Scientist,Data Scientist,OMD Group,"Warszawa, mazowieckie",2026-09-24,,,,,False,onsite/unspecified,https://www.adzuna.pl/details/5897122761?utm_medium=api&utm_source=d69e57de,
adzuna_5804813996,adzuna,Data Scientist,Data Scientist,DCG,"Warszawa, mazowieckie",2026-07-17,,,20160.0,25200.0,False,onsite/unspecified,https://www.adzuna.pl/details/5804813996?utm_medium=api&utm_source=d69e57de,22680.0
adzuna_5727358281,adzuna,Data Scientist,Data Scientist,Fast Forward Solutions,"Poznań, wielkopolskie",2026-05-12,,,,,False,onsite/unspecified,https://www.adzuna.pl/details/5727358281?utm_medium=api&utm_source=d69e57de,
adzuna_5831914825,adzuna,Data Scientist,Data Scientist,Wirtualna Polska Media S.A.,"Gdańsk, Trójmiasto",2026-08-07,,,,,False,onsite/unspecified,https://www.adzuna.pl/details/5831914825?utm_medium=api&utm_source=d69e57de,
adzuna_5903637011,adzuna,Data Scientist,Data Scientist,N7 Mobile Sp. z o.o.,"Warszawa, mazowieckie",2026-09-30,,,,,False,onsite/unspecified,https://www.adzuna.pl/details/5903637011?utm_medium=api&utm_source=d69e57de,
adzuna_5851308969,adzuna,Data Scientist,Data Scientist,PricewaterhouseCoopers,Polska,2026-08-21,full_time,,,,False,onsite/unspecified,https://www.adzuna.pl/details/5851308969?utm_medium=api&utm_source=d69e57de,
adzuna_5858013744,adzuna,Data Scientist,Data Scientist,Scalo Sp. z o.o.,"Warszawa, mazowieckie",2026-08-27,,,,,False,onsite/unspecified,https://www.adzuna.pl/details/5858013744?utm_medium=api&utm_source=d69e57de,
adzuna_5847238570,adzuna,Data Scientist,Data Scientist,Andersen Lab,Polska,2026-08-18,full_time,,10300.0,16800.0,False,onsite/unspecified,https://www.adzuna.pl/details/5847238570?utm_medium=api&utm_source=d69e57de,13550.0
adzuna_5745994374,adzuna,Data Scientist,Data Scientist,P&G,Polska,2026-05-30,full_time,,,,False,onsite/unspecified,https://www.adzuna.pl/details/5745994374?utm_medium=api&utm_source=d69e57de,
adzuna_5888034605,adzuna,Data Scientist,Data Scientist,Samba,"Warszawa, mazowieckie",2026-09-17,full_time,,,,False,onsite/unspecified,https://www.adzuna.pl/details/5888034605?utm_medium=api&utm_source=d69e57de,
adzuna_5857504360,adzuna,Data Scientist,Data Scientist,PwC,"Gdańsk, Trójmiasto",2026-08-27,,,,,False,onsite/unspecified,https://www.adzuna.pl/details/5857504360?utm_medium=api&utm_source=d69e57de,
adzuna_5857179021,adzuna,Data Scientist,Data Scientist,PwC,"Gdańsk, Trójmiasto",2026-08-26,,,,,False,onsite/unspecified,https://www.adzuna.pl/details/5857179021?utm_medium=api&utm_source=d69e57de,
adzuna_5821044339,adzuna,Data Scientist,Data Scientist,Asana,"Warszawa, mazowieckie",2026-07-30,,,29000.0,32900.0,False,onsite/unspecified,https://www.adzuna.pl/details/5821044339?utm_medium=api&utm_source=d69e57de,30950.0
adzuna_5747082047,adzuna,Data Scientist,Data Scientist,Procter & Gamble,"Warszawa, mazowieckie",2026-06-01,,,,,False,onsite/unspecified,https://www.adzuna.pl/details/5747082047?utm_medium=api&utm_source=d69e57de,
adzuna_5748577960,adzuna,Data Scientist,Data Scientist,Procter & Gamble,"Warszawa, mazowieckie",2026-06-02,,,,,False,onsite/unspecified,https://www.adzuna.pl/details/5748577960?utm_medium=api&utm_source=d69e57de,
adzuna_5811522822,adzuna,Data Scientist,Data Scientist,London Stock Exchange Group,Polska,2026-07-23,full_time,,,,False,onsite/unspecified,https://www.adzuna.pl/details/5811522822?utm_medium=api&utm_source=d69e57de,
adzuna_5889647953,adzuna,Data Scientist,Data Scientist,Roche,Polska,2026-09-18,full_time,,,,False,onsite/unspecified,https://www.adzuna.pl/details/5889647953?utm_medium=api&utm_source=d69e57de,
adzuna_5890263593,adzuna,Data Scientist,Data Scientist,Roche,"Warszawa, mazowieckie",2026-09-19,,,,,False,onsite/unspecified,https://www.adzuna.pl/details/5890263593?utm_medium=api&utm_source=d69e57de,
adzuna_5646880944,adzuna,Data Scientist,Data Scientist,ALGOMINE Group Sp. z o.o.,"Warszawa, mazowieckie",2026-02-27,,,,,False,onsite/unspecified,https://www.adzuna.pl/details/5646880944?utm_medium=api&utm_source=d69e57de,
adzuna_4802308720,adzuna,Data Scientist,Data Scientist,G2A,"Kraków, małopolskie",2024-07-31,,,,,False,onsite/unspecified,https://www.adzuna.pl/details/4802308720?utm_medium=api&utm_source=d69e57de,
adzuna_4802307199,adzuna,Data Scientist,Data Scientist,G2A,"Kraków, małopolskie",2024-07-31,,,,,False,onsite/unspecified,https://www.adzuna.pl/details/4802307199?utm_medium=api&utm_source=d69e57de,
adzuna_5843281616,adzuna,Data Scientist,Data Scientist,Lingaro,Polska,2026-08-15,,,,,False,onsite/unspecified,https://www.adzuna.pl/details/5843281616?utm_medium=api&utm_source=d69e57de,
adzuna_5838744528,adzuna,Data Scientist,Data Scientist,TeamQuest,"Warszawa, mazowieckie",2026-08-12,full_time,,18000.0,30000.0,False,onsite/unspecified,https://www.adzuna.pl/details/5838744528?utm_medium=api&utm_source=d69e57de,24000.0
adzuna_5537756120,adzuna,Senior Data Scientist,Data Scientist,Globaldev Group,Polska,2025-12-11,full_time,,,,False,onsite/unspecified,https://www.adzuna.pl/details/5537756120?utm_medium=api&utm_source=d69e57de,
adzuna_5898718439,adzuna,Data Scientist (PL),Data Scientist,Digica,Polska,2026-09-25,,,,,False,onsite/unspecified,https://www.adzuna.pl/details/5898718439?utm_medium=api&utm_source=d69e57de,
adzuna_5899399000,adzuna,Data Scientist - Intern,Data Scientist,Alstom,Polska,2026-09-26,,,,,False,onsite/unspecified,https://www.adzuna.pl/details/5899399000?utm_medium=api&utm_source=d69e57de,
adzuna_5880786691,adzuna,Senior Data Scientist,Data Scientist,Sigma Software,Polska,2026-09-12,,,,,False,onsite/unspecified,https://www.adzuna.pl/details/5880786691?utm_medium=api&utm_source=d69e57de,
adzuna_5883899555,adzuna,Senior Data Scientist,Data Scientist,NielsenIQ,Polska,2026-09-14,,,,,False,onsite/unspecified,https://www.adzuna.pl/details/5883899555?utm_medium=api&utm_source=d69e57de,
adzuna_5883899499,adzuna,Senior Data Scientist,Data Scientist,NielsenIQ,Polska,2026-09-14,,,,,False,onsite/unspecified,https://www.adzuna.pl/details/5883899499?utm_medium=api&utm_source=d69e57de,
adzuna_5906150613,adzuna,Data Scientist (AI&Data),Data Scientist,Accenture,Polska,2026-10-01,full_time,,,,False,onsite/unspecified,https://www.adzuna.pl/details/5906150613?utm_medium=api&utm_source=d69e57de,
adzuna_5831914353,adzuna,Senior Data Scientist,Data Scientist,Link Group,"Warszawa, mazowieckie",2026-08-07,,,19320.0,23520.0,False,onsite/unspecified,https://www.adzuna.pl/details/5831914353?utm_medium=api&utm_source=d69e57de,21420.0
adzuna_5857133908,adzuna,Senior Data Scientist,Data Scientist,Belvedere,"Kraków, małopolskie",2026-08-26,,,,,False,hybrid,https://www.adzuna.pl/details/5857133908?utm_medium=api&utm_source=d69e57de,
adzuna_5858488395,adzuna,Senior Data Scientist,Data Scientist,Applandeo,Polska,2026-08-27,,,,,False,onsite/unspecified,https://www.adzuna.pl/details/5858488395?utm_medium=api&utm_source=d69e57de,
adzuna_5843274752,adzuna,Senior Data Scientist,Data Scientist,Digital Turbine,"Warszawa, mazowieckie",2026-08-15,full_time,,,,False,onsite/unspecified,https://www.adzuna.pl/details/5843274752?utm_medium=api&utm_source=d69e57de,
adzuna_5345302464,adzuna,Senior Data Scientist,Data Scientist,Datahead,Polska,2025-08-09,full_time,,,,False,onsite/unspecified,https://www.adzuna.pl/details/5345302464?utm_medium=api&utm_source=d69e57de,
adzuna_5871029834,adzuna,Data Scientist (Remote),Data Scientist,Antal,Polska,2026-09-04,full_time,,18000.0,23000.0,False,remote,https://www.adzuna.pl/details/5871029834?utm_medium=api&utm_source=d69e57de,20500.0
adzuna_5890333955,adzuna,Senior Data Scientist,Data Scientist,Wirtualna Polska Media S.A.,"Gdańsk, Trójmiasto",2026-09-19,,,,,False,onsite/unspecified,https://www.adzuna.pl/details/5890333955?utm_medium=api&utm_source=d69e57de,
adzuna_5890333413,adzuna,Senior Data Scientist,Data Scientist,Wirtualna Polska Media S.A.,"Warszawa, mazowieckie",2026-09-19,,,,,False,onsite/unspecified,https://www.adzuna.pl/details/5890333413?utm_medium=api&utm_source=d69e57de,
adzuna_5871029325,adzuna,Data Scientist (Remote),Data Scientist,Antal,Polska,2026-09-04,full_time,,20200.0,26900.0,False,remote,https://www.adzuna.pl/details/5871029325?utm_medium=api&utm_source=d69e57de,23550.0
adzuna_5895449840,adzuna,Senior Data Scientist,Data Scientist,Ciklum,Polska,2026-09-23,full_time,,,,False,onsite/unspecified,https://www.adzuna.pl/details/5895449840?utm_medium=api&utm_source=d69e57de,
adzuna_5821044360,adzuna,Senior Data Scientist,Data Scientist,Bayer Sp. z o.o.,"Warszawa, mazowieckie",2026-07-30,,,20240.0,25300.0,False,onsite/unspecified,https://www.adzuna.pl/details/5821044360?utm_medium=api&utm_source=d69e57de,22770.0
adzuna_5500696344,adzuna,Senior Data Scientist,Data Scientist,Solvd,Polska,2025-11-17,full_time,,,,False,onsite/unspecified,https://www.adzuna.pl/details/5500696344?utm_medium=api&utm_source=d69e57de,
adzuna_5831914997,adzuna,Senior Data Scientist,Data Scientist,Wirtualna Polska Media S.A.,"Warszawa, mazowieckie",2026-08-07,,,,,False,onsite/unspecified,https://www.adzuna.pl/details/5831914997?utm_medium=api&utm_source=d69e57de,
adzuna_5899429490,adzuna,Senior Data Scientist,Data Scientist,Wirtualna Polska Media S.A.,"Warszawa, mazowieckie",2026-09-26,,,,,False,onsite/unspecified,https://www.adzuna.pl/details/5899429490?utm_medium=api&utm_source=d69e57de,
adzuna_5638914380,adzuna,Data Scientist – Warsaw,Data Scientist,QED.ai,"Warszawa, mazowieckie",2026-02-20,full_time,,,,False,onsite/unspecified,https://www.adzuna.pl/details/5638914380?utm_medium=api&utm_source=d69e57de,
adzuna_5832178957,adzuna,Senior Data Scientist,Data Scientist,dentsu,Polska,2026-08-07,full_time,,,,False,onsite/unspecified,https://www.adzuna.pl/details/5832178957?utm_medium=api&utm_source=d69e57de,
adzuna_5871674378,adzuna,Senior Data Scientist,Data Scientist,SQUARE ONE RESOURCES sp. z o.o.,"Warszawa, mazowieckie",2026-09-05,,,,,False,onsite/unspecified,https://www.adzuna.pl/details/5871674378?utm_medium=api&utm_source=d69e57de,
adzuna_5867271003,adzuna,Senior Data Scientist,Data Scientist,P&G,Polska,2026-09-02,full_time,,,,False,onsite/unspecified,https://www.adzuna.pl/details/5867271003?utm_medium=api&utm_source=d69e57de,
adzuna_5889647452,adzuna,Senior Data Scientist,Data Scientist,WPP,"Warszawa, mazowieckie",2026-09-18,full_time,,11542.0,25000.0,False,onsite/unspecified,https://www.adzuna.pl/details/5889647452?utm_medium=api&utm_source=d69e57de,18271.0
adzuna_5866602549,adzuna,Senior Data Scientist,Data Scientist,Procter & Gamble,"Warszawa, mazowieckie",2026-09-02,,,,,False,onsite/unspecified,https://www.adzuna.pl/details/5866602549?utm_medium=api&utm_source=d69e57de,
adzuna_5761851821,adzuna,Junior Data Scientist,Data Scientist,London Stock Exchange Group,Polska,2026-06-13,full_time,,,,False,onsite/unspecified,https://www.adzuna.pl/details/5761851821?utm_medium=api&utm_source=d69e57de,
adzuna_5890868920,adzuna,Data Scientist (Growth),Data Scientist,Viktor,Polska,2026-09-19,full_time,,,,False,onsite/unspecified,https://www.adzuna.pl/details/5890868920?utm_medium=api&utm_source=d69e57de,
adzuna_5871030472,adzuna,Data Scientist (Remote),Data Scientist,CYCLAD,Polska,2026-09-04,full_time,,21800.0,25200.0,False,remote,https://www.adzuna.pl/details/5871030472?utm_medium=api&utm_source=d69e57de,23500.0
adzuna_5900798613,adzuna,Senior Data Scientist,Data Scientist,Entrada AI,Polska,2026-09-27,full_time,,,,False,onsite/unspecified,https://www.adzuna.pl/details/5900798613?utm_medium=api&utm_source=d69e57de,
adzuna_5826863281,adzuna,Data Scientist (Remote),Data Scientist,CYCLAD,Polska,2026-08-03,full_time,,21800.0,25200.0,False,remote,https://www.adzuna.pl/details/5826863281?utm_medium=api&utm_source=d69e57de,23500.0
adzuna_5904127349,adzuna,Lead Data Scientist,Data Scientist,Danaher,Polska,2026-09-30,full_time,,,,False,onsite/unspecified,https://www.adzuna.pl/details/5904127349?utm_medium=api&utm_source=d69e57de,
adzuna_5900359791,adzuna,Lead Data Scientist,Data Scientist,Danaher Corporation,"Kraków, małopolskie",2026-09-27,,,,,False,onsite/unspecified,https://www.adzuna.pl/details/5900359791?utm_medium=api&utm_source=d69e57de,
adzuna_5876126800,adzuna,Data Scientist (Remote),Data Scientist,DCG,"Warszawa, mazowieckie",2026-09-08,full_time,,20200.0,25200.0,False,remote,https://www.adzuna.pl/details/5876126800?utm_medium=api&utm_source=d69e57de,22700.0
adzuna_5877892669,adzuna,Senior Data Scientist (PL),Data Scientist,Digica,Polska,2026-09-10,,,,,False,onsite/unspecified,https://www.adzuna.pl/details/5877892669?utm_medium=api&utm_source=d69e57de,
adzuna_5804815389,adzuna,Data Scientist - Product Catalog Data,Data Scientist,Allegro,"Poznań, wielkopolskie",2026-07-17,,,,,False,onsite/unspecified,https://www.adzuna.pl/details/5804815389?utm_medium=api&utm_source=d69e57de,
adzuna_5808573117,adzuna,Risk AI Data Scientist,Data Scientist,ING,Polska,2026-07-21,full_time,,13000.0,22000.0,False,onsite/unspecified,https://www.adzuna.pl/details/5808573117?utm_medium=api&utm_source=d69e57de,17500.0
adzuna_5884281124,adzuna,Senior Data Scientist ID70128,Data Scientist,AgileEngine,"Wrocław, dolnośląskie",2026-09-15,full_time,,,,False,onsite/unspecified,https://www.adzuna.pl/details/5884281124?utm_medium=api&utm_source=d69e57de,
adzuna_5884281189,adzuna,Senior Data Scientist ID70128,Data Scientist,AgileEngine,"Skórzewo, wielkopolskie",2026-09-15,full_time,,,,False,onsite/unspecified,https://www.adzuna.pl/details/5884281189?utm_medium=api&utm_source=d69e57de,
adzuna_5884281184,adzuna,Senior Data Scientist ID70128,Data Scientist,AgileEngine,"Świdnik, lubelskie",2026-09-15,full_time,,,,False,onsite/unspecified,https://www.adzuna.pl/details/5884281184?utm_medium=api&utm_source=d69e57de,
adzuna_5884281149,adzuna,Senior Data Scientist ID70128,Data Scientist,AgileEngine,"Szczecin, zachodniopomorskie",2026-09-15,full_time,,,,False,onsite/unspecified,https://www.adzuna.pl/details/5884281149?utm_medium=api&utm_source=d69e57de,
adzuna_5884281168,adzuna,Senior Data Scientist ID70128,Data Scientist,AgileEngine,"Zielonki, małopolskie",2026-09-15,full_time,,,,False,onsite/unspecified,https://www.adzuna.pl/details/5884281168?utm_medium=api&utm_source=d69e57de,
adzuna_5884281167,adzuna,Senior Data Scientist ID70128,Data Scientist,AgileEngine,"Sopot, Trójmiasto",2026-09-15,full_time,,,,False,onsite/unspecified,https://www.adzuna.pl/details/5884281167?utm_medium=api&utm_source=d69e57de,
adzuna_5884281141,adzuna,Senior Data Scientist ID70128,Data Scientist,AgileEngine,"Ząbki, mazowieckie",2026-09-15,full_time,,,,False,onsite/unspecified,https://www.adzuna.pl/details/5884281141?utm_medium=api&utm_source=d69e57de,
adzuna_5852444085,adzuna,Senior Lead Data Scientist,Data Scientist,N-iX,"Kraków, małopolskie",2026-08-22,,,23554.0,29753.0,False,onsite/unspecified,https://www.adzuna.pl/details/5852444085?utm_medium=api&utm_source=d69e57de,26653.5
adzuna_5843281501,adzuna,Data Scientist (Generative AI),Data Scientist,Lingaro,Polska,2026-08-15,full_time,,,,False,onsite/unspecified,https://www.adzuna.pl/details/5843281501?utm_medium=api&utm_source=d69e57de,
adzuna_5898061501,adzuna,Senior AI Data Scientist,Data Scientist,VOLKSWAGEN FINANCIAL SERVICES POLSKA SPÓŁKA Z OGRANICZONĄ ODPOWIEDZIALNOŚCIĄ,"Warszawa, mazowieckie",2026-09-25,,,,,False,onsite/unspecified,https://www.adzuna.pl/details/5898061501?utm_medium=api&utm_source=d69e57de,
adzuna_5856528856,adzuna,IT Architect / Data Scientist,Data Scientist,Edge One Solutions Sp. z o.o.,"Warszawa, mazowieckie",2026-08-26,,,,,False,hybrid,https://www.adzuna.pl/details/5856528856?utm_medium=api&utm_source=d69e57de,
adzuna_5832178645,adzuna,Senior Product Data Scientist,Data Scientist,Tripadvisor,Polska,2026-08-07,,,,,False,onsite/unspecified,https://www.adzuna.pl/details/5832178645?utm_medium=api&utm_source=d69e57de,
adzuna_5838585393,adzuna,Principal Product Data Scientist,Data Scientist,Tripadvisor,Polska,2026-08-12,,,,,False,onsite/unspecified,https://www.adzuna.pl/details/5838585393?utm_medium=api&utm_source=d69e57de,
adzuna_5897138279,adzuna,Senior Risk Data Scientist,Data Scientist,GSK,Polska,2026-09-24,full_time,,,,False,onsite/unspecified,https://www.adzuna.pl/details/5897138279?utm_medium=api&utm_source=d69e57de,
adzuna_5840489023,adzuna,Płatne Praktyki | Data Scientist,Data Scientist,PricewaterhouseCoopers,Polska,2026-08-13,full_time,,,,False,onsite/unspecified,https://www.adzuna.pl/details/5840489023?utm_medium=api&utm_source=d69e57de,
adzuna_5871029828,adzuna,Data Scientist (F/M),Data Scientist,Level Work,Polska,2026-09-04,full_time,,17000.0,19000.0,False,onsite/unspecified,https://www.adzuna.pl/details/5871029828?utm_medium=api&utm_source=d69e57de,18000.0
adzuna_5814609653,adzuna,Fullstack Senior Data Scientist,Data Scientist,Lingaro,Polska,2026-07-25,full_time,,,,False,onsite/unspecified,https://www.adzuna.pl/details/5814609653?utm_medium=api&utm_source=d69e57de,
adzuna_5855309805,adzuna,IT Architect Data Scientist,Data Scientist,Edge One Solutions Sp. z o.o,"Warszawa, mazowieckie",2026-08-25,,,,,False,onsite/unspecified,https://www.adzuna.pl/details/5855309805?utm_medium=api&utm_source=d69e57de,
adzuna_5840489640,adzuna,Senior Data Scientist - Data Quality Management,Data Scientist,Belvedere,Polska,2026-08-13,,,,,False,onsite/unspecified,https://www.adzuna.pl/details/5840489640?utm_medium=api&utm_source=d69e57de,
adzuna_5829347316,adzuna,Senior Data Scientist - Credit Risk,Data Scientist,Creditstar,Polska,2026-08-05,full_time,,,,False,onsite/unspecified,https://www.adzuna.pl/details/5829347316?utm_medium=api&utm_source=d69e57de,
adzuna_5891501679,adzuna,Data Scientist - Partner Experience Data & AI,Data Scientist,Allegro.pl sp. z o.o.,"Warszawa, mazowieckie",2026-09-20,,,,,False,onsite/unspecified,https://www.adzuna.pl/details/5891501679?utm_medium=api&utm_source=d69e57de,
adzuna_5891501658,adzuna,Data Scientist - Partner Experience Data & AI,Data Scientist,Allegro.pl sp. z o.o.,"Poznań, wielkopolskie",2026-09-20,,,,,False,onsite/unspecified,https://www.adzuna.pl/details/5891501658?utm_medium=api&utm_source=d69e57de,
adzuna_5891500581,adzuna,"Senior Data Scientist (GCP, ML)",Data Scientist,Applandeo Sp. z o.o.,"Wrocław, dolnośląskie",2026-09-20,,,,,False,onsite/unspecified,https://www.adzuna.pl/details/5891500581?utm_medium=api&utm_source=d69e57de,
adzuna_5891500506,adzuna,"Senior Data Scientist (GCP, ML)",Data Scientist,Applandeo Sp. z o.o.,"Katowice, śląskie",2026-09-20,,,,,False,onsite/unspecified,https://www.adzuna.pl/details/5891500506?utm_medium=api&utm_source=d69e57de,
adzuna_5891500508,adzuna,"Senior Data Scientist (GCP, ML)",Data Scientist,Applandeo Sp. z o.o.,"Gdańsk, Trójmiasto",2026-09-20,,,,,False,onsite/unspecified,https://www.adzuna.pl/details/5891500508?utm_medium=api&utm_source=d69e57de,
adzuna_5891500650,adzuna,"Senior Data Scientist (GCP, ML)",Data Scientist,Applandeo Sp. z o.o.,"Warszawa, mazowieckie",2026-09-20,,,,,False,onsite/unspecified,https://www.adzuna.pl/details/5891500650?utm_medium=api&utm_source=d69e57de,
adzuna_5891500544,adzuna,"Senior Data Scientist (GCP, ML)",Data Scientist,Applandeo Sp. z o.o.,"Kraków, małopolskie",2026-09-20,,,,,False,onsite/unspecified,https://www.adzuna.pl/details/5891500544?utm_medium=api&utm_source=d69e57de,
adzuna_5882800306,adzuna,Regular Data Scientist (k/m),Data Scientist,SoftBlue,Polska,2026-09-13,,,,,False,onsite/unspecified,https://www.adzuna.pl/details/5882800306?utm_medium=api&utm_source=d69e57de,
adzuna_5867271834,adzuna,Senior Applied Data Scientist | NDA,Data Scientist,Offshore Software Development and Product Studio,"Warszawa, mazowieckie",2026-09-02,full_time,,,,False,onsite/unspecified,https://www.adzuna.pl/details/5867271834?utm_medium=api&utm_source=d69e57de,
adzuna_5841098266,adzuna,Senior Data Scientist — Predict Team,Data Scientist,Recrucial,"Warszawa, mazowieckie",2026-08-14,,,,,False,remote,https://www.adzuna.pl/details/5841098266?utm_medium=api&utm_source=d69e57de,
adzuna_5870230374,adzuna,Applied AI Data Scientist - Manufacturing,Data Scientist,LHH Recruitment Solutions,"Kraków, małopolskie",2026-09-04,,,,,False,onsite/unspecified,https://www.adzuna.pl/details/5870230374?utm_medium=api&utm_source=d69e57de,
adzuna_5899445467,adzuna,Data Scientist – Machine Learning Pipelines,Data Scientist,ITDS Polska Sp. z o.o.,"Kraków, małopolskie",2026-09-26,,,,,False,onsite/unspecified,https://www.adzuna.pl/details/5899445467?utm_medium=api&utm_source=d69e57de,
adzuna_5861998879,adzuna,Data Scientist | f/m/d,Data Scientist,ERGO Technology & Services S.A.,"Warszawa, mazowieckie",2026-08-30,,,,,False,onsite/unspecified,https://www.adzuna.pl/details/5861998879?utm_medium=api&utm_source=d69e57de,
adzuna_5861998791,adzuna,Data Scientist | f/m/d,Data Scientist,ERGO Technology & Services S.A.,"Gdańsk, Trójmiasto",2026-08-30,,,,,False,onsite/unspecified,https://www.adzuna.pl/details/5861998791?utm_medium=api&utm_source=d69e57de,
adzuna_5905235534,adzuna,Data Scientist | f/m/d,Data Scientist,ERGO Technology & Services S.A.,"Warszawa, mazowieckie",2026-10-01,,,,,False,onsite/unspecified,https://www.adzuna.pl/details/5905235534?utm_medium=api&utm_source=d69e57de,
adzuna_5905235533,adzuna,Data Scientist | f/m/d,Data Scientist,ERGO Technology & Services S.A.,"Gdańsk, Trójmiasto",2026-10-01,,,,,False,onsite/unspecified,https://www.adzuna.pl/details/5905235533?utm_medium=api&utm_source=d69e57de,
adzuna_5885831812,adzuna,Senior Data Scientist w Pionie Ryzyka,Data Scientist,VeloBank S.A.,"Warszawa, mazowieckie",2026-09-16,,,,,False,onsite/unspecified,https://www.adzuna.pl/details/5885831812?utm_medium=api&utm_source=d69e57de,
adzuna_5885832108,adzuna,Senior Data Scientist w Pionie Ryzyka,Data Scientist,VeloBank S.A.,"Wrocław, dolnośląskie",2026-09-16,,,,,False,onsite/unspecified,https://www.adzuna.pl/details/5885832108?utm_medium=api&utm_source=d69e57de,
adzuna_5878157160,adzuna,Data Scientist and Model Developer,Data Scientist,Citi Poland,"Warszawa, mazowieckie",2026-09-10,,,,,False,onsite/unspecified,https://www.adzuna.pl/details/5878157160?utm_medium=api&utm_source=d69e57de,
adzuna_5833691207,adzuna,Data Scientist - Deep Learning Forecasting,Data Scientist,Fetcherr,"Węgrzce, małopolskie",2026-08-08,full_time,,,,False,onsite/unspecified,https://www.adzuna.pl/details/5833691207?utm_medium=api&utm_source=d69e57de,
adzuna_5833691299,adzuna,Data Scientist - Deep Learning Forecasting,Data Scientist,Fetcherr,"Wrocław, dolnośląskie",2026-08-08,full_time,,,,False,onsite/unspecified,https://www.adzuna.pl/details/5833691299?utm_medium=api&utm_source=d69e57de,
adzuna_5833692489,adzuna,Data Scientist - Deep Learning Forecasting,Data Scientist,Fetcherr,"Warszawa, mazowieckie",2026-08-08,full_time,,,,False,onsite/unspecified,https://www.adzuna.pl/details/5833692489?utm_medium=api&utm_source=d69e57de,
adzuna_5900449327,adzuna,Data Scientist (m/f/d),Data Scientist,Commerzbank AG,"Łódź, łódzkie",2026-09-27,,,,,False,onsite/unspecified,https://www.adzuna.pl/details/5900449327?utm_medium=api&utm_source=d69e57de,
adzuna_5841098274,adzuna,Senior Data Scientist — Solve Team,Data Scientist,Recrucial,"Warszawa, mazowieckie",2026-08-14,,,,,False,remote,https://www.adzuna.pl/details/5841098274?utm_medium=api&utm_source=d69e57de,
adzuna_5797408725,adzuna,[TECH] Senior Data Scientist [GROWTH],Data Scientist,HelloFresh,Polska,2026-07-12,,,,,False,onsite/unspecified,https://www.adzuna.pl/details/5797408725?utm_medium=api&utm_source=d69e57de,
adzuna_5790509861,adzuna,Data Scientist - Partner Growth & Pricing,Data Scientist,Allegro,"Warszawa, mazowieckie",2026-07-07,,,,,False,onsite/unspecified,https://www.adzuna.pl/details/5790509861?utm_medium=api&utm_source=d69e57de,
adzuna_5897130370,adzuna,Data Scientist / Analityk Baz Danych,Data Scientist,Ekovoltis,"Warszawa, mazowieckie",2026-09-24,,,,,False,onsite/unspecified,https://www.adzuna.pl/details/5897130370?utm_medium=api&utm_source=d69e57de,
adzuna_5885168393,adzuna,Data Scientist and Model Developer,Data Scientist,Citigroup,"Warszawa, mazowieckie",2026-09-15,full_time,,20100.0,34300.0,False,onsite/unspecified,https://www.adzuna.pl/details/5885168393?utm_medium=api&utm_source=d69e57de,27200.0
adzuna_5853437069,adzuna,Actuarial Data Scientist | f/m/d,Data Scientist,ERGO Technology & Services S.A.,"Warszawa, mazowieckie",2026-08-23,,,,,False,onsite/unspecified,https://www.adzuna.pl/details/5853437069?utm_medium=api&utm_source=d69e57de,
adzuna_5830372245,adzuna,Senior Data Scientist – Financial AI & Analytics,Data Scientist,ITDS,"Warszawa, mazowieckie",2026-08-06,,,16800.0,27300.0,False,hybrid,https://www.adzuna.pl/details/5830372245?utm_medium=api&utm_source=d69e57de,22050.0
adzuna_5850637970,adzuna,"Senior Data Scientist, Predictive Analytics & Modeling",Data Scientist,Fresenius Medical Care,"Wrocław, dolnośląskie",2026-08-21,,,,,False,onsite/unspecified,https://www.adzuna.pl/details/5850637970?utm_medium=api&utm_source=d69e57de,
adzuna_5906151122,adzuna,Senior Data Scientist (Supply Chain Planning),Data Scientist,P&G,Polska,2026-10-01,full_time,,,,False,onsite/unspecified,https://www.adzuna.pl/details/5906151122?utm_medium=api&utm_source=d69e57de,
adzuna_5857133830,adzuna,Senior Data Scientist (Agentic AI Platform),Data Scientist,Johnson Controls,"Warszawa, mazowieckie",2026-08-26,full_time,,,,False,onsite/unspecified,https://www.adzuna.pl/details/5857133830?utm_medium=api&utm_source=d69e57de,
adzuna_5907496519,adzuna,Senior Data Scientist (Supply Chain Planning),Data Scientist,Procter & Gamble,"Warszawa, mazowieckie",2026-10-02,,,,,False,onsite/unspecified,https://www.adzuna.pl/details/5907496519?utm_medium=api&utm_source=d69e57de,
adzuna_5896530069,adzuna,Mid Data Scientist (f/m/x),Data Scientist,Sii Sp. z o.o.,"Warszawa, mazowieckie",2026-09-24,,,,,False,onsite/unspecified,https://www.adzuna.pl/details/5896530069?utm_medium=api&utm_source=d69e57de,
adzuna_5896530072,adzuna,Mid Data Scientist (f/m/x),Data Scientist,Sii Sp. z o.o.,"Poznań, wielkopolskie",2026-09-24,,,,,False,onsite/unspecified,https://www.adzuna.pl/details/5896530072?utm_medium=api&utm_source=d69e57de,
adzuna_5896530101,adzuna,Mid Data Scientist (f/m/x),Data Scientist,Sii Sp. z o.o.,"Gdańsk, Trójmiasto",2026-09-24,,,,,False,onsite/unspecified,https://www.adzuna.pl/details/5896530101?utm_medium=api&utm_source=d69e57de,
adzuna_5896530127,adzuna,Mid Data Scientist (f/m/x),Data Scientist,Sii Sp. z o.o.,"Kraków, małopolskie",2026-09-24,,,,,False,onsite/unspecified,https://www.adzuna.pl/details/5896530127?utm_medium=api&utm_source=d69e57de,
adzuna_5896530153,adzuna,Mid Data Scientist (f/m/x),Data Scientist,Sii Sp. z o.o.,"Szczecin, zachodniopomorskie",2026-09-24,,,,,False,onsite/unspecified,https://www.adzuna.pl/details/5896530153?utm_medium=api&utm_source=d69e57de,
adzuna_5896529923,adzuna,Mid Data Scientist (f/m/x),Data Scientist,Sii Sp. z o.o.,"Wrocław, dolnośląskie",2026-09-24,,,,,False,onsite/unspecified,https://www.adzuna.pl/details/5896529923?utm_medium=api&utm_source=d69e57de,
adzuna_5896530062,adzuna,Mid Data Scientist (f/m/x),Data Scientist,Sii Sp. z o.o.,"Toruń, kujawsko-pomorskie",2026-09-24,,,,,False,onsite/unspecified,https://www.adzuna.pl/details/5896530062?utm_medium=api&utm_source=d69e57de,
adzuna_5896530111,adzuna,Mid Data Scientist (f/m/x),Data Scientist,Sii Sp. z o.o.,"Piła, wielkopolskie",2026-09-24,,,,,False,onsite/unspecified,https://www.adzuna.pl/details/5896530111?utm_medium=api&utm_source=d69e57de,
adzuna_5896530196,adzuna,Mid Data Scientist (f/m/x),Data Scientist,Sii Sp. z o.o.,"Rzeszów, podkarpackie",2026-09-24,,,,,False,onsite/unspecified,https://www.adzuna.pl/details/5896530196?utm_medium=api&utm_source=d69e57de,
adzuna_5896530131,adzuna,Mid Data Scientist (f/m/x),Data Scientist,Sii Sp. z o.o.,"Białystok, podlaskie",2026-09-24,,,,,False,onsite/unspecified,https://www.adzuna.pl/details/5896530131?utm_medium=api&utm_source=d69e57de,
adzuna_5896530051,adzuna,Mid Data Scientist (f/m/x),Data Scientist,Sii Sp. z o.o.,"Łódź, łódzkie",2026-09-24,,,,,False,onsite/unspecified,https://www.adzuna.pl/details/5896530051?utm_medium=api&utm_source=d69e57de,
adzuna_5896530100,adzuna,Mid Data Scientist (f/m/x),Data Scientist,Sii Sp. z o.o.,"Lublin, lubelskie",2026-09-24,,,,,False,onsite/unspecified,https://www.adzuna.pl/details/5896530100?utm_medium=api&utm_source=d69e57de,
adzuna_5896530133,adzuna,Mid Data Scientist (f/m/x),Data Scientist,Sii Sp. z o.o.,"Katowice, śląskie",2026-09-24,,,,,False,onsite/unspecified,https://www.adzuna.pl/details/5896530133?utm_medium=api&utm_source=d69e57de,
adzuna_5896530109,adzuna,Mid Data Scientist (f/m/x),Data Scientist,Sii Sp. z o.o.,"Bydgoszcz, kujawsko-pomorskie",2026-09-24,,,,,False,onsite/unspecified,https://www.adzuna.pl/details/5896530109?utm_medium=api&utm_source=d69e57de,
adzuna_5822520377,adzuna,Senior Data Scientist - Model Risk Office,Data Scientist,P&G,Polska,2026-07-31,full_time,,,,False,onsite/unspecified,https://www.adzuna.pl/details/5822520377?utm_medium=api&utm_source=d69e57de,
adzuna_5823380598,adzuna,Senior Data Scientist - Model Risk Office,Data Scientist,Procter & Gamble,"Warszawa, mazowieckie",2026-08-01,,,,,False,onsite/unspecified,https://www.adzuna.pl/details/5823380598?utm_medium=api&utm_source=d69e57de,
adzuna_5848523564,adzuna,"Data Scientist, Commercial Analytics (R-19743)",Data Scientist,Dun & Bradstreet,"Warszawa, mazowieckie",2026-08-19,full_time,,,,False,onsite/unspecified,https://www.adzuna.pl/details/5848523564?utm_medium=api&utm_source=d69e57de,
adzuna_5829012444,adzuna,Principal AI & Data Scientist Team Lead,Data Scientist,PAYBACK,"Warszawa, mazowieckie",2026-08-05,,,,,False,onsite/unspecified,https://www.adzuna.pl/details/5829012444?utm_medium=api&utm_source=d69e57de,
adzuna_5779531628,adzuna,Senior Data Scientist with Data Engineering Skills (kontraktor),Data Engineer,ITSG,Polska,2026-06-28,,,,,False,onsite/unspecified,https://www.adzuna.pl/details/5779531628?utm_medium=api&utm_source=d69e57de,
adzuna_5902535165,adzuna,Senior Data Scientist - Linear Optimization (All Genders),Data Scientist,zooplus SE,Polska,2026-09-29,,,,,False,onsite/unspecified,https://www.adzuna.pl/details/5902535165?utm_medium=api&utm_source=d69e57de,
adzuna_5859471541,adzuna,Data Scientist with ML (f/m/x),Data Scientist,Sii Sp. z o.o.,"Katowice, śląskie",2026-08-28,,,,,False,onsite/unspecified,https://www.adzuna.pl/details/5859471541?utm_medium=api&utm_source=d69e57de,
adzuna_5859471631,adzuna,Data Scientist with ML (f/m/x),Data Scientist,Sii Sp. z o.o.,"Wrocław, dolnośląskie",2026-08-28,,,,,False,onsite/unspecified,https://www.adzuna.pl/details/5859471631?utm_medium=api&utm_source=d69e57de,
adzuna_5859471584,adzuna,Data Scientist with ML (f/m/x),Data Scientist,Sii Sp. z o.o.,"Poznań, wielkopolskie",2026-08-28,,,,,False,onsite/unspecified,https://www.adzuna.pl/details/5859471584?utm_medium=api&utm_source=d69e57de,
adzuna_5859471641,adzuna,Data Scientist with ML (f/m/x),Data Scientist,Sii Sp. z o.o.,"Łódź, łódzkie",2026-08-28,,,,,False,onsite/unspecified,https://www.adzuna.pl/details/5859471641?utm_medium=api&utm_source=d69e57de,
adzuna_5859471560,adzuna,Data Scientist with ML (f/m/x),Data Scientist,Sii Sp. z o.o.,"Kraków, małopolskie",2026-08-28,,,,,False,onsite/unspecified,https://www.adzuna.pl/details/5859471560?utm_medium=api&utm_source=d69e57de,
adzuna_5859471621,adzuna,Data Scientist with ML (f/m/x),Data Scientist,Sii Sp. z o.o.,"Gdańsk, Trójmiasto",2026-08-28,,,,,False,onsite/unspecified,https://www.adzuna.pl/details/5859471621?utm_medium=api&utm_source=d69e57de,
adzuna_5859471591,adzuna,Data Scientist with ML (f/m/x),Data Scientist,Sii Sp. z o.o.,"Rzeszów, podkarpackie",2026-08-28,,,,,False,onsite/unspecified,https://www.adzuna.pl/details/5859471591?utm_medium=api&utm_source=d69e57de,
adzuna_5859471572,adzuna,Data Scientist with ML (f/m/x),Data Scientist,Sii Sp. z o.o.,"Warszawa, mazowieckie",2026-08-28,,,,,False,onsite/unspecified,https://www.adzuna.pl/details/5859471572?utm_medium=api&utm_source=d69e57de,
adzuna_5899446265,adzuna,Data Scientist with ML (f/m/x),Data Scientist,Sii Sp. z o.o.,"Białystok, podlaskie",2026-09-26,,,,,False,onsite/unspecified,https://www.adzuna.pl/details/5899446265?utm_medium=api&utm_source=d69e57de,
adzuna_5899446271,adzuna,Data Scientist with ML (f/m/x),Data Scientist,Sii Sp. z o.o.,"Bydgoszcz, kujawsko-pomorskie",2026-09-26,,,,,False,onsite/unspecified,https://www.adzuna.pl/details/5899446271?utm_medium=api&utm_source=d69e57de,
adzuna_5899446260,adzuna,Data Scientist with ML (f/m/x),Data Scientist,Sii Sp. z o.o.,"Szczecin, zachodniopomorskie",2026-09-26,,,,,False,onsite/unspecified,https://www.adzuna.pl/details/5899446260?utm_medium=api&utm_source=d69e57de,
adzuna_5899446393,adzuna,Data Scientist with ML (f/m/x),Data Scientist,Sii Sp. z o.o.,"Toruń, kujawsko-pomorskie",2026-09-26,,,,,False,onsite/unspecified,https://www.adzuna.pl/details/5899446393?utm_medium=api&utm_source=d69e57de,
adzuna_5899446281,adzuna,Data Scientist with ML (f/m/x),Data Scientist,Sii Sp. z o.o.,"Lublin, lubelskie",2026-09-26,,,,,False,onsite/unspecified,https://www.adzuna.pl/details/5899446281?utm_medium=api&utm_source=d69e57de,
adzuna_5899446283,adzuna,Data Scientist with ML (f/m/x),Data Scientist,Sii Sp. z o.o.,"Piła, wielkopolskie",2026-09-26,,,,,False,onsite/unspecified,https://www.adzuna.pl/details/5899446283?utm_medium=api&utm_source=d69e57de,
adzuna_5853437153,adzuna,Lead Actuarial Data Scientist | f/m/d,Data Scientist,ERGO Technology & Services S.A.,"Warszawa, mazowieckie",2026-08-23,,,,,False,onsite/unspecified,https://www.adzuna.pl/details/5853437153?utm_medium=api&utm_source=d69e57de,
adzuna_5825806919,adzuna,"Senior Data Scientist, Demand Forecasting, Food Systems",Data Scientist,HelloFresh,Polska,2026-08-02,,,,,False,onsite/unspecified,https://www.adzuna.pl/details/5825806919?utm_medium=api&utm_source=d69e57de,
adzuna_5675533241,adzuna,Senior Data Scientist – Procurement (m/f/d),Data Scientist,PPG,Polska,2026-03-22,full_time,,,,False,onsite/unspecified,https://www.adzuna.pl/details/5675533241?utm_medium=api&utm_source=d69e57de,
adzuna_5882883544,adzuna,Data Scientist (AI Solutions) | f/m/d,Data Scientist,ERGO Technology & Services S.A.,"Gdańsk, Trójmiasto",2026-09-13,,,,,False,onsite/unspecified,https://www.adzuna.pl/details/5882883544?utm_medium=api&utm_source=d69e57de,
adzuna_5905235623,adzuna,Data Scientist (AI Solutions) | f/m/d,Data Scientist,ERGO Technology & Services S.A.,"Warszawa, mazowieckie",2026-10-01,,,,,False,onsite/unspecified,https://www.adzuna.pl/details/5905235623?utm_medium=api&utm_source=d69e57de,
adzuna_5900450820,adzuna,Data Scientist - Statistical Programmer (f/m/x),Data Scientist,Sii Sp. z o.o.,"Gdańsk, Trójmiasto",2026-09-27,,,,,False,remote,https://www.adzuna.pl/details/5900450820?utm_medium=api&utm_source=d69e57de,
adzuna_5900450792,adzuna,Data Scientist - Statistical Programmer (f/m/x),Data Scientist,Sii Sp. z o.o.,"Warszawa, mazowieckie",2026-09-27,,,,,False,remote,https://www.adzuna.pl/details/5900450792?utm_medium=api&utm_source=d69e57de,
adzuna_5900450827,adzuna,Data Scientist - Statistical Programmer (f/m/x),Data Scientist,Sii Sp. z o.o.,"Lublin, lubelskie",2026-09-27,,,,,False,remote,https://www.adzuna.pl/details/5900450827?utm_medium=api&utm_source=d69e57de,
adzuna_5900450822,adzuna,Data Scientist - Statistical Programmer (f/m/x),Data Scientist,Sii Sp. z o.o.,"Katowice, śląskie",2026-09-27,,,,,False,remote,https://www.adzuna.pl/details/5900450822?utm_medium=api&utm_source=d69e57de,
adzuna_5900450831,adzuna,Data Scientist - Statistical Programmer (f/m/x),Data Scientist,Sii Sp. z o.o.,"Wrocław, dolnośląskie",2026-09-27,,,,,False,remote,https://www.adzuna.pl/details/5900450831?utm_medium=api&utm_source=d69e57de,
adzuna_5900450835,adzuna,Data Scientist - Statistical Programmer (f/m/x),Data Scientist,Sii Sp. z o.o.,"Piła, wielkopolskie",2026-09-27,,,,,False,remote,https://www.adzuna.pl/details/5900450835?utm_medium=api&utm_source=d69e57de,
adzuna_5900450851,adzuna,Data Scientist - Statistical Programmer (f/m/x),Data Scientist,Sii Sp. z o.o.,"Poznań, wielkopolskie",2026-09-27,,,,,False,remote,https://www.adzuna.pl/details/5900450851?utm_medium=api&utm_source=d69e57de,
adzuna_5900450823,adzuna,Data Scientist - Statistical Programmer (f/m/x),Data Scientist,Sii Sp. z o.o.,"Kraków, małopolskie",2026-09-27,,,,,False,remote,https://www.adzuna.pl/details/5900450823?utm_medium=api&utm_source=d69e57de,
adzuna_5900450787,adzuna,Data Scientist - Statistical Programmer (f/m/x),Data Scientist,Sii Sp. z o.o.,"Toruń, kujawsko-pomorskie",2026-09-27,,,,,False,remote,https://www.adzuna.pl/details/5900450787?utm_medium=api&utm_source=d69e57de,
adzuna_5900450826,adzuna,Data Scientist - Statistical Programmer (f/m/x),Data Scientist,Sii Sp. z o.o.,"Rzeszów, podkarpackie",2026-09-27,,,,,False,remote,https://www.adzuna.pl/details/5900450826?utm_medium=api&utm_source=d69e57de,
adzuna_5900450800,adzuna,Data Scientist - Statistical Programmer (f/m/x),Data Scientist,Sii Sp. z o.o.,"Białystok, podlaskie",2026-09-27,,,,,False,remote,https://www.adzuna.pl/details/5900450800?utm_medium=api&utm_source=d69e57de,
adzuna_5900450776,adzuna,Data Scientist - Statistical Programmer (f/m/x),Data Scientist,Sii Sp. z o.o.,"Szczecin, zachodniopomorskie",2026-09-27,,,,,False,remote,https://www.adzuna.pl/details/5900450776?utm_medium=api&utm_source=d69e57de,
adzuna_5900450815,adzuna,Data Scientist - Statistical Programmer (f/m/x),Data Scientist,Sii Sp. z o.o.,"Łódź, łódzkie",2026-09-27,,,,,False,remote,https://www.adzuna.pl/details/5900450815?utm_medium=api&utm_source=d69e57de,
adzuna_5900450788,adzuna,Data Scientist - Statistical Programmer (f/m/x),Data Scientist,Sii Sp. z o.o.,"Bydgoszcz, kujawsko-pomorskie",2026-09-27,,,,,False,remote,https://www.adzuna.pl/details/5900450788?utm_medium=api&utm_source=d69e57de,
adzuna_5905236109,adzuna,Data Scientist - Sales Analytics (m/f/d),Data Scientist,Commerzbank AG,"Łódź, łódzkie",2026-10-01,,,,,False,onsite/unspecified,https://www.adzuna.pl/details/5905236109?utm_medium=api&utm_source=d69e57de,
adzuna_5906150409,adzuna,D2P Data & Analytics Data Scientist - RDT ERP,Data Scientist,Roche,Polska,2026-10-01,full_time,,,,False,onsite/unspecified,https://www.adzuna.pl/details/5906150409?utm_medium=api&utm_source=d69e57de,
adzuna_5907496164,adzuna,D2P Data & Analytics Data Scientist - RDT ERP,Data Scientist,Roche,"Warszawa, mazowieckie",2026-10-02,,,,,False,onsite/unspecified,https://www.adzuna.pl/details/5907496164?utm_medium=api&utm_source=d69e57de,
adzuna_5871029523,adzuna,Senior Marketing Mix Modeling Data Scientist (Remote),Data Scientist,CYCLAD,Polska,2026-09-04,full_time,,27700.0,31100.0,False,remote,https://www.adzuna.pl/details/5871029523?utm_medium=api&utm_source=d69e57de,29400.0
adzuna_5855310586,adzuna,Data Scientist AI Solution | f m d,Data Scientist,ERGO Technology & Services,"Warszawa, mazowieckie",2026-08-25,,,,,False,onsite/unspecified,https://www.adzuna.pl/details/5855310586?utm_medium=api&utm_source=d69e57de,
adzuna_5831914295,adzuna,Senior Data Scientist Demand Forecasting Food Systems Alliance,Data Scientist,HelloFresh,"Warszawa, mazowieckie",2026-08-07,,,23000.0,36000.0,False,onsite/unspecified,https://www.adzuna.pl/details/5831914295?utm_medium=api&utm_source=d69e57de,29500.0
adzuna_5880762586,adzuna,Senior Data Scientist – AdTech & Healthcare (f/m/x),Data Scientist,Sii Sp. z o.o.,"Rzeszów, podkarpackie",2026-09-12,,,,,False,onsite/unspecified,https://www.adzuna.pl/details/5880762586?utm_medium=api&utm_source=d69e57de,
adzuna_5880762588,adzuna,Senior Data Scientist – AdTech & Healthcare (f/m/x),Data Scientist,Sii Sp. z o.o.,"Białystok, podlaskie",2026-09-12,,,,,False,onsite/unspecified,https://www.adzuna.pl/details/5880762588?utm_medium=api&utm_source=d69e57de,
adzuna_5880762584,adzuna,Senior Data Scientist – AdTech & Healthcare (f/m/x),Data Scientist,Sii Sp. z o.o.,"Łódź, łódzkie",2026-09-12,,,,,False,onsite/unspecified,https://www.adzuna.pl/details/5880762584?utm_medium=api&utm_source=d69e57de,
adzuna_5880762595,adzuna,Senior Data Scientist – AdTech & Healthcare (f/m/x),Data Scientist,Sii Sp. z o.o.,"Bydgoszcz, kujawsko-pomorskie",2026-09-12,,,,,False,onsite/unspecified,https://www.adzuna.pl/details/5880762595?utm_medium=api&utm_source=d69e57de,
adzuna_5880762587,adzuna,Senior Data Scientist – AdTech & Healthcare (f/m/x),Data Scientist,Sii Sp. z o.o.,"Warszawa, mazowieckie",2026-09-12,,,,,False,onsite/unspecified,https://www.adzuna.pl/details/5880762587?utm_medium=api&utm_source=d69e57de,
adzuna_5880762592,adzuna,Senior Data Scientist – AdTech & Healthcare (f/m/x),Data Scientist,Sii Sp. z o.o.,"Katowice, śląskie",2026-09-12,,,,,False,onsite/unspecified,https://www.adzuna.pl/details/5880762592?utm_medium=api&utm_source=d69e57de,
adzuna_5880762594,adzuna,Senior Data Scientist – AdTech & Healthcare (f/m/x),Data Scientist,Sii Sp. z o.o.,"Toruń, kujawsko-pomorskie",2026-09-12,,,,,False,onsite/unspecified,https://www.adzuna.pl/details/5880762594?utm_medium=api&utm_source=d69e57de,
adzuna_5880762585,adzuna,Senior Data Scientist – AdTech & Healthcare (f/m/x),Data Scientist,Sii Sp. z o.o.,"Kraków, małopolskie",2026-09-12,,,,,False,onsite/unspecified,https://www.adzuna.pl/details/5880762585?utm_medium=api&utm_source=d69e57de,
adzuna_5880762596,adzuna,Senior Data Scientist – AdTech & Healthcare (f/m/x),Data Scientist,Sii Sp. z o.o.,"Piła, wielkopolskie",2026-09-12,,,,,False,onsite/unspecified,https://www.adzuna.pl/details/5880762596?utm_medium=api&utm_source=d69e57de,
adzuna_5880762597,adzuna,Senior Data Scientist – AdTech & Healthcare (f/m/x),Data Scientist,Sii Sp. z o.o.,"Wrocław, dolnośląskie",2026-09-12,,,,,False,onsite/unspecified,https://www.adzuna.pl/details/5880762597?utm_medium=api&utm_source=d69e57de,
adzuna_5880762591,adzuna,Senior Data Scientist – AdTech & Healthcare (f/m/x),Data Scientist,Sii Sp. z o.o.,"Poznań, wielkopolskie",2026-09-12,,,,,False,onsite/unspecified,https://www.adzuna.pl/details/5880762591?utm_medium=api&utm_source=d69e57de,
adzuna_5880762583,adzuna,Senior Data Scientist – AdTech & Healthcare (f/m/x),Data Scientist,Sii Sp. z o.o.,"Lublin, lubelskie",2026-09-12,,,,,False,onsite/unspecified,https://www.adzuna.pl/details/5880762583?utm_medium=api&utm_source=d69e57de,
adzuna_5880762590,adzuna,Senior Data Scientist – AdTech & Healthcare (f/m/x),Data Scientist,Sii Sp. z o.o.,"Gdańsk, Trójmiasto",2026-09-12,,,,,False,onsite/unspecified,https://www.adzuna.pl/details/5880762590?utm_medium=api&utm_source=d69e57de,
adzuna_5880762593,adzuna,Senior Data Scientist – AdTech & Healthcare (f/m/x),Data Scientist,Sii Sp. z o.o.,"Szczecin, zachodniopomorskie",2026-09-12,,,,,False,onsite/unspecified,https://www.adzuna.pl/details/5880762593?utm_medium=api&utm_source=d69e57de,
adzuna_5636665280,adzuna,"Senior Data Scientist, Growth Alliance (m/f/d)",Data Scientist,HelloFresh,Polska,2026-02-19,,,,,False,onsite/unspecified,https://www.adzuna.pl/details/5636665280?utm_medium=api&utm_source=d69e57de,
adzuna_5907674672,adzuna,Senior Data Scientist (k/m) w Biurze Rozwoju Modeli Taryfowych,Data Scientist,GRUPA PZU,"Warszawa, mazowieckie",2026-10-02,,,,,False,onsite/unspecified,https://www.adzuna.pl/details/5907674672?utm_medium=api&utm_source=d69e57de,
adzuna_5905236108,adzuna,Data Scientist with German - Sales Analytics (m/f/d),Data Scientist,Commerzbank AG,"Łódź, łódzkie",2026-10-01,,,,,False,onsite/unspecified,https://www.adzuna.pl/details/5905236108?utm_medium=api&utm_source=d69e57de,
adzuna_5636679262,adzuna,"Senior Data Scientist, AdTech Tribe, Growth Alliance (f/m/x)",Data Scientist,HelloFresh,Polska,2026-02-19,,,,,False,onsite/unspecified,https://www.adzuna.pl/details/5636679262?utm_medium=api&utm_source=d69e57de,
adzuna_5893490092,adzuna,Senior Data Scientist - Real-Time Esports Predictions (m/f/x),Data Scientist,GRID eSports GmbH,Polska,2026-09-22,full_time,,,,False,remote,https://www.adzuna.pl/details/5893490092?utm_medium=api&utm_source=d69e57de,
adzuna_5884167569,adzuna,AI Developer @ apreel Sp. z o.o.,Data Scientist,apreel Sp. z o.o.,"Warszawa, mazowieckie",2026-09-15,full_time,,,,False,onsite/unspecified,https://www.adzuna.pl/land/ad/5884167569?se=rgRWsm--8RGSfYHHW1SRSw&utm_medium=api&utm_source=d69e57de&v=7BF8E66CF3428EB3254A2AFEAA44560DB2FFC147,
adzuna_5855528980,adzuna,ekspert / ekspertka ds. pricingu ubezpieczeń detalicznych,Other,Fundacja Grupy ERGO Hestia Integralia,"Sopot, Trójmiasto",2026-08-25,,,,,False,onsite/unspecified,https://www.adzuna.pl/land/ad/5855528980?se=rgRWsm--8RGSfYHHW1SRSw&utm_medium=api&utm_source=d69e57de&v=88E4EB49018DCC083B555035FA196384B3F9D321,
adzuna_5873773116,adzuna,"Data Scientist and Model Developer fixed term contract till end of Dec 2027, Vice President",Data Scientist,Citigroup,"Warszawa, mazowieckie",2026-09-07,,,,,False,onsite/unspecified,https://www.adzuna.pl/details/5873773116?utm_medium=api&utm_source=d69e57de,
adzuna_5903636417,adzuna,Senior Fullstack Developer Python / AI,Data Scientist,Kaft Sp. z o.o.,"Warszawa, mazowieckie",2026-09-30,,,,,False,onsite/unspecified,https://www.adzuna.pl/details/5903636417?utm_medium=api&utm_source=d69e57de,
adzuna_5903636429,adzuna,Full Stack Python / AI Developer,Data Scientist,Kaft Sp. z o.o.,"Warszawa, mazowieckie",2026-09-30,,,,,False,onsite/unspecified,https://www.adzuna.pl/details/5903636429?utm_medium=api&utm_source=d69e57de,
adzuna_5898746670,adzuna,Python AI Developer,Data Scientist,apreel,"Warszawa, mazowieckie",2026-09-25,full_time,,18500.0,27700.0,False,onsite/unspecified,https://www.adzuna.pl/details/5898746670?utm_medium=api&utm_source=d69e57de,23100.0
adzuna_5897359329,adzuna,Fullstack AI Engineer,ML Engineer,ITFS,"Warszawa, mazowieckie",2026-09-24,full_time,,21800.0,26900.0,False,hybrid,https://www.adzuna.pl/details/5897359329?utm_medium=api&utm_source=d69e57de,24350.0
adzuna_5898060508,adzuna,T Business - Key Account Manager - Reklama Mobilna,Other,T-Mobile,"Warszawa, mazowieckie",2026-09-25,,,,,False,onsite/unspecified,https://www.adzuna.pl/land/ad/5898060508?se=rgRWsm--8RGSfYHHW1SRSw&utm_medium=api&utm_source=d69e57de&v=3827A2B393DEECD62FBF7431D7E13D7463D0EA34,
adzuna_5898061391,adzuna,Mid Fullstack Python Developer,Other,NESS SOLUTION sp. z o.o.,"Warszawa, mazowieckie",2026-09-25,,,,,False,onsite/unspecified,https://www.adzuna.pl/details/5898061391?utm_medium=api&utm_source=d69e57de,
adzuna_5900449790,adzuna,AI Engineer Python,ML Engineer,Connectis,"Warszawa, mazowieckie",2026-09-27,,,,,False,onsite/unspecified,https://www.adzuna.pl/details/5900449790?utm_medium=api&utm_source=d69e57de,
adzuna_5636067336,adzuna,Business Intelligence Analyst,BI Developer,Telemedi,Polska,2026-02-19,full_time,,16000.0,25000.0,False,onsite/unspecified,https://www.adzuna.pl/details/5636067336?utm_medium=api&utm_source=d69e57de,20500.0
adzuna_5891501464,adzuna,Analityk biznesowy / Analityczka biznesowa,Other,B2B.NET S.A.,"Warszawa, mazowieckie",2026-09-20,,,,,False,onsite/unspecified,https://www.adzuna.pl/details/5891501464?utm_medium=api&utm_source=d69e57de,
adzuna_5899446102,adzuna,AI Engineer Python,ML Engineer,Connectis,"Warszawa, mazowieckie",2026-09-26,,,,,False,onsite/unspecified,https://www.adzuna.pl/details/5899446102?utm_medium=api&utm_source=d69e57de,
adzuna_5872872218,adzuna,Senior Machine Learning Engineer,ML Engineer,B2B.NET S.A.,"Warszawa, mazowieckie",2026-09-06,,,,,False,onsite/unspecified,https://www.adzuna.pl/details/5872872218?utm_medium=api&utm_source=d69e57de,
adzuna_5871030262,adzuna,Pre-Sales Engineer / Pre-Sales Manager (Remote),Other,Algolytics Technologies,Polska,2026-09-04,full_time,,26000.0,38000.0,False,remote,https://www.adzuna.pl/details/5871030262?utm_medium=api&utm_source=d69e57de,32000.0
adzuna_5885831418,adzuna,Senior PHP Developer - Lider Technologiczny (m/k),Other,UNITY-T GROUP sp. z o.o. sp.k.,"Warszawa, mazowieckie",2026-09-16,,,,,False,onsite/unspecified,https://www.adzuna.pl/details/5885831418?utm_medium=api&utm_source=d69e57de,
adzuna_5891501618,adzuna,Data Architect (M/F),Other,B2B.NET S.A.,"Warszawa, mazowieckie",2026-09-20,,,,,False,onsite/unspecified,https://www.adzuna.pl/details/5891501618?utm_medium=api&utm_source=d69e57de,
adzuna_5885831033,adzuna,AI Engineer,ML Engineer,Connectis,"Warszawa, mazowieckie",2026-09-16,,,,,False,onsite/unspecified,https://www.adzuna.pl/details/5885831033?utm_medium=api&utm_source=d69e57de,
adzuna_5891501640,adzuna,AI & MLOps Engineer(M/F),ML Engineer,B2B.NET S.A.,"Warszawa, mazowieckie",2026-09-20,,,,,False,onsite/unspecified,https://www.adzuna.pl/details/5891501640?utm_medium=api&utm_source=d69e57de,
adzuna_5830371062,adzuna,AI Engineer,ML Engineer,OChK,"Warszawa, mazowieckie",2026-08-06,,,14000.0,17000.0,False,onsite/unspecified,https://www.adzuna.pl/details/5830371062?utm_medium=api&utm_source=d69e57de,15500.0
adzuna_5872181295,adzuna,Clinical Data Coordinator I,Other,IRE,"Warszawa, mazowieckie",2026-09-05,full_time,,,,False,hybrid,https://www.adzuna.pl/details/5872181295?utm_medium=api&utm_source=d69e57de,
adzuna_5827706332,adzuna,AI Developer | Branża ubezpieczeniowa,Data Scientist,Edge One Solutions Sp. z o.o,"Warszawa, mazowieckie",2026-08-04,,,,,False,onsite/unspecified,https://www.adzuna.pl/details/5827706332?utm_medium=api&utm_source=d69e57de,
adzuna_5904130113,adzuna,Ekspert / Ekspertka ds. Pricingu Ubezpieczeń Detalicznych,Other,ERGO Hestia,"Warszawa, mazowieckie",2026-09-30,,,,,False,onsite/unspecified,https://www.adzuna.pl/details/5904130113?utm_medium=api&utm_source=d69e57de,
adzuna_5860870263,adzuna,Młodszy/a Specjalista/ka ds. Wsparcia IT (z j. niemieckim),Other,Capgemini Polska,"Katowice, śląskie",2026-08-29,,,,,False,onsite/unspecified,https://www.adzuna.pl/details/5860870263?utm_medium=api&utm_source=d69e57de,
adzuna_5890333805,adzuna,"Senior AI ML Engineer with OpenAI API, NLP Enrichment Platform",ML Engineer,DataArt Poland sp. z o.o.,"Warszawa, mazowieckie",2026-09-19,,,,,False,onsite/unspecified,https://www.adzuna.pl/details/5890333805?utm_medium=api&utm_source=d69e57de,
adzuna_5860870262,adzuna,Młodszy/a Specjalista/ka ds. Wsparcia IT (z j. niemieckim),Other,Capgemini Polska,"Wrocław, dolnośląskie",2026-08-29,,,,,False,onsite/unspecified,https://www.adzuna.pl/details/5860870262?utm_medium=api&utm_source=d69e57de,
adzuna_5822519927,adzuna,Data Science Team Lead,Data Scientist,Fetcherr,"Warszawa, mazowieckie",2026-07-31,full_time,,,,False,onsite/unspecified,https://www.adzuna.pl/details/5822519927?utm_medium=api&utm_source=d69e57de,
adzuna_5822520137,adzuna,Data Science Team Lead,Data Scientist,Fetcherr,"Wrocław, dolnośląskie",2026-07-31,full_time,,,,False,onsite/unspecified,https://www.adzuna.pl/details/5822520137?utm_medium=api&utm_source=d69e57de,
adzuna_5860870266,adzuna,Młodszy/a Specjalista/ka ds. Wsparcia IT (z j. niemieckim),Other,Capgemini Polska,"Kraków, małopolskie",2026-08-29,,,,,False,onsite/unspecified,https://www.adzuna.pl/details/5860870266?utm_medium=api&utm_source=d69e57de,
adzuna_5860870281,adzuna,Młodszy/a Specjalista/ka ds. Wsparcia IT (z j. niemieckim),Other,Capgemini Polska,"Opole, opolskie",2026-08-29,,,,,False,onsite/unspecified,https://www.adzuna.pl/details/5860870281?utm_medium=api&utm_source=d69e57de,
adzuna_5880763461,adzuna,Backend Engineer,Other,Synerise S.A.,"Kraków, małopolskie",2026-09-12,,,,,False,onsite/unspecified,https://www.adzuna.pl/details/5880763461?utm_medium=api&utm_source=d69e57de,
adzuna_5898061337,adzuna,Technical Lead,Other,Gemius SA,"Warszawa, mazowieckie",2026-09-25,,,,,False,onsite/unspecified,https://www.adzuna.pl/details/5898061337?utm_medium=api&utm_source=d69e57de,
adzuna_5855309623,adzuna,specjalista specjalistka ds modelowania predykcyjnego,Data Scientist,Fundacja Grupy ERGO Hestia Integralia,"Warszawa, mazowieckie",2026-08-25,,,,,False,onsite/unspecified,https://www.adzuna.pl/details/5855309623?utm_medium=api&utm_source=d69e57de,
adzuna_5856738220,adzuna,specjalista specjalistka ds modelowania predykcyjnego,Data Scientist,Fundacja Grupy ERGO Hestia Integralia,"Sopot, Trójmiasto",2026-08-26,,,,,False,onsite/unspecified,https://www.adzuna.pl/details/5856738220?utm_medium=api&utm_source=d69e57de,
adzuna_5856528884,adzuna,Architekt /-tka systemów IT,Other,NASK,"Warszawa, mazowieckie",2026-08-26,,,,,False,onsite/unspecified,https://www.adzuna.pl/details/5856528884?utm_medium=api&utm_source=d69e57de,
adzuna_5898610866,adzuna,Expert – AI Adoption in Risk,Data Scientist,ING,Polska,2026-09-25,full_time,,13000.0,22000.0,False,onsite/unspecified,https://www.adzuna.pl/details/5898610866?utm_medium=api&utm_source=d69e57de,17500.0
adzuna_5860870328,adzuna,IT Support Specialist (with German),Other,Capgemini Polska,"Opole, opolskie",2026-08-29,,,,,False,onsite/unspecified,https://www.adzuna.pl/details/5860870328?utm_medium=api&utm_source=d69e57de,
adzuna_5860870338,adzuna,IT Support Specialist (with German),Other,Capgemini Polska,"Katowice, śląskie",2026-08-29,,,,,False,onsite/unspecified,https://www.adzuna.pl/details/5860870338?utm_medium=api&utm_source=d69e57de,
adzuna_5861998591,adzuna,Intern Automation Tester (with German),Other,Capgemini Polska,"Poznań, wielkopolskie",2026-08-30,,,,,False,onsite/unspecified,https://www.adzuna.pl/details/5861998591?utm_medium=api&utm_source=d69e57de,
adzuna_5861998525,adzuna,Intern Automation Tester (with German),Other,Capgemini Polska,"Wrocław, dolnośląskie",2026-08-30,,,,,False,onsite/unspecified,https://www.adzuna.pl/details/5861998525?utm_medium=api&utm_source=d69e57de,
adzuna_5861998533,adzuna,Intern Automation Tester (with German),Other,Capgemini Polska,"Gdańsk, Trójmiasto",2026-08-30,,,,,False,onsite/unspecified,https://www.adzuna.pl/details/5861998533?utm_medium=api&utm_source=d69e57de,
adzuna_5861998550,adzuna,Intern DevOps Engineer (with German),Other,Capgemini Polska,"Poznań, wielkopolskie",2026-08-30,,,,,False,onsite/unspecified,https://www.adzuna.pl/details/5861998550?utm_medium=api&utm_source=d69e57de,
adzuna_5861998535,adzuna,Intern DevOps Engineer (with German),Other,Capgemini Polska,"Gdańsk, Trójmiasto",2026-08-30,,,,,False,onsite/unspecified,https://www.adzuna.pl/details/5861998535?utm_medium=api&utm_source=d69e57de,
adzuna_5861998588,adzuna,Intern DevOps Engineer (with German),Other,Capgemini Polska,"Wrocław, dolnośląskie",2026-08-30,,,,,False,onsite/unspecified,https://www.adzuna.pl/details/5861998588?utm_medium=api&utm_source=d69e57de,
adzuna_5871557648,adzuna,Clinical Data Coordinator I,Other,ICON Clinical Research,"Warszawa, mazowieckie",2026-09-05,,,,,False,hybrid,https://www.adzuna.pl/details/5871557648?utm_medium=api&utm_source=d69e57de,
adzuna_5745994336,adzuna,Analytics Consultant - AI Trainer - Freelance - 8-20 hrs/week,Data Scientist,10x Team,Polska,2026-05-30,,,,,False,remote,https://www.adzuna.pl/details/5745994336?utm_medium=api&utm_source=d69e57de,
adzuna_5903636462,adzuna,Architekt Systemów IT (K/M),Other,NASK,"Warszawa, mazowieckie",2026-09-30,,,,,False,onsite/unspecified,https://www.adzuna.pl/details/5903636462?utm_medium=api&utm_source=d69e57de,
adzuna_5876874074,adzuna,SAS CRM Developer | Branża ubezpieczeniowa,Other,Edge One Solutions Sp. z o.o.,"Warszawa, mazowieckie",2026-09-09,,,,,False,onsite/unspecified,https://www.adzuna.pl/details/5876874074?utm_medium=api&utm_source=d69e57de,
adzuna_5896529953,adzuna,ML/AI Solution Expert,Data Scientist,TUiR WARTA S.A.,"Warszawa, mazowieckie",2026-09-24,,,,,False,onsite/unspecified,https://www.adzuna.pl/details/5896529953?utm_medium=api&utm_source=d69e57de,
adzuna_5890333794,adzuna,Senior Python Engineer with AI Exposure,Data Scientist,DataArt Poland sp. z o.o.,"Warszawa, mazowieckie",2026-09-19,,,,,False,onsite/unspecified,https://www.adzuna.pl/details/5890333794?utm_medium=api&utm_source=d69e57de,
adzuna_5853437575,adzuna,Specjalista / Specjalistka ds. Modelowania Predykcyjnego,Data Scientist,ERGO Hestia,"Sopot, Trójmiasto",2026-08-23,,,,,False,onsite/unspecified,https://www.adzuna.pl/details/5853437575?utm_medium=api&utm_source=d69e57de,
adzuna_5858014026,adzuna,Software Developer / Full Stack Developer (On-site),Other,Capgemini Polska,"Gdańsk, Trójmiasto",2026-08-27,,,,,False,onsite/unspecified,https://www.adzuna.pl/details/5858014026?utm_medium=api&utm_source=d69e57de,
adzuna_5858014024,adzuna,Software Developer / Full Stack Developer (On-site),Other,Capgemini Polska,"Wrocław, dolnośląskie",2026-08-27,,,,,False,onsite/unspecified,https://www.adzuna.pl/details/5858014024?utm_medium=api&utm_source=d69e57de,
adzuna_5860870324,adzuna,IT Support Agent (with German),Other,Capgemini Polska,"Wrocław, dolnośląskie",2026-08-29,,,,,False,onsite/unspecified,https://www.adzuna.pl/details/5860870324?utm_medium=api&utm_source=d69e57de,
adzuna_5860870326,adzuna,IT Support Agent (with German),Other,Capgemini Polska,"Kraków, małopolskie",2026-08-29,,,,,False,onsite/unspecified,https://www.adzuna.pl/details/5860870326?utm_medium=api&utm_source=d69e57de,
adzuna_5860870329,adzuna,IT Support Agent (with German),Other,Capgemini Polska,"Katowice, śląskie",2026-08-29,,,,,False,onsite/unspecified,https://www.adzuna.pl/details/5860870329?utm_medium=api&utm_source=d69e57de,
adzuna_5860870327,adzuna,IT Support Agent (with German),Other,Capgemini Polska,"Opole, opolskie",2026-08-29,,,,,False,onsite/unspecified,https://www.adzuna.pl/details/5860870327?utm_medium=api&utm_source=d69e57de,
adzuna_5861998547,adzuna,Intern Manual Tester (with German),Other,Capgemini Polska,"Wrocław, dolnośląskie",2026-08-30,,,,,False,onsite/unspecified,https://www.adzuna.pl/details/5861998547?utm_medium=api&utm_source=d69e57de,
adzuna_5861998561,adzuna,Intern Manual Tester (with German),Other,Capgemini Polska,"Poznań, wielkopolskie",2026-08-30,,,,,False,onsite/unspecified,https://www.adzuna.pl/details/5861998561?utm_medium=api&utm_source=d69e57de,
adzuna_5861998540,adzuna,Intern Manual Tester (with German),Other,Capgemini Polska,"Gdańsk, Trójmiasto",2026-08-30,,,,,False,onsite/unspecified,https://www.adzuna.pl/details/5861998540?utm_medium=api&utm_source=d69e57de,
adzuna_5890333444,adzuna,Senior Platform Engineer with AWS AgentCore Gateway,Other,DataArt Poland sp. z o.o.,"Warszawa, mazowieckie",2026-09-19,,,,,False,onsite/unspecified,https://www.adzuna.pl/details/5890333444?utm_medium=api&utm_source=d69e57de,
adzuna_5891501170,adzuna,ETL Engineering (Delivery) Lead,Data Engineer,Mindbox Sp. z o.o.,"Kraków, małopolskie",2026-09-20,,,,,False,onsite/unspecified,https://www.adzuna.pl/details/5891501170?utm_medium=api&utm_source=d69e57de,
adzuna_5860870310,adzuna,Linux Administrator,Other,Capgemini Polska,"Katowice, śląskie",2026-08-29,,,,,False,onsite/unspecified,https://www.adzuna.pl/details/5860870310?utm_medium=api&utm_source=d69e57de,
adzuna_5879433974,adzuna,Senior Python Backend Developer | Branża Bankowa,Other,Edge One Solutions Sp. z o.o.,"Warszawa, mazowieckie",2026-09-11,,,,,False,onsite/unspecified,https://www.adzuna.pl/details/5879433974?utm_medium=api&utm_source=d69e57de,
adzuna_5891501353,adzuna,Lead DevOps Engineer (AWS),Other,ACAISOFT POLAND Sp. z o.o.,"Warszawa, mazowieckie",2026-09-20,,,,,False,onsite/unspecified,https://www.adzuna.pl/details/5891501353?utm_medium=api&utm_source=d69e57de,
adzuna_5880762940,adzuna,Business Analyst Expert | Branża ubezpieczeniowa,Data Analyst,Edge One Solutions Sp. z o.o.,"Warszawa, mazowieckie",2026-09-12,,,,,False,onsite/unspecified,https://www.adzuna.pl/details/5880762940?utm_medium=api&utm_source=d69e57de,
adzuna_5885833105,adzuna,Senior Java Developer,Other,Edge One Solutions Sp. z o.o.,"Warszawa, mazowieckie",2026-09-16,,,,,False,onsite/unspecified,https://www.adzuna.pl/details/5885833105?utm_medium=api&utm_source=d69e57de,
adzuna_5900450013,adzuna,Full Stack Python / AI Developer | Branża Ubezpieczeniowa,Data Scientist,Edge One Solutions Sp. z o.o.,"Warszawa, mazowieckie",2026-09-27,,,,,False,onsite/unspecified,https://www.adzuna.pl/details/5900450013?utm_medium=api&utm_source=d69e57de,
adzuna_5880763399,adzuna,Lead AI Architect | Branża ubezpieczeniowa,Data Scientist,Edge One Solutions Sp. z o.o.,"Warszawa, mazowieckie",2026-09-12,,,,,False,onsite/unspecified,https://www.adzuna.pl/details/5880763399?utm_medium=api&utm_source=d69e57de,
adzuna_5835779974,adzuna,Senior Technical Writer,Other,Guidewire,Polska,2026-08-10,full_time,,,,False,onsite/unspecified,https://www.adzuna.pl/details/5835779974?utm_medium=api&utm_source=d69e57de,
adzuna_5899905848,adzuna,Senior Machine Learning Engineer,ML Engineer,Finom,Polska,2026-09-26,full_time,,,,False,onsite/unspecified,https://www.adzuna.pl/details/5899905848?utm_medium=api&utm_source=d69e57de,
adzuna_5890334346,adzuna,Team Lead Data Analytics & Business Intelligence (f/m/d),BI Developer,Erbacher the food family,"Nowy Tomyśl, wielkopolskie",2026-09-19,,,,,False,onsite/unspecified,https://www.adzuna.pl/details/5890334346?utm_medium=api&utm_source=d69e57de,
adzuna_5853749069,adzuna,Integration Engineer,Other,project44,"Kraków, małopolskie",2026-08-23,full_time,,,,False,onsite/unspecified,https://www.adzuna.pl/details/5853749069?utm_medium=api&utm_source=d69e57de,
adzuna_5878157698,adzuna,"Senior Manager, Workforce Planning & Data Analytics",Data Analyst,Avantor,"Warszawa, mazowieckie",2026-09-10,,,,,False,onsite/unspecified,https://www.adzuna.pl/details/5878157698?utm_medium=api&utm_source=d69e57de,
adzuna_5890333238,adzuna,Product Manager (Data Products),Other,Allegro,"Warszawa, mazowieckie",2026-09-19,,,,,False,onsite/unspecified,https://www.adzuna.pl/details/5890333238?utm_medium=api&utm_source=d69e57de,
adzuna_5890334270,adzuna,Senior Site Reliability Engineer,Other,Allegro,"Kraków, małopolskie",2026-09-19,,,,,False,onsite/unspecified,https://www.adzuna.pl/details/5890334270?utm_medium=api&utm_source=d69e57de,
adzuna_5890333242,adzuna,Product Manager (Data Products),Other,Allegro,"Kraków, małopolskie",2026-09-19,,,,,False,onsite/unspecified,https://www.adzuna.pl/details/5890333242?utm_medium=api&utm_source=d69e57de,
adzuna_5890333240,adzuna,Product Manager (Data Products),Other,Allegro,"Poznań, wielkopolskie",2026-09-19,,,,,False,onsite/unspecified,https://www.adzuna.pl/details/5890333240?utm_medium=api&utm_source=d69e57de,
adzuna_5843281743,adzuna,Citizen Developer AI & Power Platforms,Data Scientist,Euroclear,"Kraków, małopolskie",2026-08-15,,,,,False,onsite/unspecified,https://www.adzuna.pl/details/5843281743?utm_medium=api&utm_source=d69e57de,
adzuna_5769862313,adzuna,Founding Applied ML / Quant Forecasting Engineer,Data Scientist,Talentplace,Polska,2026-06-20,full_time,,,,False,onsite/unspecified,https://www.adzuna.pl/details/5769862313?utm_medium=api&utm_source=d69e57de,
adzuna_5889647505,adzuna,Managed Services Consultant,Other,project44,"Kraków, małopolskie",2026-09-18,,,,,False,onsite/unspecified,https://www.adzuna.pl/details/5889647505?utm_medium=api&utm_source=d69e57de,
adzuna_5907675414,adzuna,AI Transformation Enablement Manager,Data Scientist,UPM Kymmene Sp. z o.o.,"Wrocław, dolnośląskie",2026-10-02,,,,,False,onsite/unspecified,https://www.adzuna.pl/details/5907675414?utm_medium=api&utm_source=d69e57de,
adzuna_5843281714,adzuna,IT Automation Engineer,Other,project44,"Kraków, małopolskie",2026-08-15,,,,,False,onsite/unspecified,https://www.adzuna.pl/details/5843281714?utm_medium=api&utm_source=d69e57de,
adzuna_5885832110,adzuna,Medior Angular Engineer,Other,Cyclad,"Warszawa, mazowieckie",2026-09-16,,,,,False,onsite/unspecified,https://www.adzuna.pl/details/5885832110?utm_medium=api&utm_source=d69e57de,
adzuna_5872873586,adzuna,"AI Engineer (Python, LLMs)",ML Engineer,Addepto,"Warszawa, mazowieckie",2026-09-06,,,,,False,onsite/unspecified,https://www.adzuna.pl/details/5872873586?utm_medium=api&utm_source=d69e57de,
adzuna_5891501685,adzuna,"Senior AI Engineer (Python, LLMs)",ML Engineer,Addepto,"Wrocław, dolnośląskie",2026-09-20,,,,,False,onsite/unspecified,https://www.adzuna.pl/details/5891501685?utm_medium=api&utm_source=d69e57de,
adzuna_5872873590,adzuna,"AI Engineer (Python, LLMs)",ML Engineer,Addepto,"Wrocław, dolnośląskie",2026-09-06,,,,,False,onsite/unspecified,https://www.adzuna.pl/details/5872873590?utm_medium=api&utm_source=d69e57de,
adzuna_5891501684,adzuna,"Senior AI Engineer (Python, LLMs)",ML Engineer,Addepto,"Kraków, małopolskie",2026-09-20,,,,,False,onsite/unspecified,https://www.adzuna.pl/details/5891501684?utm_medium=api&utm_source=d69e57de,
adzuna_5895689624,adzuna,"AI Engineer (Python, LLMs)",ML Engineer,Addepto,"Białystok, podlaskie",2026-09-23,,,,,False,onsite/unspecified,https://www.adzuna.pl/details/5895689624?utm_medium=api&utm_source=d69e57de,
adzuna_5872873539,adzuna,"Senior AI Engineer (Python, LLMs)",ML Engineer,Addepto,"Warszawa, mazowieckie",2026-09-06,,,,,False,onsite/unspecified,https://www.adzuna.pl/details/5872873539?utm_medium=api&utm_source=d69e57de,
adzuna_5891501686,adzuna,"Senior AI Engineer (Python, LLMs)",ML Engineer,Addepto,"Gdańsk, Trójmiasto",2026-09-20,,,,,False,onsite/unspecified,https://www.adzuna.pl/details/5891501686?utm_medium=api&utm_source=d69e57de,
adzuna_5891501688,adzuna,"Senior AI Engineer (Python, LLMs)",ML Engineer,Addepto,"Katowice, śląskie",2026-09-20,,,,,False,onsite/unspecified,https://www.adzuna.pl/details/5891501688?utm_medium=api&utm_source=d69e57de,
adzuna_5891501683,adzuna,"Senior AI Engineer (Python, LLMs)",ML Engineer,Addepto,"Białystok, podlaskie",2026-09-20,,,,,False,onsite/unspecified,https://www.adzuna.pl/details/5891501683?utm_medium=api&utm_source=d69e57de,
adzuna_5891498743,adzuna,"AI Engineer (Python, LLMs)",ML Engineer,Addepto,"Gdańsk, Trójmiasto",2026-09-20,,,,,False,onsite/unspecified,https://www.adzuna.pl/details/5891498743?utm_medium=api&utm_source=d69e57de,
adzuna_5895689622,adzuna,"AI Engineer (Python, LLMs)",ML Engineer,Addepto,"Kraków, małopolskie",2026-09-23,,,,,False,onsite/unspecified,https://www.adzuna.pl/details/5895689622?utm_medium=api&utm_source=d69e57de,
adzuna_5892032541,adzuna,"AI Engineer (Python, LLMs)",ML Engineer,Addepto,"Katowice, śląskie",2026-09-20,,,,,False,onsite/unspecified,https://www.adzuna.pl/details/5892032541?utm_medium=api&utm_source=d69e57de,
adzuna_5822521198,adzuna,Senior Machine Learning Engineer (E3),ML Engineer,Ocado Group,Polska,2026-07-31,,,,,False,onsite/unspecified,https://www.adzuna.pl/details/5822521198?utm_medium=api&utm_source=d69e57de,
adzuna_5897139525,adzuna,Prompt Engineer,Other,project44,"Kraków, małopolskie",2026-09-24,,,,,False,onsite/unspecified,https://www.adzuna.pl/details/5897139525?utm_medium=api&utm_source=d69e57de,
adzuna_5904130045,adzuna,"Clinical Scientist Director, Early Development Oncology",Other,Amgen,Polska,2026-09-30,full_time,,,,False,onsite/unspecified,https://www.adzuna.pl/details/5904130045?utm_medium=api&utm_source=d69e57de,
adzuna_5845835248,adzuna,Machine Learning Engineer @ OBI,ML Engineer,OBI,"Katowice, śląskie",2026-08-18,full_time,,,,False,onsite/unspecified,https://www.adzuna.pl/land/ad/5845835248?se=3HK2tW--8RGTrvtqlpq4qw&utm_medium=api&utm_source=d69e57de&v=BF50CD0DD7BD259897384805BD7B912382CB36AB,
adzuna_5819152151,adzuna,Machine Learning Engineer @ Scalo,ML Engineer,Scalo,"Warszawa, mazowieckie",2026-07-29,full_time,,,,False,onsite/unspecified,https://www.adzuna.pl/land/ad/5819152151?se=3HK2tW--8RGTrvtqlpq4qw&utm_medium=api&utm_source=d69e57de&v=E8374A0FA98EF3CD2AC65B1359B4628908EFB652,
adzuna_5871267973,adzuna,Senior Machine Learning Engineer @ codequest,ML Engineer,codequest,Polska,2026-09-05,full_time,,19000.0,27000.0,False,onsite/unspecified,https://www.adzuna.pl/land/ad/5871267973?se=3HK2tW--8RGTrvtqlpq4qw&utm_medium=api&utm_source=d69e57de&v=97551FE003AA68D1B1E03B961B8E99A4AAC4E8F6,23000.0
adzuna_5902291585,adzuna,"Machine Learning Engineer, Metadata Extraction @ Box Inc.",ML Engineer,Box Inc.,"Wrocław, dolnośląskie",2026-09-29,full_time,,21000.0,29000.0,False,onsite/unspecified,https://www.adzuna.pl/land/ad/5902291585?se=3HK2tW--8RGTrvtqlpq4qw&utm_medium=api&utm_source=d69e57de&v=4787FE5B3FFFA0AB96BBBA9D743BF3B5EFD9BC2B,25000.0
adzuna_5814793305,adzuna,Senior Machine Learning Engineer @ Air Space Intelligence,ML Engineer,Air Space Intelligence,"Gdańsk, Trójmiasto",2026-07-25,full_time,,35100.0,46800.0,False,onsite/unspecified,https://www.adzuna.pl/land/ad/5814793305?se=3HK2tW--8RGTrvtqlpq4qw&utm_medium=api&utm_source=d69e57de&v=59C94C5423A666763DF6EC4BB64DB1215A8A95E8,40950.0
adzuna_5893454716,adzuna,Senior Machine Learning Engineer (K/M) K/M @ ASTEK Polska,ML Engineer,ASTEK Polska,"Warszawa, mazowieckie",2026-09-22,full_time,,,,False,onsite/unspecified,https://www.adzuna.pl/land/ad/5893454716?se=3HK2tW--8RGTrvtqlpq4qw&utm_medium=api&utm_source=d69e57de&v=FD369731C891AE476224037E52B85104B812F357,
adzuna_5876475354,adzuna,Machine Learning Engineer - Allegro Pay @ Grupa Allegro Sp. z o. o.,ML Engineer,Grupa Allegro Sp. z o. o.,"Warszawa, mazowieckie",2026-09-09,full_time,,,,False,onsite/unspecified,https://www.adzuna.pl/land/ad/5876475354?se=3HK2tW--8RGTrvtqlpq4qw&utm_medium=api&utm_source=d69e57de&v=FEC9E0E43AC976E4C08E353F029A4420B0B3F9EA,
adzuna_5856185720,adzuna,Senior Machine Learning Engineer (LLMs) @ deepsense.ai Sp. z o.o.,ML Engineer,deepsense.ai Sp. z o.o.,Polska,2026-08-26,full_time,,20000.0,30000.0,False,onsite/unspecified,https://www.adzuna.pl/land/ad/5856185720?se=3HK2tW--8RGTrvtqlpq4qw&utm_medium=api&utm_source=d69e57de&v=E5ECE2D37F122ED1C0990DE8F5555C6D907E7316,25000.0
adzuna_5896111428,adzuna,Machine Learning Engineer @ AXA Avanssur SA Spółka Akcyjna Oddział II w Polsce,ML Engineer,AXA Avanssur SA Spółka Akcyjna Oddział II w Polsce,"Warszawa, mazowieckie",2026-09-24,full_time,,,,False,onsite/unspecified,https://www.adzuna.pl/land/ad/5896111428?se=3HK2tW--8RGTrvtqlpq4qw&utm_medium=api&utm_source=d69e57de&v=73F9CE4F3FD27019F50EC2D6A3A656AB37C8714A,
adzuna_5768681619,adzuna,Machine Learning Engineer,ML Engineer,PSignite,Polska,2026-06-19,,,,,False,onsite/unspecified,https://www.adzuna.pl/details/5768681619?utm_medium=api&utm_source=d69e57de,
adzuna_5889647605,adzuna,Machine Learning Engineer,ML Engineer,Gemelo AI,Polska,2026-09-18,,,,,False,onsite/unspecified,https://www.adzuna.pl/details/5889647605?utm_medium=api&utm_source=d69e57de,
adzuna_5877362747,adzuna,Machine Learning Engineer,ML Engineer,Playtika,"Warszawa, mazowieckie",2026-09-09,,,,,False,onsite/unspecified,https://www.adzuna.pl/details/5877362747?utm_medium=api&utm_source=d69e57de,
adzuna_5830371038,adzuna,Machine Learning Engineer,ML Engineer,Reply Polska Sp. z o. o.,"Katowice, śląskie",2026-08-06,,,13000.0,22000.0,False,onsite/unspecified,https://www.adzuna.pl/details/5830371038?utm_medium=api&utm_source=d69e57de,17500.0
adzuna_5441511402,adzuna,Machine Learning Engineer,ML Engineer,Air Space Intelligence,"Gdańsk, Trójmiasto",2025-10-10,full_time,,16400.0,35100.0,False,onsite/unspecified,https://www.adzuna.pl/details/5441511402?utm_medium=api&utm_source=d69e57de,25750.0
adzuna_5882799380,adzuna,Machine Learning Engineer,ML Engineer,Randstad,Polska,2026-09-13,,,,,False,hybrid,https://www.adzuna.pl/details/5882799380?utm_medium=api&utm_source=d69e57de,
adzuna_5826863293,adzuna,Machine Learning Engineer,ML Engineer,CYCLAD,Polska,2026-08-03,full_time,,23500.0,26900.0,False,onsite/unspecified,https://www.adzuna.pl/details/5826863293?utm_medium=api&utm_source=d69e57de,25200.0
adzuna_5795554694,adzuna,Machine Learning Engineer,ML Engineer,COMARCH,"Kraków, małopolskie",2026-07-10,,,,,False,onsite/unspecified,https://www.adzuna.pl/details/5795554694?utm_medium=api&utm_source=d69e57de,
adzuna_5890063610,adzuna,"Senior Machine Learning Product Engineer, Communications, Growth Alliance @ HelloFresh",Data Scientist,HelloFresh,"Warszawa, mazowieckie",2026-09-19,full_time,,23000.0,36000.0,False,onsite/unspecified,https://www.adzuna.pl/land/ad/5890063610?se=3HK2tW--8RGTrvtqlpq4qw&utm_medium=api&utm_source=d69e57de&v=F441739B1A4F710A0CE4DDCD0758C49BCA6BD93A,29500.0
adzuna_5343543574,adzuna,Senior Machine Learning Engineer,ML Engineer,Datahead,"Warszawa, mazowieckie",2025-08-08,,,,,False,onsite/unspecified,https://www.adzuna.pl/details/5343543574?utm_medium=api&utm_source=d69e57de,
adzuna_5861037217,adzuna,Senior Machine Learning Engineer,ML Engineer,Billennium,"Warszawa, mazowieckie",2026-08-29,,,,,False,onsite/unspecified,https://www.adzuna.pl/details/5861037217?utm_medium=api&utm_source=d69e57de,
adzuna_5859624382,adzuna,AI Machine Learning Engineer,ML Engineer,Kongsberg Maritime Poland,"Szczecin, zachodniopomorskie",2026-08-28,,,,,False,onsite/unspecified,https://www.adzuna.pl/details/5859624382?utm_medium=api&utm_source=d69e57de,
adzuna_5853436540,adzuna,Senior Machine Learning Engineer,ML Engineer,Talentica,"Warszawa, mazowieckie",2026-08-23,,,,,False,onsite/unspecified,https://www.adzuna.pl/details/5853436540?utm_medium=api&utm_source=d69e57de,
adzuna_5884276897,adzuna,Senior Machine Learning Engineer,ML Engineer,Look4IT Sp. z o. o.,"Smolec, dolnośląskie",2026-09-15,full_time,,,,False,remote,https://www.adzuna.pl/details/5884276897?utm_medium=api&utm_source=d69e57de,
adzuna_5810817826,adzuna,Senior Machine Learning Engineer,ML Engineer,8Bit - Games Industry Recruitment,"Warszawa, mazowieckie",2026-07-22,,,25000.0,32000.0,False,onsite/unspecified,https://www.adzuna.pl/details/5810817826?utm_medium=api&utm_source=d69e57de,28500.0
adzuna_5857134043,adzuna,Senior Machine Learning Engineer,ML Engineer,IG Group,"Kraków, małopolskie",2026-08-26,full_time,,,,False,onsite/unspecified,https://www.adzuna.pl/details/5857134043?utm_medium=api&utm_source=d69e57de,
adzuna_5905234117,adzuna,Senior Machine Learning Engineer,ML Engineer,SOFTWARELY SP. Z O.O.,"Warszawa, mazowieckie",2026-10-01,,,,,False,remote,https://www.adzuna.pl/details/5905234117?utm_medium=api&utm_source=d69e57de,
adzuna_5896531010,adzuna,Senior Machine Learning Engineer,ML Engineer,PEOPLE TRUST SPÓŁKA Z OGRANICZONĄ ODPOWIEDZIALNOŚCIĄ,"Warszawa, mazowieckie",2026-09-24,,,,,False,onsite/unspecified,https://www.adzuna.pl/details/5896531010?utm_medium=api&utm_source=d69e57de,
adzuna_5888928214,adzuna,Senior Machine Learning Engineer,ML Engineer,7bulls.com Sp. z o.o.,"Warszawa, mazowieckie",2026-09-18,,,,,False,onsite/unspecified,https://www.adzuna.pl/details/5888928214?utm_medium=api&utm_source=d69e57de,
adzuna_5888928212,adzuna,Senior Machine Learning Engineer,ML Engineer,7bulls.com Sp. z o.o.,"Warszawa, mazowieckie",2026-09-18,,,,,False,onsite/unspecified,https://www.adzuna.pl/details/5888928212?utm_medium=api&utm_source=d69e57de,
adzuna_5768684253,adzuna,Applied Machine Learning Engineer,ML Engineer,Hitachi,Polska,2026-06-19,full_time,,,,False,remote,https://www.adzuna.pl/details/5768684253?utm_medium=api&utm_source=d69e57de,
adzuna_5847010224,adzuna,Principal Machine Learning Engineer,ML Engineer,Harman Becker Automotive Systems Manufacturing Kft,Polska,2026-08-18,full_time,,,,False,onsite/unspecified,https://www.adzuna.pl/details/5847010224?utm_medium=api&utm_source=d69e57de,
adzuna_5810001507,adzuna,Senior Machine Learning Engineer,ML Engineer,Bjak,"Warszawa, mazowieckie",2026-07-22,full_time,,,,False,onsite/unspecified,https://www.adzuna.pl/details/5810001507?utm_medium=api&utm_source=d69e57de,
adzuna_5882799818,adzuna,Senior Machine Learning Engineer,ML Engineer,Randstad,Polska,2026-09-13,,,,,False,hybrid,https://www.adzuna.pl/details/5882799818?utm_medium=api&utm_source=d69e57de,
adzuna_5891926346,adzuna,Expert Machine Learning Engineer,ML Engineer,Aptiv,Polska,2026-09-20,full_time,,,,False,onsite/unspecified,https://www.adzuna.pl/details/5891926346?utm_medium=api&utm_source=d69e57de,
adzuna_5821310050,adzuna,Senior Machine Learning Engineer,ML Engineer,RTB House,Polska,2026-07-30,,,,,False,onsite/unspecified,https://www.adzuna.pl/details/5821310050?utm_medium=api&utm_source=d69e57de,
adzuna_5834803421,adzuna,Senior Machine Learning Engineer (RecSys),ML Engineer,GRAI,"Warszawa, mazowieckie",2026-08-09,full_time,,,,False,onsite/unspecified,https://www.adzuna.pl/details/5834803421?utm_medium=api&utm_source=d69e57de,
adzuna_5849807093,adzuna,(EMEA) Senior Machine Learning Engineer,ML Engineer,Accuris,Polska,2026-08-20,,,,,False,onsite/unspecified,https://www.adzuna.pl/details/5849807093?utm_medium=api&utm_source=d69e57de,
adzuna_5907675532,adzuna,Machine Learning Engineer (R&D),ML Engineer,Arvato,"Poznań, wielkopolskie",2026-10-02,,,,,False,onsite/unspecified,https://www.adzuna.pl/details/5907675532?utm_medium=api&utm_source=d69e57de,
adzuna_5889647195,adzuna,Senior Machine Learning Engineer (Databricks),ML Engineer,Entrada AI,Polska,2026-09-18,full_time,,,,False,onsite/unspecified,https://www.adzuna.pl/details/5889647195?utm_medium=api&utm_source=d69e57de,
adzuna_5855309663,adzuna,Senior Machine Learning Engineer Databricks,ML Engineer,Entrada AI,"Kraków, małopolskie",2026-08-25,,,26880.0,35280.0,False,onsite/unspecified,https://www.adzuna.pl/details/5855309663?utm_medium=api&utm_source=d69e57de,31080.0
adzuna_5768850120,adzuna,Machine Learning Engineer - Allegro Pay,ML Engineer,Allegro,"Warszawa, mazowieckie",2026-06-19,,,,,False,onsite/unspecified,https://www.adzuna.pl/details/5768850120?utm_medium=api&utm_source=d69e57de,
adzuna_5798339244,adzuna,Artificial Intelligence / Machine Learning Engineer,ML Engineer,Engenious,Polska,2026-07-13,,,,,False,onsite/unspecified,https://www.adzuna.pl/details/5798339244?utm_medium=api&utm_source=d69e57de,
adzuna_5819358998,adzuna,Specjalista AI / Machine Learning Engineer,ML Engineer,HRS IT Sp. z o.o.,"Kraków, małopolskie",2026-07-29,,,,,False,onsite/unspecified,https://www.adzuna.pl/details/5819358998?utm_medium=api&utm_source=d69e57de,
adzuna_5877363283,adzuna,Senior AI Machine Learning Engineer,ML Engineer,BlackLine Z.o.o.,"Kraków, małopolskie",2026-09-09,full_time,,,,False,onsite/unspecified,https://www.adzuna.pl/details/5877363283?utm_medium=api&utm_source=d69e57de,
adzuna_5869523350,adzuna,Senior Machine Learning Engineer - Fully Remote,ML Engineer,Sowelo Consulting sp. z o.o.,Polska,2026-09-03,,,,,False,remote,https://www.adzuna.pl/details/5869523350?utm_medium=api&utm_source=d69e57de,
adzuna_5853748308,adzuna,"Machine Learning Engineer III, Metadata Extraction",ML Engineer,Box,Polska,2026-08-23,,,,,False,onsite/unspecified,https://www.adzuna.pl/details/5853748308?utm_medium=api&utm_source=d69e57de,
adzuna_5834804564,adzuna,Lead Machine Learning Engineer – Recommendation Systems,ML Engineer,GRAI,"Warszawa, mazowieckie",2026-08-09,full_time,,,,False,onsite/unspecified,https://www.adzuna.pl/details/5834804564?utm_medium=api&utm_source=d69e57de,
adzuna_5589774792,adzuna,"C++ Machine Learning Engineer, Models Training",ML Engineer,Tenstorrent,Polska,2026-01-17,,,,,False,onsite/unspecified,https://www.adzuna.pl/details/5589774792?utm_medium=api&utm_source=d69e57de,
adzuna_5793409429,adzuna,Senior Machine Learning Engineer (Large Systems),ML Engineer,Graphcore,Polska,2026-07-09,full_time,,,,False,onsite/unspecified,https://www.adzuna.pl/details/5793409429?utm_medium=api&utm_source=d69e57de,
adzuna_5856737633,adzuna,Machine Learning Engineer personalization m f d,ML Engineer,Limango Polska,"Wrocław, dolnośląskie",2026-08-26,,,18000.0,20000.0,False,onsite/unspecified,https://www.adzuna.pl/details/5856737633?utm_medium=api&utm_source=d69e57de,19000.0
adzuna_5761852766,adzuna,"Senior Staff Machine Learning Engineer, Menu Personalisation",ML Engineer,HelloFresh,Polska,2026-06-13,full_time,,,,False,onsite/unspecified,https://www.adzuna.pl/details/5761852766?utm_medium=api&utm_source=d69e57de,
adzuna_5891925333,adzuna,Senior Machine Learning Engineer - Fully Remote in Europe,ML Engineer,Sowelo Consulting,Polska,2026-09-20,full_time,,,,False,remote,https://www.adzuna.pl/details/5891925333?utm_medium=api&utm_source=d69e57de,
adzuna_5894946975,adzuna,Machine Learning Platform Engineer,Data Scientist,Talentica,"Warszawa, mazowieckie",2026-09-23,,,,,False,remote,https://www.adzuna.pl/details/5894946975?utm_medium=api&utm_source=d69e57de,
adzuna_5838583886,adzuna,Machine Learning Platform Engineer,Data Scientist,Bjak,"Warszawa, mazowieckie",2026-08-12,full_time,,,,False,onsite/unspecified,https://www.adzuna.pl/details/5838583886?utm_medium=api&utm_source=d69e57de,
adzuna_5833388721,adzuna,Senior Machine Learning Founding Engineer,Data Scientist,Yard Corporate,"Warszawa, mazowieckie",2026-08-08,,,45000.0,60000.0,False,onsite/unspecified,https://www.adzuna.pl/details/5833388721?utm_medium=api&utm_source=d69e57de,52500.0
adzuna_5893454704,adzuna,Senior AI Developer [M/F] @ Stackmine,Data Scientist,Stackmine,"Warszawa, mazowieckie",2026-09-22,full_time,,,,False,onsite/unspecified,https://www.adzuna.pl/land/ad/5893454704?se=uuzVtm--8RGSfYHHW1SRSw&utm_medium=api&utm_source=d69e57de&v=EB77CD685C8F1307AFEBA4604E9E979B96563332,
adzuna_5496117951,adzuna,Machine Learning Researcher / Engineer (Foundational Models),Data Scientist,Pathway,Polska,2025-11-14,full_time,,100000.0,100000.0,False,onsite/unspecified,https://www.adzuna.pl/details/5496117951?utm_medium=api&utm_source=d69e57de,100000.0
adzuna_5829869796,adzuna,AI/ML Engineer @ Mindbox Sp. z o.o.,ML Engineer,Mindbox Sp. z o.o.,Polska,2026-08-06,full_time,,,,False,onsite/unspecified,https://www.adzuna.pl/land/ad/5829869796?se=uuzVtm--8RGSfYHHW1SRSw&utm_medium=api&utm_source=d69e57de&v=0F1D9042125FE83296A9658184D2340B727564C8,
adzuna_5848524691,adzuna,"Senior Machine Learning Product Engineer, Communications, Growth Alliance",Data Scientist,HelloFresh,Polska,2026-08-19,,,,,False,onsite/unspecified,https://www.adzuna.pl/details/5848524691?utm_medium=api&utm_source=d69e57de,
adzuna_5852444177,adzuna,Senior Machine Learning Product Engineer Communications Growth Alliance all genders,Data Scientist,HelloFresh,"Warszawa, mazowieckie",2026-08-22,,,23000.0,36000.0,False,onsite/unspecified,https://www.adzuna.pl/details/5852444177?utm_medium=api&utm_source=d69e57de,29500.0
adzuna_5852444159,adzuna,Senior Machine Learning Product Engineer Menu Personalization Consumer Alliance all genders,Data Scientist,HelloFresh,"Warszawa, mazowieckie",2026-08-22,,,23000.0,36000.0,False,onsite/unspecified,https://www.adzuna.pl/details/5852444159?utm_medium=api&utm_source=d69e57de,29500.0
adzuna_5848094223,adzuna,Software Engineer Machine Learning - MLOps,ML Engineer,Tesco Technology,"Kraków, małopolskie",2026-08-19,,,20000.0,25000.0,False,onsite/unspecified,https://www.adzuna.pl/details/5848094223?utm_medium=api&utm_source=d69e57de,22500.0
adzuna_5645468226,adzuna,AI / LLM Engineer (K/M),ML Engineer,Soflab,Polska,2026-02-25,,,,,False,onsite/unspecified,https://www.adzuna.pl/details/5645468226?utm_medium=api&utm_source=d69e57de,
adzuna_5809265679,adzuna,Senior AI Security Engineer – Machine Learning & Infrastructure,Data Scientist,ITDS,"Wrocław, dolnośląskie",2026-07-21,,,30000.0,50000.0,False,remote,https://www.adzuna.pl/details/5809265679?utm_medium=api&utm_source=d69e57de,40000.0
adzuna_5906321563,adzuna,"MLOps Engineer (Machine Learning, MLFlow, Kubernetes, DVC)",ML Engineer,Capgemini Polska,"Gdańsk, Trójmiasto",2026-10-01,,,,,False,onsite/unspecified,https://www.adzuna.pl/details/5906321563?utm_medium=api&utm_source=d69e57de,
adzuna_5850473180,adzuna,Integration Engineer - Machine Learning - OneRail’s Technology Hub - Poland,Data Scientist,OneRail,"Kraków, małopolskie",2026-08-21,,,,,False,onsite/unspecified,https://www.adzuna.pl/details/5850473180?utm_medium=api&utm_source=d69e57de,
adzuna_5852678244,adzuna,Integration Engineer - Machine Learning - OneRail’s Technology Hub - Poland,Data Scientist,OneRail,"Kraków, małopolskie",2026-08-22,full_time,,20000.0,27000.0,False,onsite/unspecified,https://www.adzuna.pl/details/5852678244?utm_medium=api&utm_source=d69e57de,23500.0
adzuna_5885832010,adzuna,AI / LLM Engineer (K/M),ML Engineer,Soflab Technology Sp. z o.o.,"Warszawa, mazowieckie",2026-09-16,,,,,False,onsite/unspecified,https://www.adzuna.pl/details/5885832010?utm_medium=api&utm_source=d69e57de,
adzuna_5904132216,adzuna,MLOps Engineer,ML Engineer,Ness,"Warszawa, mazowieckie",2026-09-30,,,,,False,onsite/unspecified,https://www.adzuna.pl/details/5904132216?utm_medium=api&utm_source=d69e57de,
adzuna_5830372251,adzuna,Senior AI Engineer – Financial Services and MLOps,ML Engineer,ITDS,"Warszawa, mazowieckie",2026-08-06,,,18900.0,29400.0,False,hybrid,https://www.adzuna.pl/details/5830372251?utm_medium=api&utm_source=d69e57de,24150.0
adzuna_5903636485,adzuna,MLOps Engineer,ML Engineer,NESS SOLUTION sp. z o.o.,"Warszawa, mazowieckie",2026-09-30,,,,,False,onsite/unspecified,https://www.adzuna.pl/details/5903636485?utm_medium=api&utm_source=d69e57de,
adzuna_5855309807,adzuna,Senior MLOps Engineer Google Cloud,ML Engineer,Spyrosoft,"Warszawa, mazowieckie",2026-08-25,,,23520.0,28560.0,False,onsite/unspecified,https://www.adzuna.pl/details/5855309807?utm_medium=api&utm_source=d69e57de,26040.0
adzuna_5848522300,adzuna,Lead ML Engineer (m/k),ML Engineer,Teamup Recruitment,Polska,2026-08-19,,,,,False,onsite/unspecified,https://www.adzuna.pl/details/5848522300?utm_medium=api&utm_source=d69e57de,
adzuna_5636067372,adzuna,Lead ML Engineer,ML Engineer,"Intuition Machines, Inc.",Polska,2026-02-19,,,90000.0,,False,onsite/unspecified,https://www.adzuna.pl/details/5636067372?utm_medium=api&utm_source=d69e57de,90000.0
adzuna_5903050791,adzuna,AI/ML Engineer,ML Engineer,Mindbox Sp. z o.o.,"Kraków, małopolskie",2026-09-29,,,,,False,onsite/unspecified,https://www.adzuna.pl/details/5903050791?utm_medium=api&utm_source=d69e57de,
adzuna_5775456656,adzuna,Senior ML Engineer (LLM),ML Engineer,Kiefer,Polska,2026-06-25,full_time,,80000.0,,False,onsite/unspecified,https://www.adzuna.pl/details/5775456656?utm_medium=api&utm_source=d69e57de,80000.0
adzuna_5861998856,adzuna,Cloud Data & AI Architect / GenAI Architect,Data Scientist,IT SQUAD SPÓŁKA Z OGRANICZONĄ ODPOWIEDZIALNOŚCIĄ,"Warszawa, mazowieckie",2026-08-30,,,,,False,onsite/unspecified,https://www.adzuna.pl/details/5861998856?utm_medium=api&utm_source=d69e57de,
adzuna_5694913457,adzuna,AI/ML Developer,Data Scientist,Coherent Solutions,Polska,2026-04-09,,,,,False,onsite/unspecified,https://www.adzuna.pl/details/5694913457?utm_medium=api&utm_source=d69e57de,
adzuna_5890869244,adzuna,"Conversational AI SCE, Google Cloud",Data Scientist,Google,"Warszawa, mazowieckie",2026-09-19,full_time,,,,False,onsite/unspecified,https://www.adzuna.pl/details/5890869244?utm_medium=api&utm_source=d69e57de,
adzuna_5855309703,adzuna,Lead ML Architect Google Cloud,Data Scientist,Spyrosoft,"Warszawa, mazowieckie",2026-08-25,,,26880.0,31920.0,False,onsite/unspecified,https://www.adzuna.pl/details/5855309703?utm_medium=api&utm_source=d69e57de,29400.0
adzuna_5690217757,adzuna,Google Cloud AI Architect,Data Scientist,PricewaterhouseCoopers,Polska,2026-04-04,full_time,,,,False,onsite/unspecified,https://www.adzuna.pl/details/5690217757?utm_medium=api&utm_source=d69e57de,
adzuna_5692218771,adzuna,Google Cloud AI Architect,Data Scientist,PwC,"Warszawa, mazowieckie",2026-04-07,full_time,,,,False,onsite/unspecified,https://www.adzuna.pl/details/5692218771?utm_medium=api&utm_source=d69e57de,
adzuna_5832178720,adzuna,MLOps Engineer,ML Engineer,Cognism,"Warszawa, mazowieckie",2026-08-07,,,,,False,onsite/unspecified,https://www.adzuna.pl/details/5832178720?utm_medium=api&utm_source=d69e57de,
adzuna_5891415407,adzuna,"Conversational AI SCE, Google Cloud",Data Scientist,Google,"Wrocław, dolnośląskie",2026-09-20,,,,,False,onsite/unspecified,https://www.adzuna.pl/details/5891415407?utm_medium=api&utm_source=d69e57de,
adzuna_5891415415,adzuna,"Conversational AI SCE, Google Cloud",Data Scientist,Google,"Warszawa, mazowieckie",2026-09-20,,,,,False,onsite/unspecified,https://www.adzuna.pl/details/5891415415?utm_medium=api&utm_source=d69e57de,
adzuna_5421337378,adzuna,AI/LLM Expert,ML Engineer,ALGOMINE Group Sp. z o.o.,Polska,2025-09-30,,,,,False,onsite/unspecified,https://www.adzuna.pl/details/5421337378?utm_medium=api&utm_source=d69e57de,
adzuna_5801917975,adzuna,Senior AI/ML Engineer,ML Engineer,Aptiv,Polska,2026-07-16,full_time,,,,False,onsite/unspecified,https://www.adzuna.pl/details/5801917975?utm_medium=api&utm_source=d69e57de,
